NUM|CONSOLKEY|CRFTYPE|CRF_TXN_CODE|TID|PARENTBRCA|BRCA_CO|CCY|PSTA|DRCR|EXRATE|CURRMAR|ACCOFF|TRAT|PLCATE|PRODCA|SYSID|DESK|DLREF|OUREF|THREF|CSNM|COUNTERPARTY|VALD|PSTD|EXDATE|INPUTTER|AUTHORISER|RSMK|REMK|CURRNO|SYS_DATE|CATEGORY|SECTOR|TENOR|PRODCODE|
50110101|PL.50000.1131.3063..........CN0010606|||184810040244684.020001|0606|0606|USD|-3.400000|0|6.616600|1|9999|380|50000|1131|IC|||1060603000000355||1001150|||20180702||45_INPUTTER|45_INPUTTER|||1|20180702|50000|3063||1131|
50110101|PL.50000.1112.3203..........CN0010606|||184811060744674.060001|0606|0606|CNY|-0.090000|0||1|9999|380|50000|1112|IC|||1060602000003137||1001264|||20180702||48_INPUTTER|48_INPUTTER|||1|20180702|50000|3203||1112|
500105|PL.51500.21060.3063.ST.03002..00......CN0010611|51500|ACC|184430096371265.040001|0611|0611|CNY|277.780000|1||1|1|450|51500|21060|LD|00|LD1817170413|LD1817170413||1003314||20180701|20180702||43_INPUTTER|43_INPUTTER|||1|20180702|51500|3063|ST|21060|
50010202|PL.51001.21053.3049.MT.02102.UNSECU.00......CN0010608|51001|ACC|184432372871266.200001|0608|0608|CNY|134.790000|1||1|1|450|51001|21053|LD|00|LD1807280987|LD1807280987||1002955||20180701|20180702||39_INPUTTER|39_INPUTTER|||1|20180702|51001|3049|MT|21053|
500105|PL.51500.21060.3063.ST.03002..00......CN0010611|51500|ACC|184810387444526.010001|0611|0611|CNY|277.780000|1||1|1|450|51500|21060|LD|00|LD1817170413|LD1817170413||1003314||20180702|20180702||46_INPUTTER|46_INPUTTER|||1|20180702|51500|3063|ST|21060|
50010202|PL.51001.21053.3049.MT.02102.UNSECU.00......CN0010608|51001|ACC|184811975244528.030001|0608|0608|CNY|134.800000|1||1|1|450|51001|21053|LD|00|LD1807280987|LD1807280987||1002955||20180702|20180702||41_INPUTTER|41_INPUTTER|||1|20180702|51001|3049|MT|21053|
501104|PL.50000.6122.1002..........CN0010606|||184810387444666.000001|0606|0606|CNY|-5.340000|0||1|9999|380|50000|6122|IC|||1060606000001881||1000342|||20180702||46_INPUTTER|46_INPUTTER|||1|20180702|50000|1002||6122|
501102|PL.50000.6131.3049..........CN0010606|||184810387444671.060001|0606|0606|CNY|-71.930000|0||1|1|380|50000|6131|IC|||1060607000003287||1003771|||20180702||46_INPUTTER|46_INPUTTER|||1|20180702|50000|3049||6131|
501103|PL.50000.1101.1002..........CN0010606|||184811397744663.000001|0606|0606|CNY|-0.030000|0||1|9999|380|50000|1101|IC|||1060601000009918||1000190|||20180702||49_INPUTTER|49_INPUTTER|||1|20180702|50000|1002||1101|
59010202|PL.51001.21056.3112.MT.02402.SECU.00......CN0010606|51001|ACC|184430096371265.020001|0606|0606|CNY|313.860000|1||1|9999|450|51001|21056|LD|00|LD1630659627|LD1630659627||1001372||20180701|20180702||43_INPUTTER|43_INPUTTER|||1|20180702|51001|3112|MT|21056|
50010203|PL.51001.21056.3203.MT.02401.UNSECU.00......CN0010606|51001|ACC|184430433071265.120001|0606|0606|CNY|589.630000|1||1|1|450|51001|21056|LD|00|LD1636125480|LD1636125480||1002879||20180701|20180702||44_INPUTTER|44_INPUTTER|||1|20180702|51001|3203|MT|21056|
59010203|PL.51001.21056.3204.MT.02401.SECU.00......CN0010606|51001|ACC|184430433071266.050001|0606|0606|CNY|185.800000|1||1|1|450|51001|21056|LD|00|LD1708605001|LD1708605001||1002725||20180701|20180702||44_INPUTTER|44_INPUTTER|||1|20180702|51001|3204|MT|21056|
59010103|PL.51001.21052.3203.ST.02001.SECU.00......CN0010606|51001|ACC|184431704771266.240001|0606|0606|CNY|362.080000|1||1|9999|450|51001|21052|LD|00|LD1731277191|LD1731277191||1001191||20180701|20180702||37_INPUTTER|37_INPUTTER|||1|20180702|51001|3203|ST|21052|
59010202|PL.51001.21056.3112.MT.02402.SECU.00......CN0010606|51001|ACC|184810040244520.010001|0606|0606|CNY|313.870000|1||1|9999|450|51001|21056|LD|00|LD1630659627|LD1630659627||1001372||20180702|20180702||45_INPUTTER|45_INPUTTER|||1|20180702|51001|3112|MT|21056|
501104|PL.50000.6122.1002..........CN0010606|||184810387444665.040001|0606|0606|CNY|-21.330000|0||1|9999|380|50000|6122|IC|||1060606000001857||1000753|||20180702||46_INPUTTER|46_INPUTTER|||1|20180702|50000|1002||6122|
50010203|PL.51001.21056.3203.MT.02401.UNSECU.00......CN0010606|51001|ACC|184810724044525.010001|0606|0606|CNY|589.640000|1||1|1|450|51001|21056|LD|00|LD1636125480|LD1636125480||1002879||20180702|20180702||47_INPUTTER|47_INPUTTER|||1|20180702|51001|3203|MT|21056|
59010203|PL.51001.21056.3204.MT.02401.SECU.00......CN0010606|51001|ACC|184810724044526.000001|0606|0606|CNY|185.810000|1||1|1|450|51001|21056|LD|00|LD1708605001|LD1708605001||1002725||20180702|20180702||47_INPUTTER|47_INPUTTER|||1|20180702|51001|3204|MT|21056|
501102|PL.50000.6131.3109..........CN0010606|||184810724044669.080001|0606|0606|CNY|-1833.330000|0||1|1|380|50000|6131|IC|||1060607000003228||1002163|||20180702||47_INPUTTER|47_INPUTTER|||1|20180702|50000|3109||6131|
50110101|PL.50000.1112.3203..........CN0010606|||184811060744671.080001|0606|0606|CNY|-0.090000|0||1|1|380|50000|1112|IC|||1060602000005989||1003823|||20180702||48_INPUTTER|48_INPUTTER|||1|20180702|50000|3203||1112|
59010103|PL.51001.21052.3203.ST.02001.SECU.00......CN0010606|51001|ACC|184811975244524.040001|0606|0606|CNY|362.070000|1||1|9999|450|51001|21052|LD|00|LD1731277191|LD1731277191||1001191||20180702|20180702||41_INPUTTER|41_INPUTTER|||1|20180702|51001|3203|ST|21052|
500210|PL.51000.5150.7001..........CN0010608|||184812311944679.040001|0608|0608|USD|2718.490000|1|6.616600|1|1|390|51000|5150|IC|||1060800200000023||9999999|||20180702||42_INPUTTER|42_INPUTTER|||1|20180702|51000|7001||5150|
500105|PL.51500.21060.3063.ST.03002..00......CN0010611|51500|ACC|184432704671267.070001|0611|0611|CNY|3546.670000|1||1|1|450|51500|21060|LD|00|LD1813752939|LD1813752939||1004582||20180701|20180702||40_INPUTTER|40_INPUTTER|||1|20180702|51500|3063|ST|21060|
500105|PL.51500.21060.3063.ST.03002..00......CN0010611|51500|ACC|184810040244534.010001|0611|0611|CNY|3546.660000|1||1|1|450|51500|21060|LD|00|LD1813752939|LD1813752939||1004582||20180702|20180702||45_INPUTTER|45_INPUTTER|||1|20180702|51500|3063|ST|21060|
501203|PL.50000.1117.2153..........CN0010609|||184810040244664.030001|0606|0609|CNY|-961.280000|0||1|1|380|50000|1117|IC|||1060902000005017||1003054|||20180702||45_INPUTTER|45_INPUTTER|||1|20180702|50000|2153||1117|
501104|PL.50000.6121.1002..........CN0010606|||184810387444663.020001|0606|0606|CNY|-90.780000|0||1|9999|380|50000|6121|IC|||1060606000001121||1000301|||20180702||46_INPUTTER|46_INPUTTER|||1|20180702|50000|1002||6121|
501104|PL.50000.6122.1002..........CN0010606|||184810387444692.080001|0606|0606|CNY|-21.330000|0||1|9999|380|50000|6122|IC|||1060606000000117||1000413|||20180702||46_INPUTTER|46_INPUTTER|||1|20180702|50000|1002||6122|
50110101|PL.50000.1112.3203..........CN0010606|||184812980344678.050001|0606|0606|CNY|-0.500000|0||1|1|380|50000|1112|IC|||1060602000005137||1002161|||20180702||44_INPUTTER|44_INPUTTER|||1|20180702|50000|3203||1112|
501104|PL.50000.6122.1002..........CN0010606|||184810387444668.000001|0606|0606|CNY|-1.840000|0||1|9999|380|50000|6122|IC|||1060606000002268||1000342|||20180702||46_INPUTTER|46_INPUTTER|||1|20180702|50000|1002||6122|
501104|PL.50000.6122.1002..........CN0010606|||184810387444690.100001|0606|0606|CNY|-14.070000|0||1|9999|380|50000|6122|IC|||1060606000000052||1000413|||20180702||46_INPUTTER|46_INPUTTER|||1|20180702|50000|1002||6122|
59010202|PL.51001.21053.3201.MT.02102.SECU.00......CN0010606|51001|ACC|184432704671264.090001|0606|0606|CNY|591.620000|1||1|1|450|51001|21053|LD|00|LD1808672665|LD1808672665||1003644||20180701|20180702||40_INPUTTER|40_INPUTTER|||1|20180702|51001|3201|MT|21053|
50110101|PL.50000.1112.3107..........CN0010609|||184810040244663.050001|0606|0609|CNY|-1.660000|0||1|9999|380|50000|1112|IC|||1060902000002223||1001032|||20180702||45_INPUTTER|45_INPUTTER|||1|20180702|50000|3107||1112|
501102|PL.50000.6131.3049..........CN0010606|||184810387444670.100001|0606|0606|CNY|-41.600000|0||1|1|380|50000|6131|IC|||1060607000002768||1003771|||20180702||46_INPUTTER|46_INPUTTER|||1|20180702|50000|3049||6131|
501102|PL.50000.6131.3049..........CN0010606|||184810724044665.050001|0606|0606|CNY|-400.000000|0||1|1|380|50000|6131|IC|||1060607000001454||1002484|||20180702||47_INPUTTER|47_INPUTTER|||1|20180702|50000|3049||6131|
59010202|PL.51001.21053.3201.MT.02102.SECU.00......CN0010606|51001|ACC|184812980344524.030001|0606|0606|CNY|591.620000|1||1|1|450|51001|21053|LD|00|LD1808672665|LD1808672665||1003644||20180702|20180702||44_INPUTTER|44_INPUTTER|||1|20180702|51001|3201|MT|21053|
50010202|PL.51001.21053.3049.MT.02102.UNSECU.00......CN0010608|51001|ACC|184430433071267.030001|0608|0608|CNY|1310.600000|1||1|1|450|51001|21053|LD|00|LD1733517041|LD1733517041||1002955||20180701|20180702||44_INPUTTER|44_INPUTTER|||1|20180702|51001|3049|MT|21053|
50010202|PL.51001.21053.3049.MT.02102.UNSECU.00......CN0010608|51001|ACC|184811397744527.010001|0608|0608|CNY|1310.590000|1||1|1|450|51001|21053|LD|00|LD1733517041|LD1733517041||1002955||20180702|20180702||49_INPUTTER|49_INPUTTER|||1|20180702|51001|3049|MT|21053|
50010103|PL.51001.21052.3049.ST.02001.UNSECU.00......CN0010608|51001|ACC|184430096371267.020001|0608|0608|CNY|1200.600000|1||1|1|450|51001|21052|LD|00|LD1733425895|LD1733425895||1002955||20180701|20180702||43_INPUTTER|43_INPUTTER|||1|20180702|51001|3049|ST|21052|
50010103|PL.51001.21052.3049.ST.02001.UNSECU.00......CN0010608|51001|ACC|184810724044528.040001|0608|0608|CNY|1200.600000|1||1|1|450|51001|21052|LD|00|LD1733425895|LD1733425895||1002955||20180702|20180702||47_INPUTTER|47_INPUTTER|||1|20180702|51001|3049|ST|21052|
501103|PL.50000.1101.1002..........CN0010606|||184812311944662.000001|0606|0606|CNY|-0.200000|0||1|9999|380|50000|1101|IC|||1060601000008833||1000244|||20180702||42_INPUTTER|42_INPUTTER|||1|20180702|50000|1002||1101|
50110101|PL.50000.1112.3110..........CN0010606|||184812980344678.040001|0606|0606|CNY|-123.490000|0||1|1|380|50000|1112|IC|||1060602000004637||1002271|||20180702||44_INPUTTER|44_INPUTTER|||1|20180702|50000|3110||1112|
59010202|PL.51001.21054.3204.MT.02201.SECU.00......CN0010606|51001|ACC|184432704671267.120001|0606|0606|CNY|3720.830000|1||1|9999|450|51001|21054|LD|00|LD1428200042|LD1428200042||1001031||20180701|20180702||40_INPUTTER|40_INPUTTER|||1|20180702|51001|3204|MT|21054|
50110101|PL.50000.1112.3109..........CN0010606|||184811060744671.040001|0606|0606|CNY|-0.340000|0||1|1|380|50000|1112|IC|||1060602000005587||1003384|||20180702||48_INPUTTER|48_INPUTTER|||1|20180702|50000|3109||1112|
50110101|PL.50000.1112.3109..........CN0010606|||184811060744676.060001|0606|0606|CNY|-0.020000|0||1|1|380|50000|1112|IC|||1060602000005927||1003509|||20180702||48_INPUTTER|48_INPUTTER|||1|20180702|50000|3109||1112|
59010202|PL.51001.21054.3204.MT.02201.SECU.00......CN0010606|51001|ACC|184812311944531.010001|0606|0606|CNY|3720.840000|1||1|9999|450|51001|21054|LD|00|LD1428200042|LD1428200042||1001031||20180702|20180702||42_INPUTTER|42_INPUTTER|||1|20180702|51001|3204|MT|21054|
500105|PL.51500.21060.3107.ST.03002..00......CN0010611|51500|ACC|184433041371266.110001|0611|0611|CNY|148.500000|1||1|1|450|51500|21060|LD|00|LD1816376293|LD1816376293||1003089||20180701|20180702||42_INPUTTER|42_INPUTTER|||1|20180702|51500|3107|ST|21060|
500105|PL.51500.21060.3107.ST.03002..00......CN0010611|51500|ACC|184810040244523.050001|0611|0611|CNY|148.500000|1||1|1|450|51500|21060|LD|00|LD1816376293|LD1816376293||1003089||20180702|20180702||45_INPUTTER|45_INPUTTER|||1|20180702|51500|3107|ST|21060|
50110101|PL.50000.1112.3109..........CN0010613|||184810040244669.060001|0606|0613|CNY|-1.170000|0||1|1|380|50000|1112|IC|||1061302000006586||1004062|||20180702||45_INPUTTER|45_INPUTTER|||1|20180702|50000|3109||1112|
50110101|PL.50000.1112.3049..........CN0010606|||184812311944671.000001|0606|0606|CNY|-0.040000|0||1|1|380|50000|1112|IC|||1060602000006977||1004158|||20180702||42_INPUTTER|42_INPUTTER|||1|20180702|50000|3049||1112|
50010103|PL.51001.21052.3050.ST.02001.UNSECU.00......CN0010606|51001|ACC|184433041371265.000001|0606|0606|CNY|1559.680000|1||1|1|450|51001|21052|LD|00|LD1814946980|LD1814946980||1003917||20180701|20180702||42_INPUTTER|42_INPUTTER|||1|20180702|51001|3050|ST|21052|
50010103|PL.51001.21052.3050.ST.02001.UNSECU.00......CN0010606|51001|ACC|184810040244520.020001|0606|0606|CNY|1559.670000|1||1|1|450|51001|21052|LD|00|LD1814946980|LD1814946980||1003917||20180702|20180702||45_INPUTTER|45_INPUTTER|||1|20180702|51001|3050|ST|21052|
501104|PL.50000.6122.1002..........CN0010606|||184810040244696.000001|0606|0606|CNY|-21.330000|0||1|9999|380|50000|6122|IC|||1060606000000575||1000438|||20180702||45_INPUTTER|45_INPUTTER|||1|20180702|50000|1002||6122|
501104|PL.50000.6122.1002..........CN0010606|||184810387444664.000001|0606|0606|CNY|-5.330000|0||1|9999|380|50000|6122|IC|||1060606000001587||1000319|||20180702||46_INPUTTER|46_INPUTTER|||1|20180702|50000|1002||6122|
50010203|PL.51001.21056.3101.MT.02401.UNSECU.00......CN0010606|51001|ACC|184431367771266.060001|0606|0606|CNY|7268.940000|1||1|1|450|51001|21056|LD|00|LD1720773126|LD1720773126||1001994||20180701|20180702||35_INPUTTER|35_INPUTTER|||1|20180702|51001|3101|MT|21056|
501102|PL.50000.6131.3203..........CN0010606|||184810724044665.030001|0606|0606|CNY|-214.950000|0||1|9999|380|50000|6131|IC|||1060607000000687||1000317|||20180702||47_INPUTTER|47_INPUTTER|||1|20180702|50000|3203||6131|
50110101|PL.50000.1112.3203..........CN0010606|||184811060744670.070001|0606|0606|CNY|-7.310000|0||1|1|380|50000|1112|IC|||1060602000004688||1002705|||20180702||48_INPUTTER|48_INPUTTER|||1|20180702|50000|3203||1112|
50010203|PL.51001.21056.3101.MT.02401.UNSECU.00......CN0010606|51001|ACC|184811643444521.060001|0606|0606|CNY|7268.940000|1||1|1|450|51001|21056|LD|00|LD1720773126|LD1720773126||1001994||20180702|20180702||36_INPUTTER|36_INPUTTER|||1|20180702|51001|3101|MT|21056|
920306|PL.53000.20000.....31......CN0010688|||184810724044856.000001|0688|0688|USD|59863.230000|1|6.361300|1|1|303|53000|20000|RV|31||USDCNY1401631010688||0|||20180702||47_INPUTTER|47_INPUTTER|||1|20180702|53000|||20000|
920306|PL.53000.20000.....31......CN0010688|||184810724044860.000003|0688|0688|USD|-59863.230000|0|6.361300|1|1|303|53000|20000|RV|31||USDCNY1401631010688||0|||20180702||47_INPUTTER|47_INPUTTER|||1|20180702|53000|||20000|
50110101|PL.50000.1112.3063..........CN0010609|||184812311944677.040001|0606|0609|CNY|-18.820000|0||1|9999|380|50000|1112|IC|||1060902000001944||1001054|||20180702||42_INPUTTER|42_INPUTTER|||1|20180702|50000|3063||1112|
50110101|PL.50000.1112.3203..........CN0010609|||184810040244663.010001|0606|0609|CNY|-0.080000|0||1|9999|380|50000|1112|IC|||1060902000002096||1001163|||20180702||45_INPUTTER|45_INPUTTER|||1|20180702|50000|3203||1112|
50110101|PL.50000.1131.3203..........CN0010606|||184810040244670.020001|0606|0606|USD|-0.030000|0|6.616600|1|9999|380|50000|1131|IC|||1060603000000037||1001036|||20180702||45_INPUTTER|45_INPUTTER|||1|20180702|50000|3203||1131|
50110101|PL.50000.1112.3204..........CN0010606|||184811060744674.100001|0606|0606|CNY|-0.080000|0||1|9999|380|50000|1112|IC|||1060602000003463||1001031|||20180702||48_INPUTTER|48_INPUTTER|||1|20180702|50000|3204||1112|
50010103|PL.51001.21052.3049.ST.02001.UNSECU.00......CN0010606|51001|ACC|184432372871266.170001|0606|0606|CNY|460.180000|1||1|1|450|51001|21052|LD|00|LD1806880621|LD1806880621||1003771||20180701|20180702||39_INPUTTER|39_INPUTTER|||1|20180702|51001|3049|ST|21052|
50110101|PL.50000.1112.3107..........CN0010606|||184811060744679.040001|0606|0606|CNY|-0.160000|0||1|9999|380|50000|1112|IC|||1060602000000103||1001213|||20180702||48_INPUTTER|48_INPUTTER|||1|20180702|50000|3107||1112|
50010103|PL.51001.21052.3049.ST.02001.UNSECU.00......CN0010606|51001|ACC|184812311944528.040001|0606|0606|CNY|460.190000|1||1|1|450|51001|21052|LD|00|LD1806880621|LD1806880621||1003771||20180702|20180702||42_INPUTTER|42_INPUTTER|||1|20180702|51001|3049|ST|21052|
501104|PL.50000.6122.1002..........CN0010606|||184810387444665.060001|0606|0606|CNY|-5.340000|0||1|9999|380|50000|6122|IC|||1060606000001873||1000342|||20180702||46_INPUTTER|46_INPUTTER|||1|20180702|50000|1002||6122|
50010103|PL.51001.21052.3203.ST.02001.UNSECU.00......CN0010606|51001|ACC|184431704771266.230001|0606|0606|CNY|426.960000|1||1|9999|450|51001|21052|LD|00|LD1731207137|LD1731207137||1001210||20180701|20180702||37_INPUTTER|37_INPUTTER|||1|20180702|51001|3203|ST|21052|
500105|PL.51500.21060.3063.ST.03002..00......CN0010606|51500|ACC|184432372871265.180001|0606|0606|CNY|1361.110000|1||1|1|450|51500|21060|LD|00|LD1805518360|LD1805518360||1004372||20180701|20180702||39_INPUTTER|39_INPUTTER|||1|20180702|51500|3063|ST|21060|
50110501|PL.50000.6111.3203..........CN0010606|||184811643444678.090001|0606|0606|CNY|-450.000000|0||1|9999|380|50000|6111|IC|||1060605000002067||1001119|||20180702||36_INPUTTER|36_INPUTTER|||1|20180702|50000|3203||6111|
50010103|PL.51001.21052.3203.ST.02001.UNSECU.00......CN0010606|51001|ACC|184811975244524.030001|0606|0606|CNY|426.970000|1||1|9999|450|51001|21052|LD|00|LD1731207137|LD1731207137||1001210||20180702|20180702||41_INPUTTER|41_INPUTTER|||1|20180702|51001|3203|ST|21052|
500105|PL.51500.21060.3063.ST.03002..00......CN0010606|51500|ACC|184812648944530.040001|0606|0606|CNY|1361.110000|1||1|1|450|51500|21060|LD|00|LD1805518360|LD1805518360||1004372||20180702|20180702||43_INPUTTER|43_INPUTTER|||1|20180702|51500|3063|ST|21060|
501103|PL.50000.1101.1002..........CN0010606|||184812648944661.000001|0606|0606|CNY|-0.010000|0||1|9999|380|50000|1101|IC|||1060601000004099||1000438|||20180702||43_INPUTTER|43_INPUTTER|||1|20180702|50000|1002||1101|
50010202|PL.51001.21053.3109.MT.02104.UNSECU.00......CN0010606|51001|ACC|184431704771266.180001|0606|0606|CNY|408.860000|1||1|1|450|51001|21053|LD|00|LD1730303496|LD1730303496||1003509||20180701|20180702||37_INPUTTER|37_INPUTTER|||1|20180702|51001|3109|MT|21053|
50010103|PL.51001.21052.3204.ST.02001.UNSECU.00......CN0010606|51001|ACC|184432704671265.220001|0606|0606|CNY|1268.750000|1||1|1|450|51001|21052|LD|00|LD1810646120|LD1810646120||1002725||20180701|20180702||40_INPUTTER|40_INPUTTER|||1|20180702|51001|3204|ST|21052|
50110101|PL.50000.1149.3901..........CN0010606|||184811397744673.000001|0606|0606|USD|-0.130000|0|6.616600|1|9999|380|50000|1149|IC|||1060603600000081||1001407|||20180702||49_INPUTTER|49_INPUTTER|||1|20180702|50000|3901||1149|
50110101|PL.50000.1112.3109..........CN0010606|||184811397744680.000001|0606|0606|CNY|-29.410000|0||1|9999|380|50000|1112|IC|||1060602000000243||1001029|||20180702||49_INPUTTER|49_INPUTTER|||1|20180702|50000|3109||1112|
50110501|PL.50000.6111.3203..........CN0010606|||184811643444679.030001|0606|0606|CNY|-292.500000|0||1|1|380|50000|6111|IC|||1060605000002628||1003658|||20180702||36_INPUTTER|36_INPUTTER|||1|20180702|50000|3203||6111|
50010202|PL.51001.21053.3109.MT.02104.UNSECU.00......CN0010606|51001|ACC|184811975244523.080001|0606|0606|CNY|408.870000|1||1|1|450|51001|21053|LD|00|LD1730303496|LD1730303496||1003509||20180702|20180702||41_INPUTTER|41_INPUTTER|||1|20180702|51001|3109|MT|21053|
50010103|PL.51001.21052.3204.ST.02001.UNSECU.00......CN0010606|51001|ACC|184812980344536.010001|0606|0606|CNY|1268.750000|1||1|1|450|51001|21052|LD|00|LD1810646120|LD1810646120||1002725||20180702|20180702||44_INPUTTER|44_INPUTTER|||1|20180702|51001|3204|ST|21052|
500105|PL.51500.21060.3063.ST.03002..00......CN0010606|51500|ACC|184431031071266.030001|0606|0606|CNY|1361.110000|1||1|1|450|51500|21060|LD|00|LD1802902030|LD1802902030||1004372||20180701|20180702||34_INPUTTER|34_INPUTTER|||1|20180702|51500|3063|ST|21060|
500105|PL.51500.21060.3063.ST.03002..00......CN0010606|51500|ACC|184811397744527.020001|0606|0606|CNY|1361.110000|1||1|1|450|51500|21060|LD|00|LD1802902030|LD1802902030||1004372||20180702|20180702||49_INPUTTER|49_INPUTTER|||1|20180702|51500|3063|ST|21060|
500105|PL.51500.21060.3063.ST.03002..00......CN0010606|51500|ACC|184432704671266.210001|0606|0606|CNY|1442.220000|1||1|9999|450|51500|21060|LD|00|LD1812930098|LD1812930098||1001265||20180701|20180702||40_INPUTTER|40_INPUTTER|||1|20180702|51500|3063|ST|21060|
500105|PL.51500.21060.3063.ST.03002..00......CN0010606|51500|ACC|184812311944530.020001|0606|0606|CNY|1442.220000|1||1|9999|450|51500|21060|LD|00|LD1812930098|LD1812930098||1001265||20180702|20180702||42_INPUTTER|42_INPUTTER|||1|20180702|51500|3063|ST|21060|
501103|PL.50000.1101.1002..........CN0010607|||184811643444662.010001|0606|0607|CNY|-0.200000|0||1|9999|380|50000|1101|IC|||1060701000007092||1000158|||20180702||36_INPUTTER|36_INPUTTER|||1|20180702|50000|1002||1101|
50110101|PL.50000.1112.3107..........CN0010607|||184812311944672.070001|0606|0607|CNY|-0.030000|0||1|9999|380|50000|1112|IC|||1060702000001201||1001326|||20180702||42_INPUTTER|42_INPUTTER|||1|20180702|50000|3107||1112|
500105|PL.51500.21060.3063.ST.03002..00......CN0010606|51500|ACC|184432704671266.260001|0606|0606|CNY|1305.560000|1||1|1|450|51500|21060|LD|00|LD1813100279|LD1813100279||1004437||20180701|20180702||40_INPUTTER|40_INPUTTER|||1|20180702|51500|3063|ST|21060|
50110101|PL.50000.1112.3063..........CN0010609|||184810040244665.020001|0606|0609|CNY|-0.010000|0||1|1|380|50000|1112|IC|||1060902000006202||1003912|||20180702||45_INPUTTER|45_INPUTTER|||1|20180702|50000|3063||1112|
501104|PL.50000.6122.1002..........CN0010606|||184810387444695.050001|0606|0606|CNY|-80.000000|0||1|9999|380|50000|6122|IC|||1060606000000478||1000338|||20180702||46_INPUTTER|46_INPUTTER|||1|20180702|50000|1002||6122|
500105|PL.51500.21060.3063.ST.03002..00......CN0010606|51500|ACC|184811060744530.090001|0606|0606|CNY|1305.550000|1||1|1|450|51500|21060|LD|00|LD1813100279|LD1813100279||1004437||20180702|20180702||48_INPUTTER|48_INPUTTER|||1|20180702|51500|3063|ST|21060|
50120202|PL.50000.2001.7000..........CN0010606|||184810724044689.040001|0606|0606|CNY|-17.770000|0||1|1|380|50000|2001|IC|||1060609000000019||9000032|||20180702||47_INPUTTER|47_INPUTTER|||1|20180702|50000|7000||2001|
50120201|PL.50000.2100.7001..........CN0010606|||184810724044692.020001|0606|0606|USD|-2850.470000|0|6.616600|1|1|380|50000|2100|IC|||1060609100000091||9000086|||20180702||47_INPUTTER|47_INPUTTER|||1|20180702|50000|7001||2100|
501104|PL.50000.6122.1002..........CN0010606|||184810387444667.010001|0606|0606|CNY|-10.720000|0||1|9999|380|50000|6122|IC|||1060606000002098||1000348|||20180702||46_INPUTTER|46_INPUTTER|||1|20180702|50000|1002||6122|
50110101|PL.50000.1112.3063..........CN0010606|||184812980344679.040001|0606|0606|CNY|-0.020000|0||1|9999|380|50000|1112|IC|||1060602000000669||1001357|||20180702||44_INPUTTER|44_INPUTTER|||1|20180702|50000|3063||1112|
50010202|PL.51001.21053.3109.MT.02104.UNSECU.00......CN0010606|51001|ACC|184431704771266.150001|0606|0606|CNY|2426.370000|1||1|1|450|51001|21053|LD|00|LD1729908035|LD1729908035||1003509||20180701|20180702||37_INPUTTER|37_INPUTTER|||1|20180702|51001|3109|MT|21053|
50010103|PL.51001.21052.3049.ST.02001.UNSECU.00......CN0010608|51001|ACC|184432372871265.020001|0608|0608|CNY|473.570000|1||1|1|450|51001|21052|LD|00|LD1803220365|LD1803220365||1002955||20180701|20180702||39_INPUTTER|39_INPUTTER|||1|20180702|51001|3049|ST|21052|
59010101|PL.51001.21055.3063.ST.02304.SECU.00......CN0010606|51001|ACC|184432704671266.030001|0606|0606|JPY|175.000000|1|0.059914|1|9999|450|51001|21055|LD|00|LD1811750863|LD1811750863||1001280||20180701|20180702||40_INPUTTER|40_INPUTTER|||1|20180702|51001|3063|ST|21055|
59010103|PL.51001.21052.3203.ST.02001.SECU.00......CN0010606|51001|ACC|184433041371266.170001|0606|0606|CNY|107.300000|1||1|1|450|51001|21052|LD|00|LD1816570050|LD1816570050||1003905||20180701|20180702||42_INPUTTER|42_INPUTTER|||1|20180702|51001|3203|ST|21052|
59010103|PL.51001.21052.3203.ST.02001.SECU.00......CN0010606|51001|ACC|184810040244527.020001|0606|0606|CNY|107.300000|1||1|1|450|51001|21052|LD|00|LD1816570050|LD1816570050||1003905||20180702|20180702||45_INPUTTER|45_INPUTTER|||1|20180702|51001|3203|ST|21052|
59010101|PL.51001.21055.3063.ST.02304.SECU.00......CN0010606|51001|ACC|184811060744529.060001|0606|0606|JPY|175.000000|1|0.059914|1|9999|450|51001|21055|LD|00|LD1811750863|LD1811750863||1001280||20180702|20180702||48_INPUTTER|48_INPUTTER|||1|20180702|51001|3063|ST|21055|
50110101|PL.50000.1112.3000..........CN0010606|||184811397744669.000001|0606|0606|CNY|-124.890000|0||1|9999|380|50000|1112|IC|||1060602000002556||1000901|||20180702||49_INPUTTER|49_INPUTTER|||1|20180702|50000|3000||1112|
50010202|PL.51001.21053.3109.MT.02104.UNSECU.00......CN0010606|51001|ACC|184811975244523.050001|0606|0606|CNY|2426.370000|1||1|1|450|51001|21053|LD|00|LD1729908035|LD1729908035||1003509||20180702|20180702||41_INPUTTER|41_INPUTTER|||1|20180702|51001|3109|MT|21053|
50110101|PL.50000.1112.3203..........CN0010609|||184812311944677.030001|0606|0609|CNY|-0.040000|0||1|9999|380|50000|1112|IC|||1060902000001917||1000998|||20180702||42_INPUTTER|42_INPUTTER|||1|20180702|50000|3203||1112|
50010103|PL.51001.21052.3049.ST.02001.UNSECU.00......CN0010608|51001|ACC|184812648944525.020001|0608|0608|CNY|473.570000|1||1|1|450|51001|21052|LD|00|LD1803220365|LD1803220365||1002955||20180702|20180702||43_INPUTTER|43_INPUTTER|||1|20180702|51001|3049|ST|21052|
501102|PL.50000.6131.3107..........CN0010606|||184810387444669.070001|0606|0606|CNY|-311.630000|0||1|9999|380|50000|6131|IC|||1060607000003268||1001269|||20180702||46_INPUTTER|46_INPUTTER|||1|20180702|50000|3107||6131|
920306|PL.53000.20000.....01......CN0010688|||184810724044855.000001|0688|0688|GBP|16023.630000|1|9.679664|1|1|303|53000|20000|RV|01||GBPCNY1401601010688||0|||20180702||47_INPUTTER|47_INPUTTER|||1|20180702|53000|||20000|
920306|PL.53000.20000.....01......CN0010688|||184810724044858.010001|0688|0688|GBP|-16023.630000|0|9.679664|1|1|303|53000|20000|RV|01||GBPCNY1401601010688||0|||20180702||47_INPUTTER|47_INPUTTER|||1|20180702|53000|||20000|
501103|PL.50000.1101.1002..........CN0010607|||184812311944668.000001|0606|0607|USD|-0.010000|0|6.616600|1|9999|380|50000|1101|IC|||1060701000002748||1000536|||20180702||42_INPUTTER|42_INPUTTER|||1|20180702|50000|1002||1101|
59010202|PL.51001.21056.3107.MT.02402.SECU.00......CN0010606|51001|ACC|184430769771267.120001|0606|0606|CNY|3979.580000|1||1|9999|450|51001|21056|LD|00|LD1428200162|LD1428200162||1000930||20180701|20180702||45_INPUTTER|45_INPUTTER|||1|20180702|51001|3107|MT|21056|
59010202|PL.51001.21056.3107.MT.02402.SECU.00......CN0010606|51001|ACC|184810724044530.030001|0606|0606|CNY|3979.570000|1||1|9999|450|51001|21056|LD|00|LD1428200162|LD1428200162||1000930||20180702|20180702||47_INPUTTER|47_INPUTTER|||1|20180702|51001|3107|MT|21056|
500203|PL.51001.21073.2154.ST.04001.UNSECU.00......CN0010606|51001|ACC|184430433071266.150001|0606|0606|CNY|12687.500000|1||1|1|450|51001|21073|LD|00|LD1719207982|LD1719207982||1003463||20180701|20180702||44_INPUTTER|44_INPUTTER|||1|20180702|51001|2154|ST|21073|
501102|PL.50000.6131.3049..........CN0010606|||184810724044667.060001|0606|0606|CNY|-2333.340000|0||1|9999|380|50000|6131|IC|||1060607000003066||1001364|||20180702||47_INPUTTER|47_INPUTTER|||1|20180702|50000|3049||6131|
501103|PL.50000.1102.1002..........CN0010606|||184811060744660.000001|0606|0606|CNY|-0.020000|0||1|9999|380|50000|1102|IC|||1060601000005052||1000499|||20180702||48_INPUTTER|48_INPUTTER|||1|20180702|50000|1002||1102|
500203|PL.51001.21073.2154.ST.04001.UNSECU.00......CN0010606|51001|ACC|184811397744526.030001|0606|0606|CNY|12687.500000|1||1|1|450|51001|21073|LD|00|LD1719207982|LD1719207982||1003463||20180702|20180702||49_INPUTTER|49_INPUTTER|||1|20180702|51001|2154|ST|21073|
50010202|PL.51001.21053.3109.MT.02104.UNSECU.00......CN0010606|51001|ACC|184431704771266.210001|0606|0606|CNY|462.440000|1||1|1|450|51001|21053|LD|00|LD1731020489|LD1731020489||1003509||20180701|20180702||37_INPUTTER|37_INPUTTER|||1|20180702|51001|3109|MT|21053|
59010103|PL.51001.21052.3203.ST.02001.SECU.00......CN0010606|51001|ACC|184432372871266.080001|0606|0606|CNY|267.320000|1||1|9999|450|51001|21052|LD|00|LD1806621576|LD1806621576||1001334||20180701|20180702||39_INPUTTER|39_INPUTTER|||1|20180702|51001|3203|ST|21052|
50110501|PL.50000.6111.3203..........CN0010606|||184811643444679.010001|0606|0606|CNY|-97.500000|0||1|1|380|50000|6111|IC|||1060605000002358||1003658|||20180702||36_INPUTTER|36_INPUTTER|||1|20180702|50000|3203||6111|
50010202|PL.51001.21053.3109.MT.02104.UNSECU.00......CN0010606|51001|ACC|184811975244524.010001|0606|0606|CNY|462.440000|1||1|1|450|51001|21053|LD|00|LD1731020489|LD1731020489||1003509||20180702|20180702||41_INPUTTER|41_INPUTTER|||1|20180702|51001|3109|MT|21053|
59010103|PL.51001.21052.3203.ST.02001.SECU.00......CN0010606|51001|ACC|184812311944527.060001|0606|0606|CNY|267.320000|1||1|9999|450|51001|21052|LD|00|LD1806621576|LD1806621576||1001334||20180702|20180702||42_INPUTTER|42_INPUTTER|||1|20180702|51001|3203|ST|21052|
501103|PL.50000.1101.1002..........CN0010609|||184811975244662.020001|0606|0609|CNY|-0.010000|0||1|9999|380|50000|1101|IC|||1060901000006737||1000790|||20180702||41_INPUTTER|41_INPUTTER|||1|20180702|50000|1002||1101|
50010103|PL.51001.21052.3201.ST.02001.UNSECU.00......CN0010606|51001|ACC|184430433071266.180001|0606|0606|CNY|664.580000|1||1|9999|450|51001|21052|LD|00|LD1724016941|LD1724016941||1000972||20180701|20180702||44_INPUTTER|44_INPUTTER|||1|20180702|51001|3201|ST|21052|
501102|PL.50000.6131.3109..........CN0010606|||184810387444670.050001|0606|0606|CNY|-1747.010000|0||1|9999|380|50000|6131|IC|||1060607000002442||1001420|||20180702||46_INPUTTER|46_INPUTTER|||1|20180702|50000|3109||6131|
50010103|PL.51001.21052.3201.ST.02001.UNSECU.00......CN0010606|51001|ACC|184811643444523.060001|0606|0606|CNY|664.590000|1||1|9999|450|51001|21052|LD|00|LD1724016941|LD1724016941||1000972||20180702|20180702||36_INPUTTER|36_INPUTTER|||1|20180702|51001|3201|ST|21052|
501103|PL.50000.1101.1002..........CN0010606|||184812311944662.020001|0606|0606|CNY|-14.200000|0||1|9999|380|50000|1101|IC|||1060601000008876||1000369|||20180702||42_INPUTTER|42_INPUTTER|||1|20180702|50000|1002||1101|
50110101|PL.50000.1131.3203..........CN0010606|||184812648944679.010001|0606|0606|USD|-0.120000|0|6.616600|1|9999|380|50000|1131|IC|||1060603000002196||1000025|||20180702||43_INPUTTER|43_INPUTTER|||1|20180702|50000|3203||1131|
59010202|PL.51001.21053.3063.MT.02199.SECU.00......CN0010608|51001|ACC|184430096371267.050001|0608|0608|CNY|589.710000|1||1|9999|450|51001|21053|LD|00|LD1428200067|LD1428200067||1000969||20180701|20180702||43_INPUTTER|43_INPUTTER|||1|20180702|51001|3063|MT|21053|
59010103|PL.51001.21052.3203.ST.02001.SECU.00......CN0010606|51001|ACC|184431704771267.030001|0606|0606|CNY|86.590000|1||1|9999|450|51001|21052|LD|00|LD1732537821|LD1732537821||1001334||20180701|20180702||37_INPUTTER|37_INPUTTER|||1|20180702|51001|3203|ST|21052|
59010202|PL.51001.21053.3063.MT.02199.SECU.00......CN0010608|51001|ACC|184810724044529.050001|0608|0608|CNY|589.710000|1||1|9999|450|51001|21053|LD|00|LD1428200067|LD1428200067||1000969||20180702|20180702||47_INPUTTER|47_INPUTTER|||1|20180702|51001|3063|MT|21053|
50110101|PL.50000.1112.3203..........CN0010606|||184811060744674.090001|0606|0606|CNY|-0.760000|0||1|9999|380|50000|1112|IC|||1060602000002858||1001251|||20180702||48_INPUTTER|48_INPUTTER|||1|20180702|50000|3203||1112|
50110501|PL.50000.6111.3104..........CN0010607|||184811643444679.050001|0606|0607|CNY|-180.000000|0||1|9999|380|50000|6111|IC|||1060705000000988||1001158|||20180702||36_INPUTTER|36_INPUTTER|||1|20180702|50000|3104||6111|
59010103|PL.51001.21052.3203.ST.02001.SECU.00......CN0010606|51001|ACC|184811975244525.040001|0606|0606|CNY|86.580000|1||1|9999|450|51001|21052|LD|00|LD1732537821|LD1732537821||1001334||20180702|20180702||41_INPUTTER|41_INPUTTER|||1|20180702|51001|3203|ST|21052|
50110101|PL.50000.1112.3107..........CN0010608|||184812311944675.100001|0608|0608|CNY|-6.830000|0||1|9999|380|50000|1112|IC|||1060802000003829||1001940|||20180702||42_INPUTTER|42_INPUTTER|||1|20180702|50000|3107||1112|
50110101|PL.50000.1112.3063..........CN0010609|||184810040244665.000001|0606|0609|CNY|-2.920000|0||1|1|380|50000|1112|IC|||1060902000005885||1003758|||20180702||45_INPUTTER|45_INPUTTER|||1|20180702|50000|3063||1112|
501103|PL.50000.1101.1002..........CN0010606|||184811643444660.010001|0606|0606|CNY|-0.010000|0||1|9999|380|50000|1101|IC|||1060601000003939||1000265|||20180702||36_INPUTTER|36_INPUTTER|||1|20180702|50000|1002||1101|
50110101|PL.50000.1112.3203..........CN0010607|||184812311944673.000001|0606|0607|CNY|-5.790000|0||1|9999|380|50000|1112|IC|||1060702000001357||1001315|||20180702||42_INPUTTER|42_INPUTTER|||1|20180702|50000|3203||1112|
501104|PL.50000.6122.1002..........CN0010606|||184810724044696.010001|0606|0606|CNY|-21.340000|0||1|9999|380|50000|6122|IC|||1060606000000559||1000438|||20180702||47_INPUTTER|47_INPUTTER|||1|20180702|50000|1002||6122|
50110101|PL.50000.1112.3201..........CN0010609|||184812311944677.060001|0606|0609|CNY|-0.020000|0||1|9999|380|50000|1112|IC|||1060902000002053||1000994|||20180702||42_INPUTTER|42_INPUTTER|||1|20180702|50000|3201||1112|
50010101|PL.51001.21055.3109.ST.02304.UNSECU.00......CN0010606|51001|ACC|184432704671265.200001|0606|0606|USD|169.470000|1|6.616600|1|9999|450|51001|21055|LD|00|LD1810392600|LD1810392600||1001169||20180701|20180702||40_INPUTTER|40_INPUTTER|||1|20180702|51001|3109|ST|21055|
50110101|PL.50000.1131.3203..........CN0010608|||184811643444671.010001|0608|0608|USD|-2.600000|0|6.616600|1|9999|380|50000|1131|IC|||1060803000001474||1001356|||20180702||36_INPUTTER|36_INPUTTER|||1|20180702|50000|3203||1131|
50010101|PL.51001.21055.3109.ST.02304.UNSECU.00......CN0010606|51001|ACC|184812980344535.000001|0606|0606|USD|169.480000|1|6.616600|1|9999|450|51001|21055|LD|00|LD1810392600|LD1810392600||1001169||20180702|20180702||44_INPUTTER|44_INPUTTER|||1|20180702|51001|3109|ST|21055|
50010203|PL.51001.21056.3204.MT.02401.UNSECU.00......CN0010606|51001|ACC|184430769771267.020001|0606|0606|CNY|82.580000|1||1|1|450|51001|21056|LD|00|LD1731955957|LD1731955957||1002725||20180701|20180702||45_INPUTTER|45_INPUTTER|||1|20180702|51001|3204|MT|21056|
50110101|PL.50000.1149.3901..........CN0010606|||184811397744676.000001|0606|0606|USD|-1.140000|0|6.616600|1|1|380|50000|1149|IC|||1060603600000208||1003476|||20180702||49_INPUTTER|49_INPUTTER|||1|20180702|50000|3901||1149|
50010203|PL.51001.21056.3204.MT.02401.UNSECU.00......CN0010606|51001|ACC|184811975244524.110001|0606|0606|CNY|82.580000|1||1|1|450|51001|21056|LD|00|LD1731955957|LD1731955957||1002725||20180702|20180702||41_INPUTTER|41_INPUTTER|||1|20180702|51001|3204|MT|21056|
50010101|PL.51001.21055.3203.ST.02315.UNSECU.00......CN0010608|51001|ACC|184433041371265.020001|0608|0608|USD|20.080000|1|6.616600|1|1|450|51001|21055|LD|00|LD1815071047|LD1815071047||1004486||20180701|20180702||42_INPUTTER|42_INPUTTER|||1|20180702|51001|3203|ST|21055|
500105|PL.51500.21060.3107.ST.03002..00......CN0010611|51500|ACC|184433041371266.070001|0611|0611|CNY|211.490000|1||1|1|450|51500|21060|LD|00|LD1816342760|LD1816342760||1003089||20180701|20180702||42_INPUTTER|42_INPUTTER|||1|20180702|51500|3107|ST|21060|
50010101|PL.51001.21055.3203.ST.02315.UNSECU.00......CN0010608|51001|ACC|184810040244520.040001|0608|0608|USD|20.080000|1|6.616600|1|1|450|51001|21055|LD|00|LD1815071047|LD1815071047||1004486||20180702|20180702||45_INPUTTER|45_INPUTTER|||1|20180702|51001|3203|ST|21055|
500105|PL.51500.21060.3107.ST.03002..00......CN0010611|51500|ACC|184810040244523.010001|0611|0611|CNY|211.500000|1||1|1|450|51500|21060|LD|00|LD1816342760|LD1816342760||1003089||20180702|20180702||45_INPUTTER|45_INPUTTER|||1|20180702|51500|3107|ST|21060|
50110101|PL.50000.1112.3062..........CN0010613|||184810040244669.040001|0606|0613|CNY|-87.790000|0||1|1|380|50000|1112|IC|||1061302000006257||1003951|||20180702||45_INPUTTER|45_INPUTTER|||1|20180702|50000|3062||1112|
501103|PL.50000.1101.1002..........CN0010606|||184810387444660.000001|0606|0606|CNY|-55.970000|0||1|9999|380|50000|1101|IC|||1060601000004641||1000175|||20180702||46_INPUTTER|46_INPUTTER|||1|20180702|50000|1002||1101|
50110101|PL.50000.1112.3103..........CN0010606|||184812980344679.000001|0606|0606|CNY|-0.130000|0||1|9999|380|50000|1112|IC|||1060602000000871||1001406|||20180702||44_INPUTTER|44_INPUTTER|||1|20180702|50000|3103||1112|
50110501|PL.50000.6111.3107..........CN0010606|||184811643444678.080001|0606|0606|CNY|-360.000000|0||1|9999|380|50000|6111|IC|||1060605000001761||1001032|||20180702||36_INPUTTER|36_INPUTTER|||1|20180702|50000|3107||6111|
50010103|PL.51001.21052.3203.ST.02001.UNSECU.00......CN0010606|51001|ACC|184433041371266.160001|0606|0606|CNY|435.000000|1||1|1|450|51001|21052|LD|00|LD1816568604|LD1816568604||1003364||20180701|20180702||42_INPUTTER|42_INPUTTER|||1|20180702|51001|3203|ST|21052|
50010103|PL.51001.21052.3203.ST.02001.UNSECU.00......CN0010606|51001|ACC|184810040244527.010001|0606|0606|CNY|435.000000|1||1|1|450|51001|21052|LD|00|LD1816568604|LD1816568604||1003364||20180702|20180702||45_INPUTTER|45_INPUTTER|||1|20180702|51001|3203|ST|21052|
501103|PL.50000.1102.1002..........CN0010606|||184810724044662.020001|0606|0606|CNY|-0.010000|0||1|9999|380|50000|1102|IC|||1060601000006016||1000327|||20180702||47_INPUTTER|47_INPUTTER|||1|20180702|50000|1002||1102|
501103|PL.50000.1101.1002..........CN0010606|||184812980344659.000001|0606|0606|CNY|-0.280000|0||1|9999|380|50000|1101|IC|||1060601000004118||1000181|||20180702||44_INPUTTER|44_INPUTTER|||1|20180702|50000|1002||1101|
50010103|PL.51001.21052.3061.ST.02001.UNSECU.00......CN0010606|51001|ACC|184432704671266.080001|0606|0606|CNY|288.150000|1||1|1|450|51001|21052|LD|00|LD1811780308|LD1811780308||1002175||20180701|20180702||40_INPUTTER|40_INPUTTER|||1|20180702|51001|3061|ST|21052|
59010103|PL.51001.21052.3050.ST.02001.SECU.00......CN0010606|51001|ACC|184433041371265.040001|0606|0606|CNY|1334.000000|1||1|9999|450|51001|21052|LD|00|LD1815127956|LD1815127956||1001118||20180701|20180702||42_INPUTTER|42_INPUTTER|||1|20180702|51001|3050|ST|21052|
59010103|PL.51001.21052.3050.ST.02001.SECU.00......CN0010606|51001|ACC|184810040244521.010001|0606|0606|CNY|1334.000000|1||1|9999|450|51001|21052|LD|00|LD1815127956|LD1815127956||1001118||20180702|20180702||45_INPUTTER|45_INPUTTER|||1|20180702|51001|3050|ST|21052|
501104|PL.50000.6122.1002..........CN0010606|||184810387444662.040001|0606|0606|CNY|-18.670000|0||1|9999|380|50000|6122|IC|||1060606000000753||1000445|||20180702||46_INPUTTER|46_INPUTTER|||1|20180702|50000|1002||6122|
50010103|PL.51001.21052.3061.ST.02001.UNSECU.00......CN0010606|51001|ACC|184811060744530.030001|0606|0606|CNY|288.150000|1||1|1|450|51001|21052|LD|00|LD1811780308|LD1811780308||1002175||20180702|20180702||48_INPUTTER|48_INPUTTER|||1|20180702|51001|3061|ST|21052|
500210|PL.51000.5150.7001..........CN0010611|||184811397744679.040001|0611|0611|USD|2850.470000|1|6.616600|1|1|390|51000|5150|IC|||1061100200000556||9999999|||20180702||49_INPUTTER|49_INPUTTER|||1|20180702|51000|7001||5150|
501103|PL.50000.1101.1002..........CN0010606|||184812311944663.020001|0606|0606|CNY|-0.010000|0||1|9999|380|50000|1101|IC|||1060601000009996||1001067|||20180702||42_INPUTTER|42_INPUTTER|||1|20180702|50000|1002||1101|
50110101|PL.50000.1112.3108..........CN0010606|||184812311944678.060001|0606|0606|CNY|-8.170000|0||1|1|380|50000|1112|IC|||1060602000003692||1002187|||20180702||42_INPUTTER|42_INPUTTER|||1|20180702|50000|3108||1112|
501103|PL.50000.1101.1002..........CN0010606|||184812980344672.000001|0606|0606|USD|-0.010000|0|6.616600|1|9999|380|50000|1101|IC|||1060601000010827||1000148|||20180702||44_INPUTTER|44_INPUTTER|||1|20180702|50000|1002||1101|
59010103|PL.51001.21052.3204.ST.02001.SECU.00......CN0010606|51001|ACC|184431704771267.040001|0606|0606|CNY|47.290000|1||1|9999|450|51001|21052|LD|00|LD1732563082|LD1732563082||1000026||20180701|20180702||37_INPUTTER|37_INPUTTER|||1|20180702|51001|3204|ST|21052|
59010103|PL.51001.21052.3204.ST.02001.SECU.00......CN0010606|51001|ACC|184811975244525.050001|0606|0606|CNY|47.290000|1||1|9999|450|51001|21052|LD|00|LD1732563082|LD1732563082||1000026||20180702|20180702||41_INPUTTER|41_INPUTTER|||1|20180702|51001|3204|ST|21052|
59010202|PL.51001.21053.3107.MT.02199.SECU.00......CN0010608|51001|ACC|184432372871267.080001|0608|0608|CNY|870.830000|1||1|9999|450|51001|21053|LD|00|LD1618656015|LD1618656015||1001940||20180701|20180702||39_INPUTTER|39_INPUTTER|||1|20180702|51001|3107|MT|21053|
501102|PL.50000.6131.3203..........CN0010606|||184810387444671.030001|0606|0606|CNY|-138.670000|0||1|9999|380|50000|6131|IC|||1060607000003031||1001182|||20180702||46_INPUTTER|46_INPUTTER|||1|20180702|50000|3203||6131|
50110501|PL.50000.6111.3203..........CN0010611|||184810387444673.090001|0611|0611|CNY|-696.320000|0||1|1|380|50000|6111|IC|||1061105000002653||1004402|||20180702||46_INPUTTER|46_INPUTTER|||1|20180702|50000|3203||6111|
50110101|PL.50000.1131.3201..........CN0010609|||184811397744669.060001|0606|0609|USD|-0.150000|0|6.616600|1|1|380|50000|1131|IC|||1060903000006012||1004420|||20180702||49_INPUTTER|49_INPUTTER|||1|20180702|50000|3201||1131|
59010202|PL.51001.21053.3107.MT.02199.SECU.00......CN0010608|51001|ACC|184812311944530.050001|0608|0608|CNY|870.840000|1||1|9999|450|51001|21053|LD|00|LD1618656015|LD1618656015||1001940||20180702|20180702||42_INPUTTER|42_INPUTTER|||1|20180702|51001|3107|MT|21053|
59010202|PL.51001.21054.3204.MT.02201.SECU.00......CN0010606|51001|ACC|184430433071266.020001|0606|0606|CNY|177.190000|1||1|9999|450|51001|21054|LD|00|LD1707945320|LD1707945320||1001031||20180701|20180702||44_INPUTTER|44_INPUTTER|||1|20180702|51001|3204|MT|21054|
50110101|PL.50000.1112.3203..........CN0010611|||184810040244668.050001|0611|0611|CNY|-0.010000|0||1|1|380|50000|1112|IC|||1061102000007559||1004358|||20180702||45_INPUTTER|45_INPUTTER|||1|20180702|50000|3203||1112|
501104|PL.50000.6122.1002..........CN0010606|||184810387444664.050001|0606|0606|CNY|-21.330000|0||1|9999|380|50000|6122|IC|||1060606000001757||1000315|||20180702||46_INPUTTER|46_INPUTTER|||1|20180702|50000|1002||6122|
59010202|PL.51001.21054.3204.MT.02201.SECU.00......CN0010606|51001|ACC|184810724044525.040001|0606|0606|CNY|177.190000|1||1|9999|450|51001|21054|LD|00|LD1707945320|LD1707945320||1001031||20180702|20180702||47_INPUTTER|47_INPUTTER|||1|20180702|51001|3204|MT|21054|
500105|PL.51500.21060.3063.ST.03002..00......CN0010606|51500|ACC|184431031071267.040001|0606|0606|CNY|4166.670000|1||1|9999|450|51500|21060|LD|00|LD1807422866|LD1807422866||1001265||20180701|20180702||34_INPUTTER|34_INPUTTER|||1|20180702|51500|3063|ST|21060|
501104|PL.50000.6122.1002..........CN0010606|||184810387444694.010001|0606|0606|CNY|-21.330000|0||1|9999|380|50000|6122|IC|||1060606000000273||1000315|||20180702||46_INPUTTER|46_INPUTTER|||1|20180702|50000|1002||6122|
500105|PL.51500.21060.3063.ST.03002..00......CN0010606|51500|ACC|184811060744528.050001|0606|0606|CNY|4166.660000|1||1|9999|450|51500|21060|LD|00|LD1807422866|LD1807422866||1001265||20180702|20180702||48_INPUTTER|48_INPUTTER|||1|20180702|51500|3063|ST|21060|
50110101|PL.50000.1112.3049..........CN0010606|||184811060744674.070001|0606|0606|CNY|-1.820000|0||1|9999|380|50000|1112|IC|||1060602000003161||1000114|||20180702||48_INPUTTER|48_INPUTTER|||1|20180702|50000|3049||1112|
50110101|PL.50000.1115.3063..........CN0010606|||184812311944672.050001|0606|0606|CNY|-190.710000|0||1|1|380|50000|1115|IC|||1060602000008187||1004307|||20180702||42_INPUTTER|42_INPUTTER|||1|20180702|50000|3063||1115|
50010103|PL.51001.21052.3203.ST.02001.UNSECU.00......CN0010606|51001|ACC|184432372871265.160001|0606|0606|CNY|1016.510000|1||1|9999|450|51001|21052|LD|00|LD1805442316|LD1805442316||1001182||20180701|20180702||39_INPUTTER|39_INPUTTER|||1|20180702|51001|3203|ST|21052|
50110101|PL.50000.1112.3049..........CN0010606|||184811060744671.070001|0606|0606|CNY|-15.870000|0||1|1|380|50000|1112|IC|||1060602000005865||1003736|||20180702||48_INPUTTER|48_INPUTTER|||1|20180702|50000|3049||1112|
50110101|PL.50000.1112.3109..........CN0010608|||184812311944675.060001|0608|0608|CNY|-0.010000|0||1|9999|380|50000|1112|IC|||1060802000001753||1001385|||20180702||42_INPUTTER|42_INPUTTER|||1|20180702|50000|3109||1112|
50010103|PL.51001.21052.3203.ST.02001.UNSECU.00......CN0010606|51001|ACC|184812648944530.020001|0606|0606|CNY|1016.510000|1||1|9999|450|51001|21052|LD|00|LD1805442316|LD1805442316||1001182||20180702|20180702||43_INPUTTER|43_INPUTTER|||1|20180702|51001|3203|ST|21052|
50010203|PL.51001.21056.3203.MT.02401.UNSECU.00......CN0010606|51001|ACC|184430433071266.040001|0606|0606|CNY|491.360000|1||1|1|450|51001|21056|LD|00|LD1708120889|LD1708120889||1002879||20180701|20180702||44_INPUTTER|44_INPUTTER|||1|20180702|51001|3203|MT|21056|
50010103|PL.51001.21052.3203.ST.02001.UNSECU.00......CN0010606|51001|ACC|184431367771266.050001|0606|0606|CNY|962.020000|1||1|9999|450|51001|21052|LD|00|LD1720121076|LD1720121076||1001210||20180701|20180702||35_INPUTTER|35_INPUTTER|||1|20180702|51001|3203|ST|21052|
50010203|PL.51001.21056.3203.MT.02401.UNSECU.00......CN0010606|51001|ACC|184810724044525.060001|0606|0606|CNY|491.360000|1||1|1|450|51001|21056|LD|00|LD1708120889|LD1708120889||1002879||20180702|20180702||47_INPUTTER|47_INPUTTER|||1|20180702|51001|3203|MT|21056|
50010103|PL.51001.21052.3203.ST.02001.UNSECU.00......CN0010606|51001|ACC|184811643444521.050001|0606|0606|CNY|962.020000|1||1|9999|450|51001|21052|LD|00|LD1720121076|LD1720121076||1001210||20180702|20180702||36_INPUTTER|36_INPUTTER|||1|20180702|51001|3203|ST|21052|
50010202|PL.51001.21053.3064.MT.02102.UNSECU.00......CN0010606|51001|ACC|184432372871267.090001|0606|0606|CNY|1266.380000|1||1|9999|450|51001|21053|LD|00|LD1428200025|LD1428200025||1000949||20180701|20180702||39_INPUTTER|39_INPUTTER|||1|20180702|51001|3064|MT|21053|
500105|PL.51500.21060.3063.ST.03002..00......CN0010611|51500|ACC|184433041371266.290001|0611|0611|CNY|522.390000|1||1|1|450|51500|21060|LD|00|LD1817137852|LD1817137852||1003314||20180701|20180702||42_INPUTTER|42_INPUTTER|||1|20180702|51500|3063|ST|21060|
501104|PL.50000.6122.1002..........CN0010606|||184810387444687.020001|0606|0606|CNY|-1.890000|0||1|9999|380|50000|6122|IC|||1060606000000184||1000409|||20180702||46_INPUTTER|46_INPUTTER|||1|20180702|50000|1002||6122|
50010202|PL.51001.21053.3064.MT.02102.UNSECU.00......CN0010606|51001|ACC|184811060744531.060001|0606|0606|CNY|1266.380000|1||1|9999|450|51001|21053|LD|00|LD1428200025|LD1428200025||1000949||20180702|20180702||48_INPUTTER|48_INPUTTER|||1|20180702|51001|3064|MT|21053|
500105|PL.51500.21060.3063.ST.03002..00......CN0010611|51500|ACC|184811643444539.000001|0611|0611|CNY|522.380000|1||1|1|450|51500|21060|LD|00|LD1817137852|LD1817137852||1003314||20180702|20180702||36_INPUTTER|36_INPUTTER|||1|20180702|51500|3063|ST|21060|
501103|PL.50000.1101.1002..........CN0010606|||184811643444660.000001|0606|0606|CNY|-1.410000|0||1|9999|380|50000|1101|IC|||1060601000003882||1000240|||20180702||36_INPUTTER|36_INPUTTER|||1|20180702|50000|1002||1101|
50020202|PL.51001.21076.2107....00......CN0010608|51001|ACC|184430096371278.060001|0608|0608|CNY|13500.000000|1||1|1|450|51001|21076|MMI|00|MM1813600002;2|MM1813600002||9000034|||20180702||43_INPUTTER|43_INPUTTER|||1|20180702|51001|2107||21076|
501104|PL.50000.6122.1002..........CN0010606|||184810387444665.030001|0606|0606|CNY|-21.330000|0||1|9999|380|50000|6122|IC|||1060606000001849||1000470|||20180702||46_INPUTTER|46_INPUTTER|||1|20180702|50000|1002||6122|
501102|PL.50000.6131.3203..........CN0010606|||184810724044667.050001|0606|0606|CNY|-120.000000|0||1|9999|380|50000|6131|IC|||1060607000002663||1001036|||20180702||47_INPUTTER|47_INPUTTER|||1|20180702|50000|3203||6131|
50020202|PL.51001.21076.2107....00......CN0010608|51001|ACC|184811060744555.000001|0608|0608|CNY|13500.000000|1||1|1|450|51001|21076|MMI|00|MM1813600002;2|MM1813600002||9000034|||20180702||48_INPUTTER|48_INPUTTER|||1|20180702|51001|2107||21076|
50010203|PL.51001.21056.3203.MT.02401.UNSECU.00......CN0010606|51001|ACC|184430096371266.020001|0606|0606|CNY|491.360000|1||1|1|450|51001|21056|LD|00|LD1710167001|LD1710167001||1002879||20180701|20180702||43_INPUTTER|43_INPUTTER|||1|20180702|51001|3203|MT|21056|
500105|PL.51500.21060.3063.ST.03002..00......CN0010606|51500|ACC|184432704671266.290001|0606|0606|CNY|1305.560000|1||1|1|450|51500|21060|LD|00|LD1813104640|LD1813104640||1004437||20180701|20180702||40_INPUTTER|40_INPUTTER|||1|20180702|51500|3063|ST|21060|
500105|PL.51500.21060.3063.ST.03002..00......CN0010606|51500|ACC|184811060744531.010001|0606|0606|CNY|1305.550000|1||1|1|450|51500|21060|LD|00|LD1813104640|LD1813104640||1004437||20180702|20180702||48_INPUTTER|48_INPUTTER|||1|20180702|51500|3063|ST|21060|
50010203|PL.51001.21056.3203.MT.02401.UNSECU.00......CN0010606|51001|ACC|184811397744526.000001|0606|0606|CNY|491.360000|1||1|1|450|51001|21056|LD|00|LD1710167001|LD1710167001||1002879||20180702|20180702||49_INPUTTER|49_INPUTTER|||1|20180702|51001|3203|MT|21056|
500105|PL.51500.21060.3063.ST.03002..00......CN0010611|51500|ACC|184432372871267.000001|0611|0611|CNY|6.850000|1||1|1|450|51500|21060|LD|00|LD1807352008|LD1807352008||1003314||20180701|20180702||39_INPUTTER|39_INPUTTER|||1|20180702|51500|3063|ST|21060|
500105|PL.51500.21060.3063.ST.03002..00......CN0010611|51500|ACC|184432372871267.050001|0611|0611|CNY|20.180000|1||1|1|450|51500|21060|LD|00|LD1807365787|LD1807365787||1003314||20180701|20180702||39_INPUTTER|39_INPUTTER|||1|20180702|51500|3063|ST|21060|
500105|PL.51500.21060.3063.ST.03002..00......CN0010611|51500|ACC|184811397744528.090001|0611|0611|CNY|6.860000|1||1|1|450|51500|21060|LD|00|LD1807352008|LD1807352008||1003314||20180702|20180702||49_INPUTTER|49_INPUTTER|||1|20180702|51500|3063|ST|21060|
500105|PL.51500.21060.3063.ST.03002..00......CN0010611|51500|ACC|184812311944529.010001|0611|0611|CNY|20.180000|1||1|1|450|51500|21060|LD|00|LD1807365787|LD1807365787||1003314||20180702|20180702||42_INPUTTER|42_INPUTTER|||1|20180702|51500|3063|ST|21060|
501104|PL.50000.6121.1002..........CN0010606|||184810387444688.000001|0606|0606|CNY|-16.160000|0||1|9999|380|50000|6121|IC|||1060606000001113||1000237|||20180702||46_INPUTTER|46_INPUTTER|||1|20180702|50000|1002||6121|
501103|PL.50000.1101.1002..........CN0010606|||184810387444659.010001|0606|0606|CNY|-0.010000|0||1|9999|380|50000|1101|IC|||1060601000004323||1000339|||20180702||46_INPUTTER|46_INPUTTER|||1|20180702|50000|1002||1101|
501104|PL.50000.6122.1002..........CN0010606|||184810387444667.050001|0606|0606|CNY|-3.660000|0||1|9999|380|50000|6122|IC|||1060606000002195||1000342|||20180702||46_INPUTTER|46_INPUTTER|||1|20180702|50000|1002||6122|
501102|PL.50000.6131.3203..........CN0010606|||184810387444672.030001|0606|0606|CNY|-214.980000|0||1|9999|380|50000|6131|IC|||1060607000000563||1000317|||20180702||46_INPUTTER|46_INPUTTER|||1|20180702|50000|3203||6131|
501104|PL.50000.6121.1002..........CN0010606|||184810387444690.000001|0606|0606|CNY|-10.470000|0||1|9999|380|50000|6121|IC|||1060606000000605||1000137|||20180702||46_INPUTTER|46_INPUTTER|||1|20180702|50000|1002||6121|
500203|PL.51001.21073.2153.MT.04001.UNSECU.00......CN0010606|51001|ACC|184432704671264.000001|0606|0606|USD|774.960000|1|6.616600|1|9999|450|51001|21073|LD|00|LD1628536790|LD1628536790||1001302||20180701|20180702||40_INPUTTER|40_INPUTTER|||1|20180702|51001|2153|MT|21073|
50110101|PL.50000.1112.3109..........CN0010606|||184811060744675.020001|0606|0606|CNY|-113.260000|0||1|9999|380|50000|1112|IC|||1060602000003544||1001169|||20180702||48_INPUTTER|48_INPUTTER|||1|20180702|50000|3109||1112|
500203|PL.51001.21073.2153.MT.04001.UNSECU.00......CN0010606|51001|ACC|184812980344522.000001|0606|0606|USD|774.950000|1|6.616600|1|9999|450|51001|21073|LD|00|LD1628536790|LD1628536790||1001302||20180702|20180702||44_INPUTTER|44_INPUTTER|||1|20180702|51001|2153|MT|21073|
50110101|PL.50000.1129.3901..........CN0010609|||184810040244670.000001|0606|0609|CNY|-0.030000|0||1|9999|380|50000|1129|IC|||1060902600000011||1001137|||20180702||45_INPUTTER|45_INPUTTER|||1|20180702|50000|3901||1129|
59010103|PL.51001.21052.3203.ST.02001.SECU.00......CN0010606|51001|ACC|184431704771266.130001|0606|0606|CNY|19.310000|1||1|9999|450|51001|21052|LD|00|LD1729828206|LD1729828206||1001319||20180701|20180702||37_INPUTTER|37_INPUTTER|||1|20180702|51001|3203|ST|21052|
59010202|PL.51001.21053.3050.MT.02104.SECU.00......CN0010606|51001|ACC|184431704771267.090001|0606|0606|CNY|1819.600000|1||1|9999|450|51001|21053|LD|00|LD1428200010|LD1428200010||1001063||20180701|20180702||37_INPUTTER|37_INPUTTER|||1|20180702|51001|3050|MT|21053|
59010103|PL.51001.21052.3203.ST.02001.SECU.00......CN0010606|51001|ACC|184811975244523.030001|0606|0606|CNY|19.320000|1||1|9999|450|51001|21052|LD|00|LD1729828206|LD1729828206||1001319||20180702|20180702||41_INPUTTER|41_INPUTTER|||1|20180702|51001|3203|ST|21052|
59010202|PL.51001.21053.3050.MT.02104.SECU.00......CN0010606|51001|ACC|184812311944531.020001|0606|0606|CNY|1819.600000|1||1|9999|450|51001|21053|LD|00|LD1428200010|LD1428200010||1001063||20180702|20180702||42_INPUTTER|42_INPUTTER|||1|20180702|51001|3050|MT|21053|
50110101|PL.50000.1112.3203..........CN0010606|||184811060744676.070001|0606|0606|CNY|-0.150000|0||1|1|380|50000|1112|IC|||1060602000005946||1003761|||20180702||48_INPUTTER|48_INPUTTER|||1|20180702|50000|3203||1112|
500203|PL.51001.21073.2155.ST.04001.UNSECU.00......CN0010606|51001|ACC|184432372871266.050001|0606|0606|CNY|3045.000000|1||1|1|450|51001|21073|LD|00|LD1806441230|LD1806441230||1004353||20180701|20180702||39_INPUTTER|39_INPUTTER|||1|20180702|51001|2155|ST|21073|
500105|PL.51500.21060.3063.ST.03002..00......CN0010611|51500|ACC|184432372871266.230001|0611|0611|CNY|176.390000|1||1|1|450|51500|21060|LD|00|LD1807303630|LD1807303630||1003314||20180701|20180702||39_INPUTTER|39_INPUTTER|||1|20180702|51500|3063|ST|21060|
59010101|PL.51001.21055.3063.ST.02304.SECU.00......CN0010606|51001|ACC|184432704671266.010001|0606|0606|JPY|3263.000000|1|0.059914|1|9999|450|51001|21055|LD|00|LD1811726149|LD1811726149||1001280||20180701|20180702||40_INPUTTER|40_INPUTTER|||1|20180702|51001|3063|ST|21055|
59010101|PL.51001.21055.3063.ST.02304.SECU.00......CN0010606|51001|ACC|184811060744529.040001|0606|0606|JPY|3262.000000|1|0.059914|1|9999|450|51001|21055|LD|00|LD1811726149|LD1811726149||1001280||20180702|20180702||48_INPUTTER|48_INPUTTER|||1|20180702|51001|3063|ST|21055|
50110101|PL.50000.1133.3107..........CN0010606|||184811643444668.000001|0606|0606|USD|-0.220000|0|6.616600|1|9999|380|50000|1133|IC|||1060603000006008||1000993|||20180702||36_INPUTTER|36_INPUTTER|||1|20180702|50000|3107||1133|
500105|PL.51500.21060.3063.ST.03002..00......CN0010611|51500|ACC|184811975244528.060001|0611|0611|CNY|176.390000|1||1|1|450|51500|21060|LD|00|LD1807303630|LD1807303630||1003314||20180702|20180702||41_INPUTTER|41_INPUTTER|||1|20180702|51500|3063|ST|21060|
500203|PL.51001.21073.2155.ST.04001.UNSECU.00......CN0010606|51001|ACC|184812311944527.030001|0606|0606|CNY|3045.000000|1||1|1|450|51001|21073|LD|00|LD1806441230|LD1806441230||1004353||20180702|20180702||42_INPUTTER|42_INPUTTER|||1|20180702|51001|2155|ST|21073|
501102|PL.50000.6131.3049..........CN0010606|||184810724044666.080001|0606|0606|CNY|-323.000000|0||1|1|380|50000|6131|IC|||1060607000002361||1003771|||20180702||47_INPUTTER|47_INPUTTER|||1|20180702|50000|3049||6131|
50110101|PL.50000.1112.3101..........CN0010606|||184811060744671.000001|0606|0606|CNY|-1.280000|0||1|1|380|50000|1112|IC|||1060602000004718||1001994|||20180702||48_INPUTTER|48_INPUTTER|||1|20180702|50000|3101||1112|
50110101|PL.50000.1112.3203..........CN0010606|||184811060744679.010001|0606|0606|CNY|-0.010000|0||1|9999|380|50000|1112|IC|||1060602000003088||1001212|||20180702||48_INPUTTER|48_INPUTTER|||1|20180702|50000|3203||1112|
50010103|PL.51001.21052.3201.ST.02001.UNSECU.00......CN0010606|51001|ACC|184430433071266.190001|0606|0606|CNY|664.580000|1||1|9999|450|51001|21052|LD|00|LD1724734041|LD1724734041||1000972||20180701|20180702||44_INPUTTER|44_INPUTTER|||1|20180702|51001|3201|ST|21052|
59010103|PL.51001.21052.3203.ST.02001.SECU.00......CN0010606|51001|ACC|184432704671266.190001|0606|0606|CNY|101.670000|1||1|9999|450|51001|21052|LD|00|LD1812776330|LD1812776330||1001334||20180701|20180702||40_INPUTTER|40_INPUTTER|||1|20180702|51001|3203|ST|21052|
59010103|PL.51001.21052.3203.ST.02001.SECU.00......CN0010606|51001|ACC|184811397744531.020001|0606|0606|CNY|101.670000|1||1|9999|450|51001|21052|LD|00|LD1812776330|LD1812776330||1001334||20180702|20180702||49_INPUTTER|49_INPUTTER|||1|20180702|51001|3203|ST|21052|
50010103|PL.51001.21052.3201.ST.02001.UNSECU.00......CN0010606|51001|ACC|184811643444523.070001|0606|0606|CNY|664.590000|1||1|9999|450|51001|21052|LD|00|LD1724734041|LD1724734041||1000972||20180702|20180702||36_INPUTTER|36_INPUTTER|||1|20180702|51001|3201|ST|21052|
50110101|PL.50000.1112.3109..........CN0010607|||184812311944675.010001|0606|0607|CNY|-0.800000|0||1|1|380|50000|1112|IC|||1060702000007207||1004114|||20180702||42_INPUTTER|42_INPUTTER|||1|20180702|50000|3109||1112|
50010103|PL.51001.21052.3201.ST.02001.UNSECU.00......CN0010606|51001|ACC|184431704771266.220001|0606|0606|CNY|694.790000|1||1|9999|450|51001|21052|LD|00|LD1731079176|LD1731079176||1000972||20180701|20180702||37_INPUTTER|37_INPUTTER|||1|20180702|51001|3201|ST|21052|
50110101|PL.50000.1112.3063..........CN0010609|||184810040244664.070001|0606|0609|CNY|-2.100000|0||1|1|380|50000|1112|IC|||1060902000005327||1003451|||20180702||45_INPUTTER|45_INPUTTER|||1|20180702|50000|3063||1112|
501104|PL.50000.6121.1002..........CN0010606|||184810387444690.080001|0606|0606|CNY|-13.890000|0||1|9999|380|50000|6121|IC|||1060606000002845||1000137|||20180702||46_INPUTTER|46_INPUTTER|||1|20180702|50000|1002||6121|
501104|PL.50000.6122.1002..........CN0010606|||184810387444695.000001|0606|0606|CNY|-21.340000|0||1|9999|380|50000|6122|IC|||1060606000000408||1000413|||20180702||46_INPUTTER|46_INPUTTER|||1|20180702|50000|1002||6122|
50010103|PL.51001.21052.3201.ST.02001.UNSECU.00......CN0010606|51001|ACC|184811975244524.020001|0606|0606|CNY|694.790000|1||1|9999|450|51001|21052|LD|00|LD1731079176|LD1731079176||1000972||20180702|20180702||41_INPUTTER|41_INPUTTER|||1|20180702|51001|3201|ST|21052|
501104|PL.50000.6122.1002..........CN0010606|||184810387444691.040001|0606|0606|CNY|-87.960000|0||1|9999|380|50000|6122|IC|||1060606000000807||1000249|||20180702||46_INPUTTER|46_INPUTTER|||1|20180702|50000|1002||6122|
50110101|PL.50000.1131.3050..........CN0010606|||184810040244684.000001|0606|0606|USD|-0.020000|0|6.616600|1|9999|380|50000|1131|IC|||1060603000000193||1001063|||20180702||45_INPUTTER|45_INPUTTER|||1|20180702|50000|3050||1131|
501103|PL.50000.1101.1002..........CN0010606|||184810387444660.030001|0606|0606|CNY|-0.010000|0||1|9999|380|50000|1101|IC|||1060601000004738||1000322|||20180702||46_INPUTTER|46_INPUTTER|||1|20180702|50000|1002||1101|
501104|PL.50000.6121.1002..........CN0010606|||184810387444690.010001|0606|0606|CNY|-10.470000|0||1|9999|380|50000|6121|IC|||1060606000000613||1000181|||20180702||46_INPUTTER|46_INPUTTER|||1|20180702|50000|1002||6121|
501104|PL.50000.6122.1002..........CN0010606|||184810387444692.000001|0606|0606|CNY|-6.690000|0||1|9999|380|50000|6122|IC|||1060606000001903||1000417|||20180702||46_INPUTTER|46_INPUTTER|||1|20180702|50000|1002||6122|
501103|PL.50000.1101.1002..........CN0010607|||184810724044663.000001|0606|0607|CNY|-0.010000|0||1|9999|380|50000|1101|IC|||1060701000007556||1002130|||20180702||47_INPUTTER|47_INPUTTER|||1|20180702|50000|1002||1101|
59010202|PL.51001.21056.3107.MT.02402.SECU.00......CN0010606|51001|ACC|184430096371267.090001|0606|0606|CNY|4639.980000|1||1|9999|450|51001|21056|LD|00|LD1617214753|LD1617214753||1002124||20180701|20180702||43_INPUTTER|43_INPUTTER|||1|20180702|51001|3107|MT|21056|
500105|PL.51500.21060.3063.ST.03002..00......CN0010606|51500|ACC|184432372871266.070001|0606|0606|CNY|2833.330000|1||1|1|450|51500|21060|LD|00|LD1806620040|LD1806620040||1004473||20180701|20180702||39_INPUTTER|39_INPUTTER|||1|20180702|51500|3063|ST|21060|
59010202|PL.51001.21056.3107.MT.02402.SECU.00......CN0010606|51001|ACC|184811397744530.020001|0606|0606|CNY|4639.980000|1||1|9999|450|51001|21056|LD|00|LD1617214753|LD1617214753||1002124||20180702|20180702||49_INPUTTER|49_INPUTTER|||1|20180702|51001|3107|MT|21056|
500105|PL.51500.21060.3063.ST.03002..00......CN0010606|51500|ACC|184812311944527.050001|0606|0606|CNY|2833.340000|1||1|1|450|51500|21060|LD|00|LD1806620040|LD1806620040||1004473||20180702|20180702||42_INPUTTER|42_INPUTTER|||1|20180702|51500|3063|ST|21060|
50110101|PL.50000.1112.3107..........CN0010607|||184812311944673.050001|0606|0607|CNY|-0.040000|0||1|9999|380|50000|1112|IC|||1060702000001578||1001014|||20180702||42_INPUTTER|42_INPUTTER|||1|20180702|50000|3107||1112|
59010203|PL.51001.21056.3204.MT.02401.SECU.00......CN0010606|51001|ACC|184430096371266.000001|0606|0606|CNY|103.220000|1||1|1|450|51001|21056|LD|00|LD1705882643|LD1705882643||1002725||20180701|20180702||43_INPUTTER|43_INPUTTER|||1|20180702|51001|3204|MT|21056|
59010203|PL.51001.21056.3204.MT.02401.SECU.00......CN0010606|51001|ACC|184811060744525.040001|0606|0606|CNY|103.230000|1||1|1|450|51001|21056|LD|00|LD1705882643|LD1705882643||1002725||20180702|20180702||48_INPUTTER|48_INPUTTER|||1|20180702|51001|3204|MT|21056|
501103|PL.50000.1101.1002..........CN0010611|||184811975244663.010001|0611|0611|CNY|-0.390000|0||1|1|380|50000|1101|IC|||1061101000012068||1003047|||20180702||41_INPUTTER|41_INPUTTER|||1|20180702|50000|1002||1101|
59010202|PL.51001.21053.3107.MT.02103.SECU.00......CN0010606|51001|ACC|184431704771265.000001|0606|0606|CNY|108.920000|1||1|9999|450|51001|21053|LD|00|LD1625258906|LD1625258906||1001379||20180701|20180702||37_INPUTTER|37_INPUTTER|||1|20180702|51001|3107|MT|21053|
50110101|PL.50000.1112.3103..........CN0010609|||184810040244664.010001|0606|0609|CNY|-6.420000|0||1|1|380|50000|1112|IC|||1060902000004234||1002610|||20180702||45_INPUTTER|45_INPUTTER|||1|20180702|50000|3103||1112|
59010202|PL.51001.21053.3107.MT.02103.SECU.00......CN0010606|51001|ACC|184811975244520.000001|0606|0606|CNY|108.910000|1||1|9999|450|51001|21053|LD|00|LD1625258906|LD1625258906||1001379||20180702|20180702||41_INPUTTER|41_INPUTTER|||1|20180702|51001|3107|MT|21053|
50010101|PL.51001.21055.3049.ST.02315.UNSECU.00......CN0010608|51001|ACC|184431367771267.090001|0608|0608|USD|38.140000|1|6.616600|1|1|450|51001|21055|LD|00|LD1814450905|LD1814450905||1004218||20180701|20180702||35_INPUTTER|35_INPUTTER|||1|20180702|51001|3049|ST|21055|
50010101|PL.51001.21055.3049.ST.02315.UNSECU.00......CN0010608|51001|ACC|184810387444531.000001|0608|0608|USD|38.140000|1|6.616600|1|1|450|51001|21055|LD|00|LD1814450905|LD1814450905||1004218||20180702|20180702||46_INPUTTER|46_INPUTTER|||1|20180702|51001|3049|ST|21055|
50010103|PL.51001.21052.3201.ST.02001.UNSECU.00......CN0010606|51001|ACC|184432704671266.160001|0606|0606|CNY|664.580000|1||1|9999|450|51001|21052|LD|00|LD1812271944|LD1812271944||1000972||20180701|20180702||40_INPUTTER|40_INPUTTER|||1|20180702|51001|3201|ST|21052|
50110501|PL.50000.6111.3203..........CN0010608|||184810387444673.000001|0608|0608|CNY|-135.000000|0||1|1|380|50000|6111|IC|||1060805000002333||1002379|||20180702||46_INPUTTER|46_INPUTTER|||1|20180702|50000|3203||6111|
501102|PL.50000.6131.3049..........CN0010606|||184810724044667.000001|0606|0606|CNY|-190.000000|0||1|1|380|50000|6131|IC|||1060607000002396||1003771|||20180702||47_INPUTTER|47_INPUTTER|||1|20180702|50000|3049||6131|
50010103|PL.51001.21052.3201.ST.02001.UNSECU.00......CN0010606|51001|ACC|184811060744531.080001|0606|0606|CNY|664.590000|1||1|9999|450|51001|21052|LD|00|LD1812271944|LD1812271944||1000972||20180702|20180702||48_INPUTTER|48_INPUTTER|||1|20180702|51001|3201|ST|21052|
50110101|PL.50000.1112.3107..........CN0010606|||184811060744679.060001|0606|0606|CNY|-0.020000|0||1|9999|380|50000|1112|IC|||1060602000000154||1001014|||20180702||48_INPUTTER|48_INPUTTER|||1|20180702|50000|3107||1112|
50010103|PL.51001.21052.3201.ST.02001.UNSECU.00......CN0010606|51001|ACC|184431704771266.100001|0606|0606|CNY|694.790000|1||1|9999|450|51001|21052|LD|00|LD1729625501|LD1729625501||1000972||20180701|20180702||37_INPUTTER|37_INPUTTER|||1|20180702|51001|3201|ST|21052|
501104|PL.50000.6122.1002..........CN0010606|||184810387444664.030001|0606|0606|CNY|-5.330000|0||1|9999|380|50000|6122|IC|||1060606000001695||1000342|||20180702||46_INPUTTER|46_INPUTTER|||1|20180702|50000|1002||6122|
50010103|PL.51001.21052.3201.ST.02001.UNSECU.00......CN0010606|51001|ACC|184811975244523.000001|0606|0606|CNY|694.790000|1||1|9999|450|51001|21052|LD|00|LD1729625501|LD1729625501||1000972||20180702|20180702||41_INPUTTER|41_INPUTTER|||1|20180702|51001|3201|ST|21052|
50010203|PL.51001.21056.3050.MT.02401.UNSECU.00......CN0010608|51001|ACC|184431367771267.000001|0608|0608|CNY|11083.330000|1||1|1|450|51001|21056|LD|00|LD1726445843|LD1726445843||1003842||20180701|20180702||35_INPUTTER|35_INPUTTER|||1|20180702|51001|3050|MT|21056|
50010203|PL.51001.21056.3050.MT.02401.UNSECU.00......CN0010608|51001|ACC|184811643444524.060001|0608|0608|CNY|11083.340000|1||1|1|450|51001|21056|LD|00|LD1726445843|LD1726445843||1003842||20180702|20180702||36_INPUTTER|36_INPUTTER|||1|20180702|51001|3050|MT|21056|
501103|PL.50000.1101.1002..........CN0010606|||184812980344659.020001|0606|0606|CNY|-0.200000|0||1|9999|380|50000|1101|IC|||1060601000004137||1000133|||20180702||44_INPUTTER|44_INPUTTER|||1|20180702|50000|1002||1101|
50110101|PL.50000.1112.3112..........CN0010606|||184811060744670.020001|0606|0606|CNY|-3.030000|0||1|1|380|50000|1112|IC|||1060602000004192||1002597|||20180702||48_INPUTTER|48_INPUTTER|||1|20180702|50000|3112||1112|
50010202|PL.51001.21053.3049.MT.02102.UNSECU.00......CN0010608|51001|ACC|184432372871266.030001|0608|0608|CNY|30.740000|1||1|1|450|51001|21053|LD|00|LD1805872684|LD1805872684||1002957||20180701|20180702||39_INPUTTER|39_INPUTTER|||1|20180702|51001|3049|MT|21053|
501102|PL.50000.6131.3201..........CN0010606|||184810724044668.080001|0606|0606|CNY|-86.570000|0||1|1|380|50000|6131|IC|||1060607000002833||1003644|||20180702||47_INPUTTER|47_INPUTTER|||1|20180702|50000|3201||6131|
50010202|PL.51001.21053.3049.MT.02102.UNSECU.00......CN0010608|51001|ACC|184812311944527.010001|0608|0608|CNY|30.750000|1||1|1|450|51001|21053|LD|00|LD1805872684|LD1805872684||1002957||20180702|20180702||42_INPUTTER|42_INPUTTER|||1|20180702|51001|3049|MT|21053|
50110101|PL.50000.1112.3203..........CN0010608|||184812311944675.050001|0608|0608|CNY|-10.280000|0||1|9999|380|50000|1112|IC|||1060802000001729||1000967|||20180702||42_INPUTTER|42_INPUTTER|||1|20180702|50000|3203||1112|
50010103|PL.51001.21052.3201.ST.02001.UNSECU.00......CN0010606|51001|ACC|184431367771266.150001|0606|0606|CNY|694.790000|1||1|9999|450|51001|21052|LD|00|LD1726107808|LD1726107808||1000972||20180701|20180702||35_INPUTTER|35_INPUTTER|||1|20180702|51001|3201|ST|21052|
50110101|PL.50000.1112.3109..........CN0010609|||184810040244663.000001|0606|0609|CNY|-1.410000|0||1|9999|380|50000|1112|IC|||1060902000002077||1000902|||20180702||45_INPUTTER|45_INPUTTER|||1|20180702|50000|3109||1112|
50010103|PL.51001.21052.3201.ST.02001.UNSECU.00......CN0010606|51001|ACC|184811643444524.050001|0606|0606|CNY|694.790000|1||1|9999|450|51001|21052|LD|00|LD1726107808|LD1726107808||1000972||20180702|20180702||36_INPUTTER|36_INPUTTER|||1|20180702|51001|3201|ST|21052|
501104|PL.50000.6122.1002..........CN0010606|||184811397744696.000001|0606|0606|CNY|-106.660000|0||1|9999|380|50000|6122|IC|||1060606000000648||1000338|||20180702||49_INPUTTER|49_INPUTTER|||1|20180702|50000|1002||6122|
500105|PL.51500.21060.3063.ST.03002..00......CN0010606|51500|ACC|184432704671266.280001|0606|0606|CNY|1305.560000|1||1|1|450|51500|21060|LD|00|LD1813102233|LD1813102233||1004437||20180701|20180702||40_INPUTTER|40_INPUTTER|||1|20180702|51500|3063|ST|21060|
501104|PL.50000.6121.1002..........CN0010608|||184810387444689.040001|0608|0608|USD|-29.110000|0|6.616600|1|9999|380|50000|6121|IC|||1060806000002787||1000229|||20180702||46_INPUTTER|46_INPUTTER|||1|20180702|50000|1002||6121|
500105|PL.51500.21060.3063.ST.03002..00......CN0010606|51500|ACC|184811060744531.000001|0606|0606|CNY|1305.550000|1||1|1|450|51500|21060|LD|00|LD1813102233|LD1813102233||1004437||20180702|20180702||48_INPUTTER|48_INPUTTER|||1|20180702|51500|3063|ST|21060|
50010103|PL.51001.21052.3061.ST.02001.UNSECU.00......CN0010606|51001|ACC|184430096371265.140001|0606|0606|CNY|774.640000|1||1|1|450|51001|21052|LD|00|LD1817710743|LD1817710743||1002175||20180701|20180702||43_INPUTTER|43_INPUTTER|||1|20180702|51001|3061|ST|21052|
50010103|PL.51001.21052.3061.ST.02001.UNSECU.00......CN0010606|51001|ACC|184810387444527.060001|0606|0606|CNY|774.630000|1||1|1|450|51001|21052|LD|00|LD1817710743|LD1817710743||1002175||20180702|20180702||46_INPUTTER|46_INPUTTER|||1|20180702|51001|3061|ST|21052|
50110101|PL.50000.1112.3063..........CN0010606|||184812311944679.030001|0606|0606|CNY|-26.770000|0||1|9999|380|50000|1112|IC|||1060602000000634||1001187|||20180702||42_INPUTTER|42_INPUTTER|||1|20180702|50000|3063||1112|
500203|PL.51001.21073.2153.MT.04001.UNSECU.00......CN0010606|51001|ACC|184431031071266.010001|0606|0606|USD|449.330000|1|6.616600|1|1|450|51001|21073|LD|00|LD1622590340|LD1622590340||1002482||20180701|20180702||34_INPUTTER|34_INPUTTER|||1|20180702|51001|2153|MT|21073|
500203|PL.51001.21073.2153.MT.04001.UNSECU.00......CN0010606|51001|ACC|184811397744530.060001|0606|0606|USD|449.320000|1|6.616600|1|1|450|51001|21073|LD|00|LD1622590340|LD1622590340||1002482||20180702|20180702||49_INPUTTER|49_INPUTTER|||1|20180702|51001|2153|MT|21073|
50110101|PL.50000.1112.3109..........CN0010609|||184810040244663.100001|0606|0609|CNY|-20.830000|0||1|9999|380|50000|1112|IC|||1060902000003726||1002140|||20180702||45_INPUTTER|45_INPUTTER|||1|20180702|50000|3109||1112|
501102|PL.50000.6131.3109..........CN0010606|||184810724044669.090001|0606|0606|CNY|-1833.330000|0||1|1|380|50000|6131|IC|||1060607000003236||1002163|||20180702||47_INPUTTER|47_INPUTTER|||1|20180702|50000|3109||6131|
50110101|PL.50000.1112.3063..........CN0010608|||184812311944675.110001|0608|0608|CNY|-0.250000|0||1|9999|380|50000|1112|IC|||1060802000004388||1000969|||20180702||42_INPUTTER|42_INPUTTER|||1|20180702|50000|3063||1112|
50110101|PL.50000.1112.3063..........CN0010606|||184812311944678.080001|0606|0606|CNY|-12.360000|0||1|9999|380|50000|1112|IC|||1060602000000537||1001009|||20180702||42_INPUTTER|42_INPUTTER|||1|20180702|50000|3063||1112|
501104|PL.50000.6122.1002..........CN0010606|||184430096371277.000001|0606|0606|CNY|-5.340000|0||1|9999|380|50000|6122|IC|||1060606000002063||1000348|||20180702||43_INPUTTER|43_INPUTTER|||1|20180702|50000|1002||6122|
500105|PL.51500.21060.3107.ST.03002..00......CN0010611|51500|ACC|184432704671264.070001|0611|0611|CNY|70.830000|1||1|1|450|51500|21060|LD|00|LD1808185999|LD1808185999||1003089||20180701|20180702||40_INPUTTER|40_INPUTTER|||1|20180702|51500|3107|ST|21060|
501104|PL.50000.6122.1002..........CN0010606|||184810387444666.070001|0606|0606|CNY|-4.560000|0||1|9999|380|50000|6122|IC|||1060606000002063||1000348|||20180702||46_INPUTTER|46_INPUTTER|||1|20180702|50000|1002||6122|
50110501|PL.50000.6111.3201..........CN0010608|||184810387444673.040001|0608|0608|CNY|-90.000000|0||1|1|380|50000|6111|IC|||1060805000002694||1004439|||20180702||46_INPUTTER|46_INPUTTER|||1|20180702|50000|3201||6111|
501102|PL.50000.6131.3049..........CN0010606|||184810724044667.010001|0606|0606|CNY|-268.700000|0||1|1|380|50000|6131|IC|||1060607000002426||1003771|||20180702||47_INPUTTER|47_INPUTTER|||1|20180702|50000|3049||6131|
501103|PL.50000.1101.1002..........CN0010607|||184811643444662.000001|0606|0607|CNY|-0.020000|0||1|9999|380|50000|1101|IC|||1060701000007084||1000726|||20180702||36_INPUTTER|36_INPUTTER|||1|20180702|50000|1002||1101|
500105|PL.51500.21060.3107.ST.03002..00......CN0010611|51500|ACC|184812980344524.010001|0611|0611|CNY|70.840000|1||1|1|450|51500|21060|LD|00|LD1808185999|LD1808185999||1003089||20180702|20180702||44_INPUTTER|44_INPUTTER|||1|20180702|51500|3107|ST|21060|
501104|PL.50000.6121.1002..........CN0010606|||184810387444688.030001|0606|0606|CNY|-10.180000|0||1|9999|380|50000|6121|IC|||1060606000002802||1000181|||20180702||46_INPUTTER|46_INPUTTER|||1|20180702|50000|1002||6121|
50010103|PL.51001.21052.3101.ST.02001.UNSECU.00......CN0010606|51001|ACC|184432036271266.080001|0606|0606|CNY|27791.670000|1||1|1|450|51001|21052|LD|00|LD1735374612|LD1735374612||1001994||20180701|20180702||38_INPUTTER|38_INPUTTER|||1|20180702|51001|3101|ST|21052|
50010103|PL.51001.21052.3101.ST.02001.UNSECU.00......CN0010606|51001|ACC|184812311944520.020001|0606|0606|CNY|27791.660000|1||1|1|450|51001|21052|LD|00|LD1735374612|LD1735374612||1001994||20180702|20180702||42_INPUTTER|42_INPUTTER|||1|20180702|51001|3101|ST|21052|
50110101|PL.50000.1112.3203..........CN0010607|||184812311944674.080001|0606|0607|CNY|-67.720000|0||1|1|380|50000|1112|IC|||1060702000006661||1003675|||20180702||42_INPUTTER|42_INPUTTER|||1|20180702|50000|3203||1112|
500105|PL.51500.21060.3063.ST.03002..00......CN0010606|51500|ACC|184433041371266.330001|0606|0606|CNY|1305.560000|1||1|1|450|51500|21060|LD|00|LD1813140017|LD1813140017||1004437||20180701|20180702||42_INPUTTER|42_INPUTTER|||1|20180702|51500|3063|ST|21060|
500105|PL.51500.21060.3063.ST.03002..00......CN0010606|51500|ACC|184810040244527.070001|0606|0606|CNY|1305.550000|1||1|1|450|51500|21060|LD|00|LD1813140017|LD1813140017||1004437||20180702|20180702||45_INPUTTER|45_INPUTTER|||1|20180702|51500|3063|ST|21060|
50110101|PL.50000.1112.3201..........CN0010609|||184810040244663.020001|0606|0609|CNY|-0.080000|0||1|9999|380|50000|1112|IC|||1060902000002107||1001155|||20180702||45_INPUTTER|45_INPUTTER|||1|20180702|50000|3201||1112|
50110101|PL.50000.1112.3107..........CN0010611|||184810040244667.020001|0611|0611|CNY|-3.130000|0||1|1|380|50000|1112|IC|||1061102000005351||1003457|||20180702||45_INPUTTER|45_INPUTTER|||1|20180702|50000|3107||1112|
501104|PL.50000.6122.1002..........CN0010606|||184810387444662.030001|0606|0606|CNY|-266.670000|0||1|9999|380|50000|6122|IC|||1060606000000745||1000547|||20180702||46_INPUTTER|46_INPUTTER|||1|20180702|50000|1002||6122|
501102|PL.50000.6131.3203..........CN0010606|||184810387444670.060001|0606|0606|CNY|-26.950000|0||1|9999|380|50000|6131|IC|||1060607000002671||1001182|||20180702||46_INPUTTER|46_INPUTTER|||1|20180702|50000|3203||6131|
50110101|PL.50000.1131.3204..........CN0010606|||184812648944691.020001|0606|0606|USD|-0.060000|0|6.616600|1|9999|380|50000|1131|IC|||1060603000003346||1000026|||20180702||43_INPUTTER|43_INPUTTER|||1|20180702|50000|3204||1131|
50110101|PL.50000.1131.3203..........CN0010606|||184812648944693.000001|0606|0606|USD|-1.530000|0|6.616600|1|9999|380|50000|1131|IC|||1060603000003408||1001119|||20180702||43_INPUTTER|43_INPUTTER|||1|20180702|50000|3203||1131|
50110101|PL.50000.1131.3109..........CN0010607|||184811643444670.010001|0606|0607|USD|-0.010000|0|6.616600|1|1|380|50000|1131|IC|||1060703000005742||1004114|||20180702||36_INPUTTER|36_INPUTTER|||1|20180702|50000|3109||1131|
50120201|PL.50000.2100.7001..........CN0010606|||184810724044692.000001|0606|0606|USD|-2718.490000|0|6.616600|1|1|380|50000|2100|IC|||1060609100000032||9000030|||20180702||47_INPUTTER|47_INPUTTER|||1|20180702|50000|7001||2100|
50010101|PL.51001.21055.3204.ST.02304.UNSECU.00......CN0010606|51001|ACC|184432704671265.120001|0606|0606|USD|191.500000|1|6.616600|1|9999|450|51001|21055|LD|00|LD1809926801|LD1809926801||1001044||20180701|20180702||40_INPUTTER|40_INPUTTER|||1|20180702|51001|3204|ST|21055|
501104|PL.50000.6122.1002..........CN0010606|||184810387444668.010001|0606|0606|CNY|-18.240000|0||1|9999|380|50000|6122|IC|||1060606000002292||1000470|||20180702||46_INPUTTER|46_INPUTTER|||1|20180702|50000|1002||6122|
501104|PL.50000.6122.1002..........CN0010606|||184810387444668.060001|0606|0606|CNY|-6.770000|0||1|9999|380|50000|6122|IC|||1060606000002403||1000348|||20180702||46_INPUTTER|46_INPUTTER|||1|20180702|50000|1002||6122|
50110101|PL.50000.1112.3101..........CN0010607|||184812311944674.110001|0606|0607|CNY|-3.170000|0||1|1|380|50000|1112|IC|||1060702000006898||1003918|||20180702||42_INPUTTER|42_INPUTTER|||1|20180702|50000|3101||1112|
50010101|PL.51001.21055.3204.ST.02304.UNSECU.00......CN0010606|51001|ACC|184812980344525.040001|0606|0606|USD|191.510000|1|6.616600|1|9999|450|51001|21055|LD|00|LD1809926801|LD1809926801||1001044||20180702|20180702||44_INPUTTER|44_INPUTTER|||1|20180702|51001|3204|ST|21055|
59010203|PL.51001.21056.3204.MT.02401.SECU.00......CN0010606|51001|ACC|184430769771266.020001|0606|0606|CNY|82.580000|1||1|1|450|51001|21056|LD|00|LD1716660393|LD1716660393||1002725||20180701|20180702||45_INPUTTER|45_INPUTTER|||1|20180702|51001|3204|MT|21056|
50010202|PL.51001.21053.3049.MT.02102.UNSECU.00......CN0010608|51001|ACC|184432372871265.110001|0608|0608|CNY|16.040000|1||1|1|450|51001|21053|LD|00|LD1804210430|LD1804210430||1002957||20180701|20180702||39_INPUTTER|39_INPUTTER|||1|20180702|51001|3049|MT|21053|
501103|PL.50000.1101.1002..........CN0010606|||184811397744667.000001|0606|0606|USD|-0.010000|0|6.616600|1|9999|380|50000|1101|IC|||1060601000008655||1000388|||20180702||49_INPUTTER|49_INPUTTER|||1|20180702|50000|1002||1101|
59010203|PL.51001.21056.3204.MT.02401.SECU.00......CN0010606|51001|ACC|184812311944522.020001|0606|0606|CNY|82.580000|1||1|1|450|51001|21056|LD|00|LD1716660393|LD1716660393||1002725||20180702|20180702||42_INPUTTER|42_INPUTTER|||1|20180702|51001|3204|MT|21056|
50010202|PL.51001.21053.3049.MT.02102.UNSECU.00......CN0010608|51001|ACC|184812648944526.030001|0608|0608|CNY|16.030000|1||1|1|450|51001|21053|LD|00|LD1804210430|LD1804210430||1002957||20180702|20180702||43_INPUTTER|43_INPUTTER|||1|20180702|51001|3049|MT|21053|
50010202|PL.51001.21053.3049.MT.02102.UNSECU.00......CN0010608|51001|ACC|184432372871265.070001|0608|0608|USD|58.800000|1|6.616600|1|1|450|51001|21053|LD|00|LD1804007447|LD1804007447||1002957||20180701|20180702||39_INPUTTER|39_INPUTTER|||1|20180702|51001|3049|MT|21053|
501102|PL.50000.6151.3063..........CN0010606|||184810724044688.020001|0606|0606|USD|-11.270000|0|6.616600|1|9999|380|50000|6151|IC|||1060608000000187||1001150|||20180702||47_INPUTTER|47_INPUTTER|||1|20180702|50000|3063||6151|
50010202|PL.51001.21053.3049.MT.02102.UNSECU.00......CN0010608|51001|ACC|184811975244528.000001|0608|0608|USD|58.800000|1|6.616600|1|1|450|51001|21053|LD|00|LD1804007447|LD1804007447||1002957||20180702|20180702||41_INPUTTER|41_INPUTTER|||1|20180702|51001|3049|MT|21053|
50110101|PL.50000.1112.3063..........CN0010609|||184812311944677.010001|0606|0609|CNY|-0.040000|0||1|9999|380|50000|1112|IC|||1060902000001847||1001287|||20180702||42_INPUTTER|42_INPUTTER|||1|20180702|50000|3063||1112|
59010202|PL.51001.21053.3110.MT.02104.SECU.00......CN0010606|51001|ACC|184430096371266.100001|0606|0606|CNY|627.020000|1||1|1|450|51001|21053|LD|00|LD1718054140|LD1718054140||1002271||20180701|20180702||43_INPUTTER|43_INPUTTER|||1|20180702|51001|3110|MT|21053|
50010103|PL.51001.21052.3107.ST.02001.UNSECU.00......CN0010611|51001|ACC|184432372871265.010001|0611|0611|CNY|1667.500000|1||1|1|450|51001|21052|LD|00|LD1803161780|LD1803161780||1003923||20180701|20180702||39_INPUTTER|39_INPUTTER|||1|20180702|51001|3107|ST|21052|
50110101|PL.50000.1112.3203..........CN0010609|||184810040244664.020001|0606|0609|CNY|-0.010000|0||1|1|380|50000|1112|IC|||1060902000004331||1002655|||20180702||45_INPUTTER|45_INPUTTER|||1|20180702|50000|3203||1112|
501203|PL.50000.1113.2153..........CN0010609|||184810040244664.040001|0606|0609|CNY|-180.990000|0||1|1|380|50000|1113|IC|||1060902000005028||1003054|||20180702||45_INPUTTER|45_INPUTTER|||1|20180702|50000|2153||1113|
501102|PL.50000.6131.3107..........CN0010606|||184810387444669.040001|0606|0606|CNY|-170.250000|0||1|9999|380|50000|6131|IC|||1060607000003074||1001269|||20180702||46_INPUTTER|46_INPUTTER|||1|20180702|50000|3107||6131|
59010202|PL.51001.21053.3110.MT.02104.SECU.00......CN0010606|51001|ACC|184812311944522.030001|0606|0606|CNY|627.020000|1||1|1|450|51001|21053|LD|00|LD1718054140|LD1718054140||1002271||20180702|20180702||42_INPUTTER|42_INPUTTER|||1|20180702|51001|3110|MT|21053|
50010103|PL.51001.21052.3107.ST.02001.UNSECU.00......CN0010611|51001|ACC|184812648944525.010001|0611|0611|CNY|1667.500000|1||1|1|450|51001|21052|LD|00|LD1803161780|LD1803161780||1003923||20180702|20180702||43_INPUTTER|43_INPUTTER|||1|20180702|51001|3107|ST|21052|
50010202|PL.51001.21053.3049.MT.02102.UNSECU.00......CN0010608|51001|ACC|184432372871265.140001|0608|0608|USD|5.710000|1|6.616600|1|1|450|51001|21053|LD|00|LD1805432428|LD1805432428||1002957||20180701|20180702||39_INPUTTER|39_INPUTTER|||1|20180702|51001|3049|MT|21053|
59010203|PL.51001.21056.3203.MT.02401.SECU.00......CN0010606|51001|ACC|184432372871266.160001|0606|0606|CNY|3865.650000|1||1|1|450|51001|21056|LD|00|LD1806827918|LD1806827918||1003777||20180701|20180702||39_INPUTTER|39_INPUTTER|||1|20180702|51001|3203|MT|21056|
50110101|PL.50000.1113.3203..........CN0010606|||184811060744672.010001|0606|0606|CNY|-108.990000|0||1|1|380|50000|1113|IC|||1060602000006508||1003676|||20180702||48_INPUTTER|48_INPUTTER|||1|20180702|50000|3203||1113|
50110101|PL.50000.1112.3203..........CN0010606|||184811643444678.010001|0606|0606|CNY|-0.340000|0||1|9999|380|50000|1112|IC|||1060602000000968||1001959|||20180702||36_INPUTTER|36_INPUTTER|||1|20180702|50000|3203||1112|
59010203|PL.51001.21056.3203.MT.02401.SECU.00......CN0010606|51001|ACC|184812311944528.030001|0606|0606|CNY|3865.650000|1||1|1|450|51001|21056|LD|00|LD1806827918|LD1806827918||1003777||20180702|20180702||42_INPUTTER|42_INPUTTER|||1|20180702|51001|3203|MT|21056|
50010202|PL.51001.21053.3049.MT.02102.UNSECU.00......CN0010608|51001|ACC|184812648944530.000001|0608|0608|USD|5.710000|1|6.616600|1|1|450|51001|21053|LD|00|LD1805432428|LD1805432428||1002957||20180702|20180702||43_INPUTTER|43_INPUTTER|||1|20180702|51001|3049|MT|21053|
59010203|PL.51001.21056.3204.MT.02401.SECU.00......CN0010606|51001|ACC|184430096371266.010001|0606|0606|CNY|144.510000|1||1|1|450|51001|21056|LD|00|LD1705916381|LD1705916381||1002725||20180701|20180702||43_INPUTTER|43_INPUTTER|||1|20180702|51001|3204|MT|21056|
50010103|PL.51001.21052.3203.ST.02001.UNSECU.00......CN0010606|51001|ACC|184431704771266.250001|0606|0606|CNY|619.200000|1||1|9999|450|51001|21052|LD|00|LD1731367248|LD1731367248||1001210||20180701|20180702||37_INPUTTER|37_INPUTTER|||1|20180702|51001|3203|ST|21052|
59010203|PL.51001.21056.3204.MT.02401.SECU.00......CN0010606|51001|ACC|184811060744525.050001|0606|0606|CNY|144.520000|1||1|1|450|51001|21056|LD|00|LD1705916381|LD1705916381||1002725||20180702|20180702||48_INPUTTER|48_INPUTTER|||1|20180702|51001|3204|MT|21056|
50010103|PL.51001.21052.3203.ST.02001.UNSECU.00......CN0010606|51001|ACC|184811975244524.050001|0606|0606|CNY|619.200000|1||1|9999|450|51001|21052|LD|00|LD1731367248|LD1731367248||1001210||20180702|20180702||41_INPUTTER|41_INPUTTER|||1|20180702|51001|3203|ST|21052|
501104|PL.50000.6122.1002..........CN0010606|||184810387444692.040001|0606|0606|CNY|-21.340000|0||1|9999|380|50000|6122|IC|||1060606000000068||1000413|||20180702||46_INPUTTER|46_INPUTTER|||1|20180702|50000|1002||6122|
50110101|PL.50000.1112.3203..........CN0010613|||184810040244669.050001|0606|0613|CNY|-0.090000|0||1|1|380|50000|1112|IC|||1061302000006338||1003902|||20180702||45_INPUTTER|45_INPUTTER|||1|20180702|50000|3203||1112|
501102|PL.50000.6131.3203..........CN0010608|||184810387444669.100001|0608|0608|CNY|-82.500000|0||1|9999|380|50000|6131|IC|||1060807000002999||1000967|||20180702||46_INPUTTER|46_INPUTTER|||1|20180702|50000|3203||6131|
501102|PL.50000.6131.3203..........CN0010606|||184810724044667.020001|0606|0606|CNY|-583.330000|0||1|1|380|50000|6131|IC|||1060607000002531||1004265|||20180702||47_INPUTTER|47_INPUTTER|||1|20180702|50000|3203||6131|
501103|PL.50000.1101.1002..........CN0010613|||184811397744663.010001|0606|0613|CNY|-0.200000|0||1|1|380|50000|1101|IC|||1061301000011478||1002465|||20180702||49_INPUTTER|49_INPUTTER|||1|20180702|50000|1002||1101|
59010103|PL.51001.21052.3201.ST.02001.SECU.00......CN0010606|51001|ACC|184431367771266.110001|0606|0606|CNY|755.210000|1||1|9999|450|51001|21052|LD|00|LD1723505075|LD1723505075||1001068||20180701|20180702||35_INPUTTER|35_INPUTTER|||1|20180702|51001|3201|ST|21052|
500105|PL.51500.21060.3107.ST.03002..00......CN0010611|51500|ACC|184433041371267.110001|0611|0611|CNY|141.670000|1||1|1|450|51500|21060|LD|00|LD1808148340|LD1808148340||1003089||20180701|20180702||42_INPUTTER|42_INPUTTER|||1|20180702|51500|3107|ST|21060|
501103|PL.50000.1101.1001..........CN0010606|||184811060744669.000001|0606|0606|USD|-0.010000|0|6.616600|1|9999|380|50000|1101|IC|||1060601000009279||1000567|||20180702||48_INPUTTER|48_INPUTTER|||1|20180702|50000|1001||1101|
50110101|PL.50000.1112.3107..........CN0010606|||184811397744669.050001|0606|0606|CNY|-0.490000|0||1|9999|380|50000|1112|IC|||1060602000002742||1001034|||20180702||49_INPUTTER|49_INPUTTER|||1|20180702|50000|3107||1112|
59010103|PL.51001.21052.3201.ST.02001.SECU.00......CN0010606|51001|ACC|184811643444523.000001|0606|0606|CNY|755.210000|1||1|9999|450|51001|21052|LD|00|LD1723505075|LD1723505075||1001068||20180702|20180702||36_INPUTTER|36_INPUTTER|||1|20180702|51001|3201|ST|21052|
500105|PL.51500.21060.3107.ST.03002..00......CN0010611|51500|ACC|184812311944529.070001|0611|0611|CNY|141.660000|1||1|1|450|51500|21060|LD|00|LD1808148340|LD1808148340||1003089||20180702|20180702||42_INPUTTER|42_INPUTTER|||1|20180702|51500|3107|ST|21060|
50010203|PL.51001.21056.3203.MT.02401.UNSECU.00......CN0010606|51001|ACC|184431704771267.010001|0606|0606|CNY|7256.940000|1||1|1|450|51001|21056|LD|00|LD1731429377|LD1731429377||1002611||20180701|20180702||37_INPUTTER|37_INPUTTER|||1|20180702|51001|3203|MT|21056|
500105|PL.51500.21060.3063.ST.03002..00......CN0010606|51500|ACC|184432372871266.110001|0606|0606|CNY|2833.330000|1||1|1|450|51500|21060|LD|00|LD1806641084|LD1806641084||1004473||20180701|20180702||39_INPUTTER|39_INPUTTER|||1|20180702|51500|3063|ST|21060|
50110101|PL.50000.1131.3109..........CN0010609|||184811643444675.030001|0606|0609|USD|-2.110000|0|6.616600|1|9999|380|50000|1131|IC|||1060903000001711||1000902|||20180702||36_INPUTTER|36_INPUTTER|||1|20180702|50000|3109||1131|
50010203|PL.51001.21056.3203.MT.02401.UNSECU.00......CN0010606|51001|ACC|184811975244524.070001|0606|0606|CNY|7256.950000|1||1|1|450|51001|21056|LD|00|LD1731429377|LD1731429377||1002611||20180702|20180702||41_INPUTTER|41_INPUTTER|||1|20180702|51001|3203|MT|21056|
500105|PL.51500.21060.3063.ST.03002..00......CN0010606|51500|ACC|184812311944527.090001|0606|0606|CNY|2833.340000|1||1|1|450|51500|21060|LD|00|LD1806641084|LD1806641084||1004473||20180702|20180702||42_INPUTTER|42_INPUTTER|||1|20180702|51500|3063|ST|21060|
500105|PL.51500.21060.3203.ST.03002..00......CN0010611|51500|ACC|184431367771267.040001|0611|0611|CNY|171.830000|1||1|1|450|51500|21060|LD|00|LD1814203523|LD1814203523||1004358||20180701|20180702||35_INPUTTER|35_INPUTTER|||1|20180702|51500|3203|ST|21060|
500105|PL.51500.21060.3203.ST.03002..00......CN0010611|51500|ACC|184810387444528.060001|0611|0611|CNY|171.830000|1||1|1|450|51500|21060|LD|00|LD1814203523|LD1814203523||1004358||20180702|20180702||46_INPUTTER|46_INPUTTER|||1|20180702|51500|3203|ST|21060|
501102|PL.50000.6131.3203..........CN0010606|||184810724044667.040001|0606|0606|CNY|-140.000000|0||1|9999|380|50000|6131|IC|||1060607000002655||1001036|||20180702||47_INPUTTER|47_INPUTTER|||1|20180702|50000|3203||6131|
501103|PL.50000.1102.1002..........CN0010606|||184811060744661.030001|0606|0606|CNY|-0.750000|0||1|9999|380|50000|1102|IC|||1060601000005753||1000369|||20180702||48_INPUTTER|48_INPUTTER|||1|20180702|50000|1002||1102|
50110101|PL.50000.1112.3109..........CN0010606|||184811060744675.050001|0606|0606|CNY|-0.060000|0||1|1|380|50000|1112|IC|||1060602000004052||1002185|||20180702||48_INPUTTER|48_INPUTTER|||1|20180702|50000|3109||1112|
50110101|PL.50000.1112.3203..........CN0010609|||184810040244666.000001|0606|0609|CNY|-2.320000|0||1|1|380|50000|1112|IC|||1060902000007381||1004403|||20180702||45_INPUTTER|45_INPUTTER|||1|20180702|50000|3203||1112|
50110101|PL.50000.1131.3201..........CN0010606|||184812648944686.020001|0606|0606|USD|-0.420000|0|6.616600|1|9999|380|50000|1131|IC|||1060603000003214||1001142|||20180702||43_INPUTTER|43_INPUTTER|||1|20180702|50000|3201||1131|
50010103|PL.51001.21052.3201.ST.02001.UNSECU.00......CN0010606|51001|ACC|184430433071267.000001|0606|0606|CNY|664.580000|1||1|9999|450|51001|21052|LD|00|LD1725400100|LD1725400100||1000972||20180701|20180702||44_INPUTTER|44_INPUTTER|||1|20180702|51001|3201|ST|21052|
59010202|PL.51001.21056.3999.MT.02402.SECU.00......CN0010606|51001|ACC|184430433071267.060001|0606|0606|CNY|5510.280000|1||1|9999|450|51001|21056|LD|00|LD1428200126|LD1428200126||1001161||20180701|20180702||44_INPUTTER|44_INPUTTER|||1|20180702|51001|3999|MT|21056|
50010103|PL.51001.21052.3203.ST.02001.UNSECU.00......CN0010606|51001|ACC|184431704771267.000001|0606|0606|CNY|1171.070000|1||1|9999|450|51001|21052|LD|00|LD1731405698|LD1731405698||1001210||20180701|20180702||37_INPUTTER|37_INPUTTER|||1|20180702|51001|3203|ST|21052|
50110101|PL.50000.1112.3203..........CN0010611|||184810040244667.100001|0611|0611|CNY|-1.380000|0||1|9999|380|50000|1112|IC|||1061102000006374||1001278|||20180702||45_INPUTTER|45_INPUTTER|||1|20180702|50000|3203||1112|
59010202|PL.51001.21056.3999.MT.02402.SECU.00......CN0010606|51001|ACC|184811397744530.000001|0606|0606|CNY|5510.290000|1||1|9999|450|51001|21056|LD|00|LD1428200126|LD1428200126||1001161||20180702|20180702||49_INPUTTER|49_INPUTTER|||1|20180702|51001|3999|MT|21056|
50010103|PL.51001.21052.3201.ST.02001.UNSECU.00......CN0010606|51001|ACC|184811643444524.010001|0606|0606|CNY|664.590000|1||1|9999|450|51001|21052|LD|00|LD1725400100|LD1725400100||1000972||20180702|20180702||36_INPUTTER|36_INPUTTER|||1|20180702|51001|3201|ST|21052|
50010103|PL.51001.21052.3203.ST.02001.UNSECU.00......CN0010606|51001|ACC|184811975244524.060001|0606|0606|CNY|1171.070000|1||1|9999|450|51001|21052|LD|00|LD1731405698|LD1731405698||1001210||20180702|20180702||41_INPUTTER|41_INPUTTER|||1|20180702|51001|3203|ST|21052|
50110101|PL.50000.1112.3203..........CN0010606|||184812980344678.060001|0606|0606|CNY|-0.020000|0||1|9999|380|50000|1112|IC|||1060602000003447||1000010|||20180702||44_INPUTTER|44_INPUTTER|||1|20180702|50000|3203||1112|
59010203|PL.51001.21056.3204.MT.02401.SECU.00......CN0010606|51001|ACC|184430433071266.010001|0606|0606|CNY|82.580000|1||1|1|450|51001|21056|LD|00|LD1707576900|LD1707576900||1002725||20180701|20180702||44_INPUTTER|44_INPUTTER|||1|20180702|51001|3204|MT|21056|
59010103|PL.51001.21052.3203.ST.02001.SECU.00......CN0010606|51001|ACC|184433041371266.130001|0606|0606|CNY|58.020000|1||1|9999|450|51001|21052|LD|00|LD1816401690|LD1816401690||1001319||20180701|20180702||42_INPUTTER|42_INPUTTER|||1|20180702|51001|3203|ST|21052|
50010103|PL.51001.21052.3061.ST.02001.UNSECU.00......CN0010606|51001|ACC|184433041371266.310001|0606|0606|CNY|296.230000|1||1|1|450|51001|21052|LD|00|LD1813128857|LD1813128857||1002175||20180701|20180702||42_INPUTTER|42_INPUTTER|||1|20180702|51001|3061|ST|21052|
59010103|PL.51001.21052.3203.ST.02001.SECU.00......CN0010606|51001|ACC|184810040244523.070001|0606|0606|CNY|58.020000|1||1|9999|450|51001|21052|LD|00|LD1816401690|LD1816401690||1001319||20180702|20180702||45_INPUTTER|45_INPUTTER|||1|20180702|51001|3203|ST|21052|
50010103|PL.51001.21052.3061.ST.02001.UNSECU.00......CN0010606|51001|ACC|184810040244527.050001|0606|0606|CNY|296.240000|1||1|1|450|51001|21052|LD|00|LD1813128857|LD1813128857||1002175||20180702|20180702||45_INPUTTER|45_INPUTTER|||1|20180702|51001|3061|ST|21052|
59010203|PL.51001.21056.3204.MT.02401.SECU.00......CN0010606|51001|ACC|184810724044525.030001|0606|0606|CNY|82.580000|1||1|1|450|51001|21056|LD|00|LD1707576900|LD1707576900||1002725||20180702|20180702||47_INPUTTER|47_INPUTTER|||1|20180702|51001|3204|MT|21056|
50110101|PL.50000.1112.3107..........CN0010606|||184811060744678.090001|0606|0606|CNY|-0.020000|0||1|9999|380|50000|1112|IC|||1060602000003005||1001326|||20180702||48_INPUTTER|48_INPUTTER|||1|20180702|50000|3107||1112|
500203|PL.51001.21073.2153.MT.04001.UNSECU.00......CN0010606|51001|ACC|184430433071265.000001|0606|0606|USD|125.810000|1|6.616600|1|1|450|51001|21073|LD|00|LD1633068385|LD1633068385||1002482||20180701|20180702||44_INPUTTER|44_INPUTTER|||1|20180702|51001|2153|MT|21073|
500203|PL.51001.21073.2153.MT.04001.UNSECU.00......CN0010606|51001|ACC|184810724044521.000001|0606|0606|USD|125.810000|1|6.616600|1|1|450|51001|21073|LD|00|LD1633068385|LD1633068385||1002482||20180702|20180702||47_INPUTTER|47_INPUTTER|||1|20180702|51001|2153|MT|21073|
50110101|PL.50000.1112.3203..........CN0010606|||184811643444678.050001|0606|0606|CNY|-0.010000|0||1|9999|380|50000|1112|IC|||1060602000001045||1001960|||20180702||36_INPUTTER|36_INPUTTER|||1|20180702|50000|3203||1112|
50110101|PL.50000.1112.3063..........CN0010611|||184810040244667.030001|0611|0611|CNY|-0.190000|0||1|1|380|50000|1112|IC|||1061102000005572||1003624|||20180702||45_INPUTTER|45_INPUTTER|||1|20180702|50000|3063||1112|
50120202|PL.50000.2001.7001..........CN0010606|||184810724044690.000001|0606|0606|CNY|-0.040000|0||1|1|380|50000|2001|IC|||1060609000000027||9000031|||20180702||47_INPUTTER|47_INPUTTER|||1|20180702|50000|7001||2001|
50110101|PL.50000.1131.3203..........CN0010608|||184811643444673.000001|0608|0608|USD|-0.900000|0|6.616600|1|1|380|50000|1131|IC|||1060803000003779||1002379|||20180702||36_INPUTTER|36_INPUTTER|||1|20180702|50000|3203||1131|
500105|PL.51500.21060.3107.ST.03002..00......CN0010611|51500|ACC|184433041371267.090001|0611|0611|CNY|121.830000|1||1|1|450|51500|21060|LD|00|LD1808130568|LD1808130568||1003089||20180701|20180702||42_INPUTTER|42_INPUTTER|||1|20180702|51500|3107|ST|21060|
50110101|PL.50000.1112.3201..........CN0010611|||184810040244666.060001|0611|0611|CNY|-0.250000|0||1|1|380|50000|1112|IC|||1061102000004894||1003100|||20180702||45_INPUTTER|45_INPUTTER|||1|20180702|50000|3201||1112|
50110101|PL.50000.1112.3063..........CN0010611|||184810040244666.070001|0611|0611|CNY|-0.400000|0||1|1|380|50000|1112|IC|||1061102000004916||1003234|||20180702||45_INPUTTER|45_INPUTTER|||1|20180702|50000|3063||1112|
500105|PL.51500.21060.3107.ST.03002..00......CN0010611|51500|ACC|184812311944529.050001|0611|0611|CNY|121.840000|1||1|1|450|51500|21060|LD|00|LD1808130568|LD1808130568||1003089||20180702|20180702||42_INPUTTER|42_INPUTTER|||1|20180702|51500|3107|ST|21060|
59010103|PL.51001.21052.3106.ST.02001.SECU.00......CN0010606|51001|ACC|184432372871265.100001|0606|0606|CNY|199.990000|1||1|9999|450|51001|21052|LD|00|LD1804072234|LD1804072234||1001172||20180701|20180702||39_INPUTTER|39_INPUTTER|||1|20180702|51001|3106|ST|21052|
50010101|PL.51001.21055.3201.ST.02304.UNSECU.00......CN0010606|51001|ACC|184432704671267.050001|0606|0606|USD|159.140000|1|6.616600|1|1|450|51001|21055|LD|00|LD1813738714|LD1813738714||1004420||20180701|20180702||40_INPUTTER|40_INPUTTER|||1|20180702|51001|3201|ST|21055|
50010101|PL.51001.21055.3201.ST.02304.UNSECU.00......CN0010606|51001|ACC|184810040244533.050001|0606|0606|USD|159.150000|1|6.616600|1|1|450|51001|21055|LD|00|LD1813738714|LD1813738714||1004420||20180702|20180702||45_INPUTTER|45_INPUTTER|||1|20180702|51001|3201|ST|21055|
501102|PL.50000.6131.3063..........CN0010606|||184810387444670.000001|0606|0606|CNY|-8.960000|0||1|9999|380|50000|6131|IC|||1060607000000048||1001280|||20180702||46_INPUTTER|46_INPUTTER|||1|20180702|50000|3063||6131|
50110101|PL.50000.1112.3103..........CN0010608|||184812311944676.060001|0608|0608|CNY|-2.080000|0||1|1|380|50000|1112|IC|||1060802000007255||1004361|||20180702||42_INPUTTER|42_INPUTTER|||1|20180702|50000|3103||1112|
59010103|PL.51001.21052.3106.ST.02001.SECU.00......CN0010606|51001|ACC|184812648944526.020001|0606|0606|CNY|199.980000|1||1|9999|450|51001|21052|LD|00|LD1804072234|LD1804072234||1001172||20180702|20180702||43_INPUTTER|43_INPUTTER|||1|20180702|51001|3106|ST|21052|
501103|PL.50000.1101.1002..........CN0010606|||184812980344660.000001|0606|0606|CNY|-0.010000|0||1|9999|380|50000|1101|IC|||1060601000004207||1000394|||20180702||44_INPUTTER|44_INPUTTER|||1|20180702|50000|1002||1101|
59010302|PL.51001.21056.3999.LT.02402.SECU.00......CN0010606|51001|ACC|184430769771267.110001|0606|0606|CNY|22857.300000|1||1|9999|450|51001|21056|LD|00|LD1428200145|LD1428200145||1001151||20180701|20180702||45_INPUTTER|45_INPUTTER|||1|20180702|51001|3999|LT|21056|
500105|PL.51500.21060.3063.ST.03002..00......CN0010611|51500|ACC|184432372871266.320001|0611|0611|CNY|84.670000|1||1|1|450|51500|21060|LD|00|LD1807342031|LD1807342031||1003314||20180701|20180702||39_INPUTTER|39_INPUTTER|||1|20180702|51500|3063|ST|21060|
500105|PL.51500.21060.3063.ST.03002..00......CN0010611|51500|ACC|184811397744528.070001|0611|0611|CNY|84.660000|1||1|1|450|51500|21060|LD|00|LD1807342031|LD1807342031||1003314||20180702|20180702||49_INPUTTER|49_INPUTTER|||1|20180702|51500|3063|ST|21060|
59010302|PL.51001.21056.3999.LT.02402.SECU.00......CN0010606|51001|ACC|184811397744530.010001|0606|0606|CNY|22857.300000|1||1|9999|450|51001|21056|LD|00|LD1428200145|LD1428200145||1001151||20180702|20180702||49_INPUTTER|49_INPUTTER|||1|20180702|51001|3999|LT|21056|
501102|PL.50000.6131.3203..........CN0010606|||184810724044666.060001|0606|0606|CNY|-300.000000|0||1|9999|380|50000|6131|IC|||1060607000002205||1001234|||20180702||47_INPUTTER|47_INPUTTER|||1|20180702|50000|3203||6131|
500105|PL.51500.21060.3101.ST.03002..00......CN0010606|51500|ACC|184430096371265.120001|0606|0606|CNY|328.480000|1||1|1|450|51500|21060|LD|00|LD1817633612|LD1817633612||1003317||20180701|20180702||43_INPUTTER|43_INPUTTER|||1|20180702|51500|3101|ST|21060|
500105|PL.51500.21060.3107.ST.03002..00......CN0010611|51500|ACC|184432704671264.060001|0611|0611|CNY|141.670000|1||1|1|450|51500|21060|LD|00|LD1808179004|LD1808179004||1003089||20180701|20180702||40_INPUTTER|40_INPUTTER|||1|20180702|51500|3107|ST|21060|
500105|PL.51500.21060.3101.ST.03002..00......CN0010606|51500|ACC|184810387444527.040001|0606|0606|CNY|328.480000|1||1|1|450|51500|21060|LD|00|LD1817633612|LD1817633612||1003317||20180702|20180702||46_INPUTTER|46_INPUTTER|||1|20180702|51500|3101|ST|21060|
501103|PL.50000.1101.1002..........CN0010607|||184811643444663.000001|0606|0607|CNY|-0.060000|0||1|9999|380|50000|1101|IC|||1060701000007416||1000302|||20180702||36_INPUTTER|36_INPUTTER|||1|20180702|50000|1002||1101|
50110101|PL.50000.1112.3049..........CN0010608|||184812311944676.010001|0608|0608|CNY|-16.310000|0||1|1|380|50000|1112|IC|||1060802000005748||1002957|||20180702||42_INPUTTER|42_INPUTTER|||1|20180702|50000|3049||1112|
500105|PL.51500.21060.3107.ST.03002..00......CN0010611|51500|ACC|184812980344524.000001|0611|0611|CNY|141.660000|1||1|1|450|51500|21060|LD|00|LD1808179004|LD1808179004||1003089||20180702|20180702||44_INPUTTER|44_INPUTTER|||1|20180702|51500|3107|ST|21060|
59010103|PL.51001.21052.3063.ST.02001.SECU.00......CN0010606|51001|ACC|184432036271266.040001|0606|0606|CNY|283.010000|1||1|1|450|51001|21052|LD|00|LD1734707474|LD1734707474||1002675||20180701|20180702||38_INPUTTER|38_INPUTTER|||1|20180702|51001|3063|ST|21052|
500105|PL.51500.21060.3107.ST.03002..00......CN0010611|51500|ACC|184433041371266.030001|0611|0611|CNY|206.250000|1||1|1|450|51500|21060|LD|00|LD1816317614|LD1816317614||1003089||20180701|20180702||42_INPUTTER|42_INPUTTER|||1|20180702|51500|3107|ST|21060|
500105|PL.51500.21060.3107.ST.03002..00......CN0010611|51500|ACC|184810040244522.090001|0611|0611|CNY|206.250000|1||1|1|450|51500|21060|LD|00|LD1816317614|LD1816317614||1003089||20180702|20180702||45_INPUTTER|45_INPUTTER|||1|20180702|51500|3107|ST|21060|
501103|PL.50000.1101.1002..........CN0010611|||184811975244663.020001|0611|0611|CNY|-0.190000|0||1|1|380|50000|1101|IC|||1061101000012459||1003532|||20180702||41_INPUTTER|41_INPUTTER|||1|20180702|50000|1002||1101|
59010103|PL.51001.21052.3063.ST.02001.SECU.00......CN0010606|51001|ACC|184812311944519.050001|0606|0606|CNY|283.020000|1||1|1|450|51001|21052|LD|00|LD1734707474|LD1734707474||1002675||20180702|20180702||42_INPUTTER|42_INPUTTER|||1|20180702|51001|3063|ST|21052|
50110101|PL.50000.1112.3064..........CN0010606|||184812980344679.020001|0606|0606|CNY|-0.350000|0||1|9999|380|50000|1112|IC|||1060602000002955||1001004|||20180702||44_INPUTTER|44_INPUTTER|||1|20180702|50000|3064||1112|
59010203|PL.51001.21056.3204.MT.02401.SECU.00......CN0010606|51001|ACC|184430433071266.000001|0606|0606|CNY|144.510000|1||1|1|450|51001|21056|LD|00|LD1707431595|LD1707431595||1002725||20180701|20180702||44_INPUTTER|44_INPUTTER|||1|20180702|51001|3204|MT|21056|
501104|PL.50000.6122.1002..........CN0010606|||184810387444693.010001|0606|0606|CNY|-21.340000|0||1|9999|380|50000|6122|IC|||1060606000000141||1000413|||20180702||46_INPUTTER|46_INPUTTER|||1|20180702|50000|1002||6122|
59010203|PL.51001.21056.3204.MT.02401.SECU.00......CN0010606|51001|ACC|184810724044525.020001|0606|0606|CNY|144.520000|1||1|1|450|51001|21056|LD|00|LD1707431595|LD1707431595||1002725||20180702|20180702||47_INPUTTER|47_INPUTTER|||1|20180702|51001|3204|MT|21056|
501103|PL.50000.1102.1002..........CN0010606|||184811060744660.010001|0606|0606|CNY|-0.850000|0||1|9999|380|50000|1102|IC|||1060601000005176||1000342|||20180702||48_INPUTTER|48_INPUTTER|||1|20180702|50000|1002||1102|
501104|PL.50000.6122.1002..........CN0010606|||184810387444692.020001|0606|0606|CNY|-5.240000|0||1|9999|380|50000|6122|IC|||1060606000002497||1000137|||20180702||46_INPUTTER|46_INPUTTER|||1|20180702|50000|1002||6122|
501102|PL.50000.6131.3203..........CN0010606|||184810724044666.050001|0606|0606|CNY|-1900.000000|0||1|1|380|50000|6131|IC|||1060607000002191||1002705|||20180702||47_INPUTTER|47_INPUTTER|||1|20180702|50000|3203||6131|
501103|PL.50000.1101.1002..........CN0010607|||184811060744663.010001|0606|0607|CNY|-0.010000|0||1|1|380|50000|1101|IC|||1060701000011677||1002743|||20180702||48_INPUTTER|48_INPUTTER|||1|20180702|50000|1002||1101|
50010202|PL.51001.21053.3049.MT.02102.UNSECU.00......CN0010608|51001|ACC|184430096371265.080001|0608|0608|CNY|108.060000|1||1|1|450|51001|21053|LD|00|LD1817305160|LD1817305160||1002957||20180701|20180702||43_INPUTTER|43_INPUTTER|||1|20180702|51001|3049|MT|21053|
500105|PL.51500.21060.3107.ST.03002..00......CN0010611|51500|ACC|184432704671265.080001|0611|0611|CNY|340.000000|1||1|1|450|51500|21060|LD|00|LD1809340397|LD1809340397||1003089||20180701|20180702||40_INPUTTER|40_INPUTTER|||1|20180702|51500|3107|ST|21060|
50010202|PL.51001.21053.3049.MT.02102.UNSECU.00......CN0010608|51001|ACC|184810387444527.000001|0608|0608|CNY|108.060000|1||1|1|450|51001|21053|LD|00|LD1817305160|LD1817305160||1002957||20180702|20180702||46_INPUTTER|46_INPUTTER|||1|20180702|51001|3049|MT|21053|
500105|PL.51500.21060.3107.ST.03002..00......CN0010611|51500|ACC|184812980344525.000001|0611|0611|CNY|340.000000|1||1|1|450|51500|21060|LD|00|LD1809340397|LD1809340397||1003089||20180702|20180702||44_INPUTTER|44_INPUTTER|||1|20180702|51500|3107|ST|21060|
50110101|PL.50000.1112.3107..........CN0010606|||184811060744679.050001|0606|0606|CNY|-0.500000|0||1|9999|380|50000|1112|IC|||1060602000000111||1001144|||20180702||48_INPUTTER|48_INPUTTER|||1|20180702|50000|3107||1112|
500105|PL.51500.21060.3063.ST.03002..00......CN0010611|51500|ACC|184431031071267.010001|0611|0611|CNY|111.110000|1||1|1|450|51500|21060|LD|00|LD1803092810|LD1803092810||1003314||20180701|20180702||34_INPUTTER|34_INPUTTER|||1|20180702|51500|3063|ST|21060|
501102|PL.50000.6131.3109..........CN0010606|||184810387444669.010001|0606|0606|CNY|-50.590000|0||1|9999|380|50000|6131|IC|||1060607000002175||1001169|||20180702||46_INPUTTER|46_INPUTTER|||1|20180702|50000|3109||6131|
501104|PL.50000.6122.1002..........CN0010606|||184810387444691.070001|0606|0606|CNY|-5.240000|0||1|9999|380|50000|6122|IC|||1060606000000923||1000181|||20180702||46_INPUTTER|46_INPUTTER|||1|20180702|50000|1002||6122|
500105|PL.51500.21060.3063.ST.03002..00......CN0010611|51500|ACC|184810724044529.040001|0611|0611|CNY|111.110000|1||1|1|450|51500|21060|LD|00|LD1803092810|LD1803092810||1003314||20180702|20180702||47_INPUTTER|47_INPUTTER|||1|20180702|51500|3063|ST|21060|
59010103|PL.51001.21052.3107.ST.02001.SECU.00......CN0010606|51001|ACC|184433041371265.010001|0606|0606|CNY|552.590000|1||1|9999|450|51001|21052|LD|00|LD1815005401|LD1815005401||1001139||20180701|20180702||42_INPUTTER|42_INPUTTER|||1|20180702|51001|3107|ST|21052|
59010103|PL.51001.21052.3107.ST.02001.SECU.00......CN0010606|51001|ACC|184810040244520.030001|0606|0606|CNY|552.590000|1||1|9999|450|51001|21052|LD|00|LD1815005401|LD1815005401||1001139||20180702|20180702||45_INPUTTER|45_INPUTTER|||1|20180702|51001|3107|ST|21052|
50110101|PL.50000.1112.3203..........CN0010606|||184811060744678.050001|0606|0606|CNY|-0.010000|0||1|9999|380|50000|1112|IC|||1060602000001018||1001411|||20180702||48_INPUTTER|48_INPUTTER|||1|20180702|50000|3203||1112|
501102|PL.50000.6151.3063..........CN0010606|||184810724044674.000001|0606|0606|USD|-14.170000|0|6.616600|1|9999|380|50000|6151|IC|||1060608000000028||1001150|||20180702||47_INPUTTER|47_INPUTTER|||1|20180702|50000|3063||6151|
501103|PL.50000.1101.1002..........CN0010606|||184812648944661.010001|0606|0606|USD|-0.010000|0|6.616600|1|9999|380|50000|1101|IC|||1060601000008213||1000356|||20180702||43_INPUTTER|43_INPUTTER|||1|20180702|50000|1002||1101|
50010103|PL.51001.21052.3203.ST.02001.UNSECU.00......CN0010606|51001|ACC|184430096371266.160001|0606|0606|CNY|1389.580000|1||1|9999|450|51001|21052|LD|00|LD1723793483|LD1723793483||1001210||20180701|20180702||43_INPUTTER|43_INPUTTER|||1|20180702|51001|3203|ST|21052|
500105|PL.51500.21060.3203.ST.03002..00......CN0010611|51500|ACC|184431367771267.050001|0611|0611|CNY|93.380000|1||1|1|450|51500|21060|LD|00|LD1814204025|LD1814204025||1004358||20180701|20180702||35_INPUTTER|35_INPUTTER|||1|20180702|51500|3203|ST|21060|
50010103|PL.51001.21052.3203.ST.02001.UNSECU.00......CN0010606|51001|ACC|184431367771266.120001|0606|0606|CNY|530.320000|1||1|9999|450|51001|21052|LD|00|LD1723547801|LD1723547801||1001210||20180701|20180702||35_INPUTTER|35_INPUTTER|||1|20180702|51001|3203|ST|21052|
500105|PL.51500.21060.3203.ST.03002..00......CN0010611|51500|ACC|184810387444529.000001|0611|0611|CNY|93.390000|1||1|1|450|51500|21060|LD|00|LD1814204025|LD1814204025||1004358||20180702|20180702||46_INPUTTER|46_INPUTTER|||1|20180702|51500|3203|ST|21060|
50010103|PL.51001.21052.3203.ST.02001.UNSECU.00......CN0010606|51001|ACC|184811643444523.010001|0606|0606|CNY|530.320000|1||1|9999|450|51001|21052|LD|00|LD1723547801|LD1723547801||1001210||20180702|20180702||36_INPUTTER|36_INPUTTER|||1|20180702|51001|3203|ST|21052|
50010103|PL.51001.21052.3203.ST.02001.UNSECU.00......CN0010606|51001|ACC|184811643444523.050001|0606|0606|CNY|1389.590000|1||1|9999|450|51001|21052|LD|00|LD1723793483|LD1723793483||1001210||20180702|20180702||36_INPUTTER|36_INPUTTER|||1|20180702|51001|3203|ST|21052|
59010202|PL.51001.21053.3050.MT.02102.SECU.00......CN0010606|51001|ACC|184430433071266.080001|0606|0606|USD|17.290000|1|6.616600|1|9999|450|51001|21053|LD|00|LD1712402779|LD1712402779||1001063||20180701|20180702||44_INPUTTER|44_INPUTTER|||1|20180702|51001|3050|MT|21053|
500105|PL.51500.21060.3063.ST.03002..00......CN0010606|51500|ACC|184432372871266.000001|0606|0606|CNY|1361.110000|1||1|1|450|51500|21060|LD|00|LD1805569032|LD1805569032||1004372||20180701|20180702||39_INPUTTER|39_INPUTTER|||1|20180702|51500|3063|ST|21060|
500105|PL.51500.21060.3063.ST.03002..00......CN0010606|51500|ACC|184432704671266.270001|0606|0606|CNY|1305.560000|1||1|1|450|51500|21060|LD|00|LD1813101026|LD1813101026||1004437||20180701|20180702||40_INPUTTER|40_INPUTTER|||1|20180702|51500|3063|ST|21060|
59010202|PL.51001.21053.3050.MT.02102.SECU.00......CN0010606|51001|ACC|184811060744528.000001|0606|0606|USD|17.300000|1|6.616600|1|9999|450|51001|21053|LD|00|LD1712402779|LD1712402779||1001063||20180702|20180702||48_INPUTTER|48_INPUTTER|||1|20180702|51001|3050|MT|21053|
500105|PL.51500.21060.3063.ST.03002..00......CN0010606|51500|ACC|184811060744530.100001|0606|0606|CNY|1305.550000|1||1|1|450|51500|21060|LD|00|LD1813101026|LD1813101026||1004437||20180702|20180702||48_INPUTTER|48_INPUTTER|||1|20180702|51500|3063|ST|21060|
50110101|PL.50000.1112.3107..........CN0010606|||184811060744675.110001|0606|0606|CNY|-177.030000|0||1|9999|380|50000|1112|IC|||1060602000004583||1001948|||20180702||48_INPUTTER|48_INPUTTER|||1|20180702|50000|3107||1112|
500105|PL.51500.21060.3063.ST.03002..00......CN0010606|51500|ACC|184812311944526.030001|0606|0606|CNY|1361.110000|1||1|1|450|51500|21060|LD|00|LD1805569032|LD1805569032||1004372||20180702|20180702||42_INPUTTER|42_INPUTTER|||1|20180702|51500|3063|ST|21060|
50010103|PL.51001.21052.3049.ST.02001.UNSECU.00......CN0010606|51001|ACC|184433041371266.190001|0606|0606|CNY|228.510000|1||1|1|450|51001|21052|LD|00|LD1816669992|LD1816669992||1003771||20180701|20180702||42_INPUTTER|42_INPUTTER|||1|20180702|51001|3049|ST|21052|
50010103|PL.51001.21052.3049.ST.02001.UNSECU.00......CN0010606|51001|ACC|184810040244527.040001|0606|0606|CNY|228.520000|1||1|1|450|51001|21052|LD|00|LD1816669992|LD1816669992||1003771||20180702|20180702||45_INPUTTER|45_INPUTTER|||1|20180702|51001|3049|ST|21052|
501102|PL.50000.6131.3063..........CN0010609|||184810724044668.010001|0606|0609|CNY|-5.000000|0||1|9999|380|50000|6131|IC|||1060907000000222||1001265|||20180702||47_INPUTTER|47_INPUTTER|||1|20180702|50000|3063||6131|
50110101|PL.50000.1113.3203..........CN0010606|||184812311944670.000001|0606|0606|CNY|-23.440000|0||1|9999|380|50000|1113|IC|||1060602000002815||1001182|||20180702||42_INPUTTER|42_INPUTTER|||1|20180702|50000|3203||1113|
500203|PL.51001.21073.2153.MT.04001.UNSECU.00......CN0010606|51001|ACC|184430433071265.130001|0606|0606|CNY|13537.500000|1||1|1|450|51001|21073|LD|00|LD1701333047|LD1701333047||1003054||20180701|20180702||44_INPUTTER|44_INPUTTER|||1|20180702|51001|2153|MT|21073|
50110101|PL.50000.1112.3063..........CN0010611|||184810040244667.090001|0611|0611|CNY|-0.020000|0||1|1|380|50000|1112|IC|||1061102000006366||1004010|||20180702||45_INPUTTER|45_INPUTTER|||1|20180702|50000|3063||1112|
501104|PL.50000.6122.1002..........CN0010606|||184810387444666.020001|0606|0606|CNY|-21.340000|0||1|9999|380|50000|6122|IC|||1060606000001938||1000753|||20180702||46_INPUTTER|46_INPUTTER|||1|20180702|50000|1002||6122|
500203|PL.51001.21073.2153.MT.04001.UNSECU.00......CN0010606|51001|ACC|184811060744525.010001|0606|0606|CNY|13537.500000|1||1|1|450|51001|21073|LD|00|LD1701333047|LD1701333047||1003054||20180702|20180702||48_INPUTTER|48_INPUTTER|||1|20180702|51001|2153|MT|21073|
50110101|PL.50000.1112.3107..........CN0010611|||184810040244666.090001|0611|0611|CNY|-2.920000|0||1|1|380|50000|1112|IC|||1061102000005114||1003220|||20180702||45_INPUTTER|45_INPUTTER|||1|20180702|50000|3107||1112|
50110101|PL.50000.1112.3050..........CN0010606|||184812311944672.020001|0606|0606|CNY|-0.260000|0||1|9999|380|50000|1112|IC|||1060602000007973||1001118|||20180702||42_INPUTTER|42_INPUTTER|||1|20180702|50000|3050||1112|
501102|PL.50000.6131.3049..........CN0010607|||184810387444669.090001|0606|0607|CNY|-384.070000|0||1|9999|380|50000|6131|IC|||1060707000001227||1001205|||20180702||46_INPUTTER|46_INPUTTER|||1|20180702|50000|3049||6131|
501102|PL.50000.6151.3063..........CN0010606|||184810724044689.020001|0606|0606|USD|-6.120000|0|6.616600|1|9999|380|50000|6151|IC|||1060608000000357||1001150|||20180702||47_INPUTTER|47_INPUTTER|||1|20180702|50000|3063||6151|
501103|PL.50000.1101.1002..........CN0010606|||184811060744677.030001|0606|0606|CNY|-0.020000|0||1|9999|380|50000|1101|IC|||1060601000003537||1000499|||20180702||48_INPUTTER|48_INPUTTER|||1|20180702|50000|1002||1101|
501103|PL.50000.1101.1002..........CN0010606|||184811643444659.000001|0606|0606|CNY|-0.010000|0||1|9999|380|50000|1101|IC|||1060601000003823||1000386|||20180702||36_INPUTTER|36_INPUTTER|||1|20180702|50000|1002||1101|
501104|PL.50000.6122.1002..........CN0010606|||184810387444665.020001|0606|0606|CNY|-21.330000|0||1|9999|380|50000|6122|IC|||1060606000001838||1000470|||20180702||46_INPUTTER|46_INPUTTER|||1|20180702|50000|1002||6122|
50010103|PL.51001.21052.3203.ST.02001.UNSECU.00......CN0010606|51001|ACC|184431367771266.100001|0606|0606|CNY|660.570000|1||1|9999|450|51001|21052|LD|00|LD1723467756|LD1723467756||1001210||20180701|20180702||35_INPUTTER|35_INPUTTER|||1|20180702|51001|3203|ST|21052|
500105|PL.51500.21060.3063.ST.03002..00......CN0010611|51500|ACC|184432036271267.010001|0611|0611|CNY|23.910000|1||1|1|450|51500|21060|LD|00|LD1801939961|LD1801939961||1003314||20180701|20180702||38_INPUTTER|38_INPUTTER|||1|20180702|51500|3063|ST|21060|
501102|PL.50000.6131.3203..........CN0010609|||184810724044668.030001|0606|0609|CNY|-641.670000|0||1|1|380|50000|6131|IC|||1060907000002799||1004265|||20180702||47_INPUTTER|47_INPUTTER|||1|20180702|50000|3203||6131|
50010103|PL.51001.21052.3203.ST.02001.UNSECU.00......CN0010606|51001|ACC|184811643444522.060001|0606|0606|CNY|660.580000|1||1|9999|450|51001|21052|LD|00|LD1723467756|LD1723467756||1001210||20180702|20180702||36_INPUTTER|36_INPUTTER|||1|20180702|51001|3203|ST|21052|
500105|PL.51500.21060.3063.ST.03002..00......CN0010611|51500|ACC|184812311944521.010001|0611|0611|CNY|23.920000|1||1|1|450|51500|21060|LD|00|LD1801939961|LD1801939961||1003314||20180702|20180702||42_INPUTTER|42_INPUTTER|||1|20180702|51500|3063|ST|21060|
59010103|PL.51001.21052.3203.ST.02001.SECU.00......CN0010606|51001|ACC|184430096371265.170001|0606|0606|CNY|35.660000|1||1|1|450|51001|21052|LD|00|LD1817797196|LD1817797196||1003902||20180701|20180702||43_INPUTTER|43_INPUTTER|||1|20180702|51001|3203|ST|21052|
59010103|PL.51001.21052.3203.ST.02001.SECU.00......CN0010606|51001|ACC|184810387444527.090001|0606|0606|CNY|35.660000|1||1|1|450|51001|21052|LD|00|LD1817797196|LD1817797196||1003902||20180702|20180702||46_INPUTTER|46_INPUTTER|||1|20180702|51001|3203|ST|21052|
59010202|PL.51001.21053.3063.MT.02104.SECU.00......CN0010606|51001|ACC|184432704671266.140001|0606|0606|CNY|5383.330000|1||1|1|450|51001|21053|LD|00|LD1812231382|LD1812231382||1004378||20180701|20180702||40_INPUTTER|40_INPUTTER|||1|20180702|51001|3063|MT|21053|
59010202|PL.51001.21053.3063.MT.02104.SECU.00......CN0010606|51001|ACC|184811060744531.070001|0606|0606|CNY|5383.340000|1||1|1|450|51001|21053|LD|00|LD1812231382|LD1812231382||1004378||20180702|20180702||48_INPUTTER|48_INPUTTER|||1|20180702|51001|3063|MT|21053|
50110101|PL.50000.1112.3109..........CN0010606|||184812311944671.060001|0606|0606|CNY|-179.470000|0||1|1|380|50000|1112|IC|||1060602000007547||1002163|||20180702||42_INPUTTER|42_INPUTTER|||1|20180702|50000|3109||1112|
501102|PL.50000.6131.3109..........CN0010606|||184810387444671.020001|0606|0606|CNY|-277.880000|0||1|9999|380|50000|6131|IC|||1060607000002973||1001169|||20180702||46_INPUTTER|46_INPUTTER|||1|20180702|50000|3109||6131|
50110101|PL.50000.1112.3203..........CN0010606|||184811397744679.030001|0606|0606|CNY|-0.160000|0||1|9999|380|50000|1112|IC|||1060602000000804||1001399|||20180702||49_INPUTTER|49_INPUTTER|||1|20180702|50000|3203||1112|
59010202|PL.51001.21054.3204.MT.02201.SECU.00......CN0010606|51001|ACC|184430433071265.090001|0606|0606|CNY|176.590000|1||1|9999|450|51001|21054|LD|00|LD1635541103|LD1635541103||1001031||20180701|20180702||44_INPUTTER|44_INPUTTER|||1|20180702|51001|3204|MT|21054|
50010103|PL.51001.21052.3049.ST.02001.UNSECU.00......CN0010606|51001|ACC|184431704771267.080001|0606|0606|CNY|526.870000|1||1|1|450|51001|21052|LD|00|LD1733180915|LD1733180915||1003771||20180701|20180702||37_INPUTTER|37_INPUTTER|||1|20180702|51001|3049|ST|21052|
59010202|PL.51001.21054.3204.MT.02201.SECU.00......CN0010606|51001|ACC|184810724044522.010001|0606|0606|CNY|176.580000|1||1|9999|450|51001|21054|LD|00|LD1635541103|LD1635541103||1001031||20180702|20180702||47_INPUTTER|47_INPUTTER|||1|20180702|51001|3204|MT|21054|
50110101|PL.50000.1112.3049..........CN0010606|||184811060744678.040001|0606|0606|CNY|-0.750000|0||1|9999|380|50000|1112|IC|||1060602000000928||1001364|||20180702||48_INPUTTER|48_INPUTTER|||1|20180702|50000|3049||1112|
50110101|PL.50000.1112.3063..........CN0010606|||184811643444678.020001|0606|0606|CNY|-0.020000|0||1|9999|380|50000|1112|IC|||1060602000000979||1001957|||20180702||36_INPUTTER|36_INPUTTER|||1|20180702|50000|3063||1112|
50010103|PL.51001.21052.3049.ST.02001.UNSECU.00......CN0010606|51001|ACC|184811975244525.090001|0606|0606|CNY|526.860000|1||1|1|450|51001|21052|LD|00|LD1733180915|LD1733180915||1003771||20180702|20180702||41_INPUTTER|41_INPUTTER|||1|20180702|51001|3049|ST|21052|
501104|PL.50000.6122.1002..........CN0010606|||184810724044696.000001|0606|0606|CNY|-80.000000|0||1|9999|380|50000|6122|IC|||1060606000000621||1000338|||20180702||47_INPUTTER|47_INPUTTER|||1|20180702|50000|1002||6122|
50110101|PL.50000.1131.3107..........CN0010611|||184811397744671.000001|0611|0611|USD|-0.250000|0|6.616600|1|1|380|50000|1131|IC|||1061103000005797||1004083|||20180702||49_INPUTTER|49_INPUTTER|||1|20180702|50000|3107||1131|
59010202|PL.51001.21053.3107.MT.02104.SECU.00......CN0010606|51001|ACC|184432372871265.050001|0606|0606|CNY|1043.250000|1||1|1|450|51001|21053|LD|00|LD1803813070|LD1803813070||1002713||20180701|20180702||39_INPUTTER|39_INPUTTER|||1|20180702|51001|3107|MT|21053|
50010101|PL.51001.21055.3063.ST.02304.UNSECU.00......CN0010606|51001|ACC|184432372871267.030001|0606|0606|USD|87.470000|1|6.616600|1|9999|450|51001|21055|LD|00|LD1807360550|LD1807360550||1001150||20180701|20180702||39_INPUTTER|39_INPUTTER|||1|20180702|51001|3063|ST|21055|
50010103|PL.51001.21052.3201.ST.02001.UNSECU.00......CN0010606|51001|ACC|184433041371266.220001|0606|0606|CNY|664.580000|1||1|9999|450|51001|21052|LD|00|LD1817001571|LD1817001571||1000972||20180701|20180702||42_INPUTTER|42_INPUTTER|||1|20180702|51001|3201|ST|21052|
50010103|PL.51001.21052.3201.ST.02001.UNSECU.00......CN0010606|51001|ACC|184811643444538.020001|0606|0606|CNY|664.590000|1||1|9999|450|51001|21052|LD|00|LD1817001571|LD1817001571||1000972||20180702|20180702||36_INPUTTER|36_INPUTTER|||1|20180702|51001|3201|ST|21052|
50010101|PL.51001.21055.3063.ST.02304.UNSECU.00......CN0010606|51001|ACC|184812311944528.090001|0606|0606|USD|87.470000|1|6.616600|1|9999|450|51001|21055|LD|00|LD1807360550|LD1807360550||1001150||20180702|20180702||42_INPUTTER|42_INPUTTER|||1|20180702|51001|3063|ST|21055|
59010202|PL.51001.21053.3107.MT.02104.SECU.00......CN0010606|51001|ACC|184812648944526.010001|0606|0606|CNY|1043.240000|1||1|1|450|51001|21053|LD|00|LD1803813070|LD1803813070||1002713||20180702|20180702||43_INPUTTER|43_INPUTTER|||1|20180702|51001|3107|MT|21053|
50010103|PL.51001.21052.3061.ST.02001.UNSECU.00......CN0010606|51001|ACC|184432704671266.050001|0606|0606|CNY|489.710000|1||1|1|450|51001|21052|LD|00|LD1811758136|LD1811758136||1002175||20180701|20180702||40_INPUTTER|40_INPUTTER|||1|20180702|51001|3061|ST|21052|
50110101|PL.50000.1113.3049..........CN0010611|||184810040244668.000001|0611|0611|CNY|-0.020000|0||1|1|380|50000|1113|IC|||1061102000006412||1003677|||20180702||45_INPUTTER|45_INPUTTER|||1|20180702|50000|3049||1113|
50010103|PL.51001.21052.3061.ST.02001.UNSECU.00......CN0010606|51001|ACC|184811060744530.000001|0606|0606|CNY|489.710000|1||1|1|450|51001|21052|LD|00|LD1811758136|LD1811758136||1002175||20180702|20180702||48_INPUTTER|48_INPUTTER|||1|20180702|51001|3061|ST|21052|
501103|PL.50000.1101.1002..........CN0010606|||184812980344663.030001|0606|0606|USD|-0.050000|0|6.616600|1|9999|380|50000|1101|IC|||1060601000010439||1000417|||20180702||44_INPUTTER|44_INPUTTER|||1|20180702|50000|1002||1101|
50010103|PL.51001.21052.3203.ST.02001.UNSECU.00......CN0010606|51001|ACC|184430769771267.000001|0606|0606|CNY|561.930000|1||1|9999|450|51001|21052|LD|00|LD1731703842|LD1731703842||1001210||20180701|20180702||45_INPUTTER|45_INPUTTER|||1|20180702|51001|3203|ST|21052|
500105|PL.51500.21060.3107.ST.03002..00......CN0010611|51500|ACC|184433041371267.140001|0611|0611|CNY|99.170000|1||1|1|450|51500|21060|LD|00|LD1808175064|LD1808175064||1003089||20180701|20180702||42_INPUTTER|42_INPUTTER|||1|20180702|51500|3107|ST|21060|
501102|PL.50000.6131.3063..........CN0010609|||184810724044669.000001|0606|0609|CNY|-69.440000|0||1|9999|380|50000|6131|IC|||1060907000000206||1001402|||20180702||47_INPUTTER|47_INPUTTER|||1|20180702|50000|3063||6131|
50010103|PL.51001.21052.3203.ST.02001.UNSECU.00......CN0010606|51001|ACC|184811975244524.090001|0606|0606|CNY|561.940000|1||1|9999|450|51001|21052|LD|00|LD1731703842|LD1731703842||1001210||20180702|20180702||41_INPUTTER|41_INPUTTER|||1|20180702|51001|3203|ST|21052|
500105|PL.51500.21060.3107.ST.03002..00......CN0010611|51500|ACC|184812311944529.100001|0611|0611|CNY|99.160000|1||1|1|450|51500|21060|LD|00|LD1808175064|LD1808175064||1003089||20180702|20180702||42_INPUTTER|42_INPUTTER|||1|20180702|51500|3107|ST|21060|
59010202|PL.51001.21053.3110.MT.02104.SECU.00......CN0010606|51001|ACC|184430433071265.150001|0606|0606|CNY|1509.770000|1||1|1|450|51001|21053|LD|00|LD1701834038|LD1701834038||1002271||20180701|20180702||44_INPUTTER|44_INPUTTER|||1|20180702|51001|3110|MT|21053|
501104|PL.50000.6122.1002..........CN0010606|||184810387444690.030001|0606|0606|CNY|-12.620000|0||1|9999|380|50000|6122|IC|||1060606000001733||1000409|||20180702||46_INPUTTER|46_INPUTTER|||1|20180702|50000|1002||6122|
59010202|PL.51001.21053.3110.MT.02104.SECU.00......CN0010606|51001|ACC|184811060744525.030001|0606|0606|CNY|1509.780000|1||1|1|450|51001|21053|LD|00|LD1701834038|LD1701834038||1002271||20180702|20180702||48_INPUTTER|48_INPUTTER|||1|20180702|51001|3110|MT|21053|
50110101|PL.50000.1111.3109..........CN0010606|||184811060744675.010001|0606|0606|CNY|-0.940000|0||1|9999|380|50000|1111|IC|||1060602000003528||1001083|||20180702||48_INPUTTER|48_INPUTTER|||1|20180702|50000|3109||1111|
59010103|PL.51001.21052.3203.ST.02001.SECU.00......CN0010606|51001|ACC|184432036271266.020001|0606|0606|CNY|139.260000|1||1|9999|450|51001|21052|LD|00|LD1734213503|LD1734213503||1001191||20180701|20180702||38_INPUTTER|38_INPUTTER|||1|20180702|51001|3203|ST|21052|
50010202|PL.51001.21053.3049.MT.02102.UNSECU.00......CN0010608|51001|ACC|184432704671265.170001|0608|0608|USD|9.740000|1|6.616600|1|1|450|51001|21053|LD|00|LD1810324053|LD1810324053||1002957||20180701|20180702||40_INPUTTER|40_INPUTTER|||1|20180702|51001|3049|MT|21053|
500105|PL.51500.21060.3063.ST.03002..00......CN0010606|51500|ACC|184432704671266.230001|0606|0606|CNY|1442.220000|1||1|9999|450|51500|21060|LD|00|LD1812967300|LD1812967300||1001265||20180701|20180702||40_INPUTTER|40_INPUTTER|||1|20180702|51500|3063|ST|21060|
59010103|PL.51001.21052.3203.ST.02001.SECU.00......CN0010606|51001|ACC|184812311944519.030001|0606|0606|CNY|139.260000|1||1|9999|450|51001|21052|LD|00|LD1734213503|LD1734213503||1001191||20180702|20180702||42_INPUTTER|42_INPUTTER|||1|20180702|51001|3203|ST|21052|
500105|PL.51500.21060.3063.ST.03002..00......CN0010606|51500|ACC|184812311944530.030001|0606|0606|CNY|1442.220000|1||1|9999|450|51500|21060|LD|00|LD1812967300|LD1812967300||1001265||20180702|20180702||42_INPUTTER|42_INPUTTER|||1|20180702|51500|3063|ST|21060|
50010202|PL.51001.21053.3049.MT.02102.UNSECU.00......CN0010608|51001|ACC|184812980344526.020001|0608|0608|USD|9.740000|1|6.616600|1|1|450|51001|21053|LD|00|LD1810324053|LD1810324053||1002957||20180702|20180702||44_INPUTTER|44_INPUTTER|||1|20180702|51001|3049|MT|21053|
500105|PL.51500.21060.3063.ST.03002..00......CN0010611|51500|ACC|184431031071267.000001|0611|0611|CNY|226.390000|1||1|1|450|51500|21060|LD|00|LD1803065688|LD1803065688||1003314||20180701|20180702||34_INPUTTER|34_INPUTTER|||1|20180702|51500|3063|ST|21060|
50010203|PL.51001.21056.3203.MT.02401.UNSECU.00......CN0010606|51001|ACC|184432372871267.070001|0606|0606|CNY|356.160000|1||1|9999|450|51001|21056|LD|00|LD1617344498|LD1617344498||1002139||20180701|20180702||39_INPUTTER|39_INPUTTER|||1|20180702|51001|3203|MT|21056|
50110101|PL.50000.1112.3107..........CN0010611|||184810040244668.030001|0611|0611|CNY|-0.010000|0||1|1|380|50000|1112|IC|||1061102000006986||1004161|||20180702||45_INPUTTER|45_INPUTTER|||1|20180702|50000|3107||1112|
501104|PL.50000.6121.1002..........CN0010606|||184810387444663.050001|0606|0606|CNY|-15.960000|0||1|9999|380|50000|6121|IC|||1060606000001377||1000348|||20180702||46_INPUTTER|46_INPUTTER|||1|20180702|50000|1002||6121|
500105|PL.51500.21060.3063.ST.03002..00......CN0010611|51500|ACC|184810724044529.030001|0611|0611|CNY|226.390000|1||1|1|450|51500|21060|LD|00|LD1803065688|LD1803065688||1003314||20180702|20180702||47_INPUTTER|47_INPUTTER|||1|20180702|51500|3063|ST|21060|
50110101|PL.50000.1112.3107..........CN0010606|||184811060744679.080001|0606|0606|CNY|-8.620000|0||1|9999|380|50000|1112|IC|||1060602000000189||1001056|||20180702||48_INPUTTER|48_INPUTTER|||1|20180702|50000|3107||1112|
50010203|PL.51001.21056.3203.MT.02401.UNSECU.00......CN0010606|51001|ACC|184811397744530.030001|0606|0606|CNY|356.170000|1||1|9999|450|51001|21056|LD|00|LD1617344498|LD1617344498||1002139||20180702|20180702||49_INPUTTER|49_INPUTTER|||1|20180702|51001|3203|MT|21056|
59010202|PL.51001.21053.3064.MT.02104.SECU.00......CN0010606|51001|ACC|184432036271267.030001|0606|0606|CNY|540.640000|1||1|9999|450|51001|21053|LD|00|LD1428200029|LD1428200029||1000084||20180701|20180702||38_INPUTTER|38_INPUTTER|||1|20180702|51001|3064|MT|21053|
501102|PL.50000.6131.3203..........CN0010606|||184810387444671.010001|0606|0606|CNY|-116.390000|0||1|9999|380|50000|6131|IC|||1060607000002817||1001182|||20180702||46_INPUTTER|46_INPUTTER|||1|20180702|50000|3203||6131|
59010202|PL.51001.21053.3064.MT.02104.SECU.00......CN0010606|51001|ACC|184811397744531.050001|0606|0606|CNY|540.640000|1||1|9999|450|51001|21053|LD|00|LD1428200029|LD1428200029||1000084||20180702|20180702||49_INPUTTER|49_INPUTTER|||1|20180702|51001|3064|MT|21053|
500105|PL.51500.21060.3063.ST.03002..00......CN0010611|51500|ACC|184430096371265.060001|0611|0611|CNY|13.890000|1||1|1|450|51500|21060|LD|00|LD1817190731|LD1817190731||1003314||20180701|20180702||43_INPUTTER|43_INPUTTER|||1|20180702|51500|3063|ST|21060|
500105|PL.51500.21060.3063.ST.03002..00......CN0010611|51500|ACC|184810387444526.030001|0611|0611|CNY|13.890000|1||1|1|450|51500|21060|LD|00|LD1817190731|LD1817190731||1003314||20180702|20180702||46_INPUTTER|46_INPUTTER|||1|20180702|51500|3063|ST|21060|
501103|PL.50000.1101.1002..........CN0010606|||184812311944659.000001|0606|0606|CNY|-1.600000|0||1|9999|380|50000|1101|IC|||1060601000004064||1000267|||20180702||42_INPUTTER|42_INPUTTER|||1|20180702|50000|1002||1101|
50110101|PL.50000.1111.3203..........CN0010607|||184812311944672.060001|0606|0607|CNY|-0.010000|0||1|9999|380|50000|1111|IC|||1060702000001198||1000935|||20180702||42_INPUTTER|42_INPUTTER|||1|20180702|50000|3203||1111|
50110101|PL.50000.1112.3063..........CN0010607|||184812311944675.020001|0606|0607|CNY|-0.520000|0||1|1|380|50000|1112|IC|||1060702000007811||1004378|||20180702||42_INPUTTER|42_INPUTTER|||1|20180702|50000|3063||1112|
50110101|PL.50000.1112.3049..........CN0010608|||184812311944676.050001|0608|0608|CNY|-1.090000|0||1|1|380|50000|1112|IC|||1060802000007228||1004218|||20180702||42_INPUTTER|42_INPUTTER|||1|20180702|50000|3049||1112|
50110101|PL.50000.1112.3101..........CN0010606|||184812311944678.050001|0606|0606|CNY|-0.810000|0||1|9999|380|50000|1112|IC|||1060602000003382||1000028|||20180702||42_INPUTTER|42_INPUTTER|||1|20180702|50000|3101||1112|
59010202|PL.51001.21056.3107.MT.02402.SECU.00......CN0010606|51001|ACC|184432704671264.050001|0606|0606|CNY|652.960000|1||1|1|450|51001|21056|LD|00|LD1630249676|LD1630249676||1002670||20180701|20180702||40_INPUTTER|40_INPUTTER|||1|20180702|51001|3107|MT|21056|
59010202|PL.51001.21056.3107.MT.02402.SECU.00......CN0010606|51001|ACC|184810040244519.000001|0606|0606|CNY|652.950000|1||1|1|450|51001|21056|LD|00|LD1630249676|LD1630249676||1002670||20180702|20180702||45_INPUTTER|45_INPUTTER|||1|20180702|51001|3107|MT|21056|
50110101|PL.50000.1134.3107..........CN0010606|||184812648944680.010001|0606|0606|USD|-0.020000|0|6.616600|1|9999|380|50000|1134|IC|||1060603000002234||1000993|||20180702||43_INPUTTER|43_INPUTTER|||1|20180702|50000|3107||1134|
500105|PL.51500.21060.3063.ST.03002..00......CN0010611|51500|ACC|184433041371266.280001|0611|0611|CNY|69.440000|1||1|1|450|51500|21060|LD|00|LD1817131421|LD1817131421||1003314||20180701|20180702||42_INPUTTER|42_INPUTTER|||1|20180702|51500|3063|ST|21060|
50110101|PL.50000.1112.3050..........CN0010613|||184810040244669.010001|0606|0613|CNY|-0.080000|0||1|9999|380|50000|1112|IC|||1061302000002367||1001418|||20180702||45_INPUTTER|45_INPUTTER|||1|20180702|50000|3050||1112|
500105|PL.51500.21060.3063.ST.03002..00......CN0010611|51500|ACC|184811643444538.080001|0611|0611|CNY|69.450000|1||1|1|450|51500|21060|LD|00|LD1817131421|LD1817131421||1003314||20180702|20180702||36_INPUTTER|36_INPUTTER|||1|20180702|51500|3063|ST|21060|
501102|PL.50000.6131.3203..........CN0010606|||184810724044665.010001|0606|0606|CNY|-53.740000|0||1|9999|380|50000|6131|IC|||1060607000000668||1000317|||20180702||47_INPUTTER|47_INPUTTER|||1|20180702|50000|3203||6131|
50110101|PL.50000.1112.3203..........CN0010608|||184812311944675.090001|0608|0608|CNY|-9.910000|0||1|1|380|50000|1112|IC|||1060802000003788||1002379|||20180702||42_INPUTTER|42_INPUTTER|||1|20180702|50000|3203||1112|
50110101|PL.50000.1134.3109..........CN0010606|||184812648944679.030001|0606|0606|USD|-0.030000|0|6.616600|1|9999|380|50000|1134|IC|||1060603000002226||1001083|||20180702||43_INPUTTER|43_INPUTTER|||1|20180702|50000|3109||1134|
501103|PL.50000.1101.1002..........CN0010606|||184812980344664.010001|0606|0606|USD|-0.010000|0|6.616600|1|9999|380|50000|1101|IC|||1060601000010447||1000632|||20180702||44_INPUTTER|44_INPUTTER|||1|20180702|50000|1002||1101|
50010202|PL.51001.21053.3049.MT.02102.UNSECU.00......CN0010608|51001|ACC|184432704671265.330001|0608|0608|CNY|20.620000|1||1|1|450|51001|21053|LD|00|LD1811653280|LD1811653280||1002957||20180701|20180702||40_INPUTTER|40_INPUTTER|||1|20180702|51001|3049|MT|21053|
500105|PL.51500.21060.3107.ST.03002..00......CN0010611|51500|ACC|184433041371266.020001|0611|0611|CNY|206.250000|1||1|1|450|51500|21060|LD|00|LD1816308709|LD1816308709||1003089||20180701|20180702||42_INPUTTER|42_INPUTTER|||1|20180702|51500|3107|ST|21060|
50010103|PL.51001.21052.3050.ST.02001.UNSECU.00......CN0010606|51001|ACC|184433041371266.230001|0606|0606|CNY|1796.670000|1||1|1|450|51001|21052|LD|00|LD1817007308|LD1817007308||1003917||20180701|20180702||42_INPUTTER|42_INPUTTER|||1|20180702|51001|3050|ST|21052|
500105|PL.51500.21060.3107.ST.03002..00......CN0010611|51500|ACC|184810040244522.080001|0611|0611|CNY|206.250000|1||1|1|450|51500|21060|LD|00|LD1816308709|LD1816308709||1003089||20180702|20180702||45_INPUTTER|45_INPUTTER|||1|20180702|51500|3107|ST|21060|
501104|PL.50000.6121.1002..........CN0010606|||184810387444663.010001|0606|0606|CNY|-118.130000|0||1|9999|380|50000|6121|IC|||1060606000001048||1000301|||20180702||46_INPUTTER|46_INPUTTER|||1|20180702|50000|1002||6121|
50010202|PL.51001.21053.3049.MT.02102.UNSECU.00......CN0010608|51001|ACC|184811397744529.030001|0608|0608|CNY|20.610000|1||1|1|450|51001|21053|LD|00|LD1811653280|LD1811653280||1002957||20180702|20180702||49_INPUTTER|49_INPUTTER|||1|20180702|51001|3049|MT|21053|
50010103|PL.51001.21052.3050.ST.02001.UNSECU.00......CN0010606|51001|ACC|184811643444538.030001|0606|0606|CNY|1796.670000|1||1|1|450|51001|21052|LD|00|LD1817007308|LD1817007308||1003917||20180702|20180702||36_INPUTTER|36_INPUTTER|||1|20180702|51001|3050|ST|21052|
50110101|PL.50000.1112.3204..........CN0010609|||184810040244666.020001|0606|0609|CNY|-0.980000|0||1|9999|380|50000|1112|IC|||1060902000007454||1001044|||20180702||45_INPUTTER|45_INPUTTER|||1|20180702|50000|3204||1112|
50110501|PL.50000.6111.3203..........CN0010611|||184810387444673.080001|0611|0611|CNY|-686.110000|0||1|1|380|50000|6111|IC|||1061105000002645||1004402|||20180702||46_INPUTTER|46_INPUTTER|||1|20180702|50000|3203||6111|
501102|PL.50000.6131.3109..........CN0010606|||184810724044669.070001|0606|0606|CNY|-1833.330000|0||1|1|380|50000|6131|IC|||1060607000003217||1002163|||20180702||47_INPUTTER|47_INPUTTER|||1|20180702|50000|3109||6131|
59010202|PL.51001.21056.3112.MT.02402.SECU.00......CN0010606|51001|ACC|184430769771267.130001|0606|0606|CNY|430.440000|1||1|9999|450|51001|21056|LD|00|LD1613104104|LD1613104104||1001372||20180701|20180702||45_INPUTTER|45_INPUTTER|||1|20180702|51001|3112|MT|21056|
59010202|PL.51001.21056.3112.MT.02402.SECU.00......CN0010606|51001|ACC|184810724044530.040001|0606|0606|CNY|430.440000|1||1|9999|450|51001|21056|LD|00|LD1613104104|LD1613104104||1001372||20180702|20180702||47_INPUTTER|47_INPUTTER|||1|20180702|51001|3112|MT|21056|
50110101|PL.50000.1112.3103..........CN0010606|||184812980344679.030001|0606|0606|CNY|-0.190000|0||1|9999|380|50000|1112|IC|||1060602000000828||1000040|||20180702||44_INPUTTER|44_INPUTTER|||1|20180702|50000|3103||1112|
50110101|PL.50000.1112.3203..........CN0010606|||184811060744678.080001|0606|0606|CNY|-4.740000|0||1|9999|380|50000|1112|IC|||1060602000002564||1001343|||20180702||48_INPUTTER|48_INPUTTER|||1|20180702|50000|3203||1112|
50110101|PL.50000.1111.3107..........CN0010606|||184811397744669.040001|0606|0606|CNY|-0.010000|0||1|9999|380|50000|1111|IC|||1060602000002718||1001094|||20180702||49_INPUTTER|49_INPUTTER|||1|20180702|50000|3107||1111|
501103|PL.50000.1101.1002..........CN0010606|||184810387444660.020001|0606|0606|CNY|-0.010000|0||1|9999|380|50000|1101|IC|||1060601000004722||1000104|||20180702||46_INPUTTER|46_INPUTTER|||1|20180702|50000|1002||1101|
500105|PL.51500.21060.3063.ST.03002..00......CN0010606|51500|ACC|184431031071266.060001|0606|0606|CNY|1361.110000|1||1|1|450|51500|21060|LD|00|LD1802942593|LD1802942593||1004372||20180701|20180702||34_INPUTTER|34_INPUTTER|||1|20180702|51500|3063|ST|21060|
50110501|PL.50000.6111.3201..........CN0010608|||184810387444673.030001|0608|0608|CNY|-540.000000|0||1|1|380|50000|6111|IC|||1060805000002686||1004439|||20180702||46_INPUTTER|46_INPUTTER|||1|20180702|50000|3201||6111|
500105|PL.51500.21060.3063.ST.03002..00......CN0010606|51500|ACC|184811397744527.050001|0606|0606|CNY|1361.110000|1||1|1|450|51500|21060|LD|00|LD1802942593|LD1802942593||1004372||20180702|20180702||49_INPUTTER|49_INPUTTER|||1|20180702|51500|3063|ST|21060|
500105|PL.51500.21060.3063.ST.03002..00......CN0010606|51500|ACC|184433041371266.340001|0606|0606|CNY|666.670000|1||1|9999|450|51500|21060|LD|00|LD1813146394|LD1813146394||1001265||20180701|20180702||42_INPUTTER|42_INPUTTER|||1|20180702|51500|3063|ST|21060|
500105|PL.51500.21060.3063.ST.03002..00......CN0010606|51500|ACC|184810040244527.080001|0606|0606|CNY|666.660000|1||1|9999|450|51500|21060|LD|00|LD1813146394|LD1813146394||1001265||20180702|20180702||45_INPUTTER|45_INPUTTER|||1|20180702|51500|3063|ST|21060|
501104|PL.50000.6121.1002..........CN0010606|||184810387444663.040001|0606|0606|CNY|-21.340000|0||1|9999|380|50000|6121|IC|||1060606000001369||1000348|||20180702||46_INPUTTER|46_INPUTTER|||1|20180702|50000|1002||6121|
500105|PL.51500.21060.3101.ST.03002..00......CN0010606|51500|ACC|184432704671266.100001|0606|0606|CNY|209.310000|1||1|1|450|51500|21060|LD|00|LD1811800139|LD1811800139||1003317||20180701|20180702||40_INPUTTER|40_INPUTTER|||1|20180702|51500|3101|ST|21060|
501102|PL.50000.6131.3203..........CN0010606|||184810724044666.000001|0606|0606|CNY|-439.160000|0||1|9999|380|50000|6131|IC|||1060607000001527||1001343|||20180702||47_INPUTTER|47_INPUTTER|||1|20180702|50000|3203||6131|
500105|PL.51500.21060.3101.ST.03002..00......CN0010606|51500|ACC|184811060744530.050001|0606|0606|CNY|209.310000|1||1|1|450|51500|21060|LD|00|LD1811800139|LD1811800139||1003317||20180702|20180702||48_INPUTTER|48_INPUTTER|||1|20180702|51500|3101|ST|21060|
500203|PL.51001.21073.2157.ST.04001.UNSECU.00......CN0010606|51001|ACC|184430769771267.010001|0606|0606|CNY|10730.780000|1||1|1|450|51001|21073|LD|00|LD1731736940|LD1731736940||1003522||20180701|20180702||45_INPUTTER|45_INPUTTER|||1|20180702|51001|2157|ST|21073|
500203|PL.51001.21073.2157.ST.04001.UNSECU.00......CN0010606|51001|ACC|184811975244524.100001|0606|0606|CNY|10730.780000|1||1|1|450|51001|21073|LD|00|LD1731736940|LD1731736940||1003522||20180702|20180702||41_INPUTTER|41_INPUTTER|||1|20180702|51001|2157|ST|21073|
500105|PL.51500.21060.3107.ST.03002..00......CN0010611|51500|ACC|184432704671267.100001|0611|0611|CNY|136.110000|1||1|1|450|51500|21060|LD|00|LD1813843384|LD1813843384||1003089||20180701|20180702||40_INPUTTER|40_INPUTTER|||1|20180702|51500|3107|ST|21060|
500105|PL.51500.21060.3107.ST.03002..00......CN0010611|51500|ACC|184433041371266.090001|0611|0611|CNY|68.750000|1||1|1|450|51500|21060|LD|00|LD1816361445|LD1816361445||1003089||20180701|20180702||42_INPUTTER|42_INPUTTER|||1|20180702|51500|3107|ST|21060|
500105|PL.51500.21060.3107.ST.03002..00......CN0010611|51500|ACC|184810040244523.030001|0611|0611|CNY|68.750000|1||1|1|450|51500|21060|LD|00|LD1816361445|LD1816361445||1003089||20180702|20180702||45_INPUTTER|45_INPUTTER|||1|20180702|51500|3107|ST|21060|
500105|PL.51500.21060.3107.ST.03002..00......CN0010611|51500|ACC|184810040244534.040001|0611|0611|CNY|136.110000|1||1|1|450|51500|21060|LD|00|LD1813843384|LD1813843384||1003089||20180702|20180702||45_INPUTTER|45_INPUTTER|||1|20180702|51500|3107|ST|21060|
501102|PL.50000.6131.3203..........CN0010606|||184810387444670.030001|0606|0606|CNY|-44.540000|0||1|9999|380|50000|6131|IC|||1060607000002213||1001182|||20180702||46_INPUTTER|46_INPUTTER|||1|20180702|50000|3203||6131|
501102|PL.50000.6131.3203..........CN0010606|||184810387444671.100001|0606|0606|CNY|-500.000000|0||1|9999|380|50000|6131|IC|||1060607000000482||1001343|||20180702||46_INPUTTER|46_INPUTTER|||1|20180702|50000|3203||6131|
50110101|PL.50000.1112.3107..........CN0010606|||184811060744670.000001|0606|0606|CNY|-108.390000|0||1|1|380|50000|1112|IC|||1060602000004168||1002270|||20180702||48_INPUTTER|48_INPUTTER|||1|20180702|50000|3107||1112|
50110101|PL.50000.1112.3063..........CN0010606|||184812311944671.070001|0606|0606|CNY|-0.190000|0||1|1|380|50000|1112|IC|||1060602000007671||1002171|||20180702||42_INPUTTER|42_INPUTTER|||1|20180702|50000|3063||1112|
501104|PL.50000.6122.1002..........CN0010606|||184810387444665.050001|0606|0606|CNY|-5.340000|0||1|9999|380|50000|6122|IC|||1060606000001865||1000342|||20180702||46_INPUTTER|46_INPUTTER|||1|20180702|50000|1002||6122|
501104|PL.50000.6122.1002..........CN0010606|||184810387444693.070001|0606|0606|CNY|-8.000000|0||1|9999|380|50000|6122|IC|||1060606000000238||1000342|||20180702||46_INPUTTER|46_INPUTTER|||1|20180702|50000|1002||6122|
501104|PL.50000.6122.1002..........CN0010606|||184810387444693.050001|0606|0606|CNY|-21.340000|0||1|9999|380|50000|6122|IC|||1060606000000206||1000315|||20180702||46_INPUTTER|46_INPUTTER|||1|20180702|50000|1002||6122|
501104|PL.50000.6122.1002..........CN0010606|||184810387444695.010001|0606|0606|CNY|-8.000000|0||1|9999|380|50000|6122|IC|||1060606000000435||1000516|||20180702||46_INPUTTER|46_INPUTTER|||1|20180702|50000|1002||6122|
501104|PL.50000.6122.1002..........CN0010606|||184810387444696.010001|0606|0606|CNY|-21.340000|0||1|9999|380|50000|6122|IC|||1060606000000524||1000438|||20180702||46_INPUTTER|46_INPUTTER|||1|20180702|50000|1002||6122|
50010203|PL.51001.21056.3204.MT.02401.UNSECU.00......CN0010606|51001|ACC|184431704771266.160001|0606|0606|CNY|61.930000|1||1|1|450|51001|21056|LD|00|LD1730061709|LD1730061709||1002725||20180701|20180702||37_INPUTTER|37_INPUTTER|||1|20180702|51001|3204|MT|21056|
50010203|PL.51001.21056.3204.MT.02401.UNSECU.00......CN0010606|51001|ACC|184811975244523.060001|0606|0606|CNY|61.940000|1||1|1|450|51001|21056|LD|00|LD1730061709|LD1730061709||1002725||20180702|20180702||41_INPUTTER|41_INPUTTER|||1|20180702|51001|3204|MT|21056|
501103|PL.50000.1101.1002..........CN0010606|||184810387444661.010001|0606|0606|CNY|-0.010000|0||1|9999|380|50000|1101|IC|||1060601000004919||1001930|||20180702||46_INPUTTER|46_INPUTTER|||1|20180702|50000|1002||1101|
50110101|PL.50000.1112.3064..........CN0010611|||184810040244668.070001|0611|0611|CNY|-0.720000|0||1|1|380|50000|1112|IC|||1061102000007718||1004600|||20180702||45_INPUTTER|45_INPUTTER|||1|20180702|50000|3064||1112|
50110101|PL.50000.1113.3049..........CN0010606|||184811060744680.000001|0606|0606|CNY|-117.680000|0||1|9999|380|50000|1113|IC|||1060602000000208||1001112|||20180702||48_INPUTTER|48_INPUTTER|||1|20180702|50000|3049||1113|
59010103|PL.51001.21052.3107.ST.02001.SECU.00......CN0010611|51001|ACC|184433041371265.130001|0611|0611|CNY|78.540000|1||1|1|450|51001|21052|LD|00|LD1815704402|LD1815704402||1003457||20180701|20180702||42_INPUTTER|42_INPUTTER|||1|20180702|51001|3107|ST|21052|
59010103|PL.51001.21052.3107.ST.02001.SECU.00......CN0010611|51001|ACC|184810040244522.000001|0611|0611|CNY|78.540000|1||1|1|450|51001|21052|LD|00|LD1815704402|LD1815704402||1003457||20180702|20180702||45_INPUTTER|45_INPUTTER|||1|20180702|51001|3107|ST|21052|
501102|PL.50000.6131.3203..........CN0010606|||184810387444669.020001|0606|0606|CNY|-22.580000|0||1|1|380|50000|6131|IC|||1060607000002914||1002866|||20180702||46_INPUTTER|46_INPUTTER|||1|20180702|50000|3203||6131|
50010202|PL.51001.21053.3109.MT.02104.UNSECU.00......CN0010606|51001|ACC|184430433071267.010001|0606|0606|CNY|1507.720000|1||1|1|450|51001|21053|LD|00|LD1727128311|LD1727128311||1003509||20180701|20180702||44_INPUTTER|44_INPUTTER|||1|20180702|51001|3109|MT|21053|
500105|PL.51500.21060.3063.ST.03002..00......CN0010611|51500|ACC|184432372871266.220001|0611|0611|CNY|141.110000|1||1|1|450|51500|21060|LD|00|LD1807302624|LD1807302624||1003314||20180701|20180702||39_INPUTTER|39_INPUTTER|||1|20180702|51500|3063|ST|21060|
50010202|PL.51001.21053.3109.MT.02104.UNSECU.00......CN0010606|51001|ACC|184810724044528.000001|0606|0606|CNY|1507.720000|1||1|1|450|51001|21053|LD|00|LD1727128311|LD1727128311||1003509||20180702|20180702||47_INPUTTER|47_INPUTTER|||1|20180702|51001|3109|MT|21053|
500105|PL.51500.21060.3063.ST.03002..00......CN0010611|51500|ACC|184811975244528.050001|0611|0611|CNY|141.110000|1||1|1|450|51500|21060|LD|00|LD1807302624|LD1807302624||1003314||20180702|20180702||41_INPUTTER|41_INPUTTER|||1|20180702|51500|3063|ST|21060|
59010202|PL.51001.21053.3063.MT.02199.SECU.00......CN0010608|51001|ACC|184432372871267.060001|0608|0608|CNY|789.110000|1||1|9999|450|51001|21053|LD|00|LD1428200055|LD1428200055||1000969||20180701|20180702||39_INPUTTER|39_INPUTTER|||1|20180702|51001|3063|MT|21053|
59010202|PL.51001.21053.3063.MT.02199.SECU.00......CN0010608|51001|ACC|184812311944531.000001|0608|0608|CNY|789.110000|1||1|9999|450|51001|21053|LD|00|LD1428200055|LD1428200055||1000969||20180702|20180702||42_INPUTTER|42_INPUTTER|||1|20180702|51001|3063|MT|21053|
59010203|PL.51001.21056.3203.MT.02401.SECU.00......CN0010606|51001|ACC|184430433071266.200001|0606|0606|CNY|6159.550000|1||1|1|450|51001|21056|LD|00|LD1724984709|LD1724984709||1003777||20180701|20180702||44_INPUTTER|44_INPUTTER|||1|20180702|51001|3203|MT|21056|
59010202|PL.51001.21053.3203.MT.02199.SECU.00......CN0010606|51001|ACC|184430769771266.070001|0606|0606|CNY|8778.140000|1||1|1|450|51001|21053|LD|00|LD1725831031|LD1725831031||1003675||20180701|20180702||45_INPUTTER|45_INPUTTER|||1|20180702|51001|3203|MT|21053|
50110101|PL.50000.1112.3203..........CN0010609|||184810040244664.110001|0606|0609|CNY|-2.310000|0||1|1|380|50000|1112|IC|||1060902000005858||1003745|||20180702||45_INPUTTER|45_INPUTTER|||1|20180702|50000|3203||1112|
501103|PL.50000.1101.1002..........CN0010606|||184810387444661.000001|0606|0606|CNY|-1.190000|0||1|9999|380|50000|1101|IC|||1060601000004889||1001412|||20180702||46_INPUTTER|46_INPUTTER|||1|20180702|50000|1002||1101|
501103|PL.50000.1102.1002..........CN0010606|||184811397744661.030001|0606|0606|CNY|-0.010000|0||1|9999|380|50000|1102|IC|||1060601000005885||1000516|||20180702||49_INPUTTER|49_INPUTTER|||1|20180702|50000|1002||1102|
59010203|PL.51001.21056.3203.MT.02401.SECU.00......CN0010606|51001|ACC|184811643444523.080001|0606|0606|CNY|6159.560000|1||1|1|450|51001|21056|LD|00|LD1724984709|LD1724984709||1003777||20180702|20180702||36_INPUTTER|36_INPUTTER|||1|20180702|51001|3203|MT|21056|
59010202|PL.51001.21053.3203.MT.02199.SECU.00......CN0010606|51001|ACC|184811643444524.020001|0606|0606|CNY|8778.140000|1||1|1|450|51001|21053|LD|00|LD1725831031|LD1725831031||1003675||20180702|20180702||36_INPUTTER|36_INPUTTER|||1|20180702|51001|3203|MT|21053|
59010203|PL.51001.21056.3107.MT.02401.SECU.00......CN0010606|51001|ACC|184430433071265.070001|0606|0606|CNY|1415.870000|1||1|1|450|51001|21056|LD|00|LD1634879054|LD1634879054||1002146||20180701|20180702||44_INPUTTER|44_INPUTTER|||1|20180702|51001|3107|MT|21056|
59010203|PL.51001.21056.3107.MT.02401.SECU.00......CN0010606|51001|ACC|184811060744524.020001|0606|0606|CNY|1415.860000|1||1|1|450|51001|21056|LD|00|LD1634879054|LD1634879054||1002146||20180702|20180702||48_INPUTTER|48_INPUTTER|||1|20180702|51001|3107|MT|21056|
501103|PL.50000.1101.1002..........CN0010606|||184811397744665.000001|0606|0606|USD|-0.010000|0|6.616600|1|9999|380|50000|1101|IC|||1060601000008639||1000120|||20180702||49_INPUTTER|49_INPUTTER|||1|20180702|50000|1002||1101|
501104|PL.50000.6122.1002..........CN0010606|||184810387444692.060001|0606|0606|CNY|-21.330000|0||1|9999|380|50000|6122|IC|||1060606000000095||1000413|||20180702||46_INPUTTER|46_INPUTTER|||1|20180702|50000|1002||6122|
50020202|PL.51001.21076.2107....00......CN0010611|51001|ACC|184430096371278.090001|0611|0611|CNY|7583.330000|1||1|1|450|51001|21076|MMI|00|MM1815100001;2|MM1815100001||9000091|||20180702||43_INPUTTER|43_INPUTTER|||1|20180702|51001|2107||21076|
501104|PL.50000.6122.1002..........CN0010606|||184810387444668.040001|0606|0606|CNY|-3.670000|0||1|9999|380|50000|6122|IC|||1060606000002365||1000342|||20180702||46_INPUTTER|46_INPUTTER|||1|20180702|50000|1002||6122|
501102|PL.50000.6131.3109..........CN0010606|||184810724044670.010001|0606|0606|CNY|-1833.330000|0||1|1|380|50000|6131|IC|||1060607000003252||1002163|||20180702||47_INPUTTER|47_INPUTTER|||1|20180702|50000|3109||6131|
50020202|PL.51001.21076.2107....00......CN0010611|51001|ACC|184811060744555.020001|0611|0611|CNY|7583.340000|1||1|1|450|51001|21076|MMI|00|MM1815100001;2|MM1815100001||9000091|||20180702||48_INPUTTER|48_INPUTTER|||1|20180702|51001|2107||21076|
501104|PL.50000.6122.1002..........CN0010606|||184810387444691.020001|0606|0606|CNY|-14.080000|0||1|9999|380|50000|6122|IC|||1060606000000157||1000413|||20180702||46_INPUTTER|46_INPUTTER|||1|20180702|50000|1002||6122|
501103|PL.50000.1101.1002..........CN0010606|||184812311944666.000001|0606|0606|USD|-0.030000|0|6.616600|1|9999|380|50000|1101|IC|||1060601000008598||1000337|||20180702||42_INPUTTER|42_INPUTTER|||1|20180702|50000|1002||1101|
50110101|PL.50000.1112.3063..........CN0010613|||184810040244669.080001|0606|0613|CNY|-5.870000|0||1|1|380|50000|1112|IC|||1061302000007566||1002167|||20180702||45_INPUTTER|45_INPUTTER|||1|20180702|50000|3063||1112|
501104|PL.50000.6122.1002..........CN0010606|||184810387444691.010001|0606|0606|CNY|-14.070000|0||1|9999|380|50000|6122|IC|||1060606000000133||1000413|||20180702||46_INPUTTER|46_INPUTTER|||1|20180702|50000|1002||6122|
50010202|PL.51001.21053.3049.MT.02102.UNSECU.00......CN0010608|51001|ACC|184432372871265.090001|0608|0608|CNY|32.410000|1||1|1|450|51001|21053|LD|00|LD1804014468|LD1804014468||1002957||20180701|20180702||39_INPUTTER|39_INPUTTER|||1|20180702|51001|3049|MT|21053|
50010202|PL.51001.21053.3049.MT.02102.UNSECU.00......CN0010608|51001|ACC|184811975244528.020001|0608|0608|CNY|32.410000|1||1|1|450|51001|21053|LD|00|LD1804014468|LD1804014468||1002957||20180702|20180702||41_INPUTTER|41_INPUTTER|||1|20180702|51001|3049|MT|21053|
500105|PL.51500.21060.3063.ST.03002..00......CN0010611|51500|ACC|184432372871267.010001|0611|0611|CNY|141.110000|1||1|1|450|51500|21060|LD|00|LD1807356692|LD1807356692||1003314||20180701|20180702||39_INPUTTER|39_INPUTTER|||1|20180702|51500|3063|ST|21060|
50110101|PL.50000.1112.3107..........CN0010611|||184810040244667.050001|0611|0611|CNY|-3.550000|0||1|1|380|50000|1112|IC|||1061102000005645||1003089|||20180702||45_INPUTTER|45_INPUTTER|||1|20180702|50000|3107||1112|
501104|PL.50000.6122.1002..........CN0010606|||184810387444694.060001|0606|0606|CNY|-21.330000|0||1|9999|380|50000|6122|IC|||1060606000000362||1000413|||20180702||46_INPUTTER|46_INPUTTER|||1|20180702|50000|1002||6122|
50110101|PL.50000.1131.3203..........CN0010608|||184811643444670.030001|0608|0608|USD|-2.390000|0|6.616600|1|9999|380|50000|1131|IC|||1060803000001296||1001085|||20180702||36_INPUTTER|36_INPUTTER|||1|20180702|50000|3203||1131|
500105|PL.51500.21060.3063.ST.03002..00......CN0010611|51500|ACC|184812311944528.070001|0611|0611|CNY|141.110000|1||1|1|450|51500|21060|LD|00|LD1807356692|LD1807356692||1003314||20180702|20180702||42_INPUTTER|42_INPUTTER|||1|20180702|51500|3063|ST|21060|
501103|PL.50000.1101.1002..........CN0010606|||184812980344676.000001|0606|0606|USD|-2.080000|0|6.616600|1|1|380|50000|1101|IC|||1060601000012156||1003302|||20180702||44_INPUTTER|44_INPUTTER|||1|20180702|50000|1002||1101|
500105|PL.51500.21060.3063.ST.03002..00......CN0010606|51500|ACC|184433041371267.020001|0606|0606|CNY|1305.560000|1||1|1|450|51500|21060|LD|00|LD1813174421|LD1813174421||1004437||20180701|20180702||42_INPUTTER|42_INPUTTER|||1|20180702|51500|3063|ST|21060|
500105|PL.51500.21060.3063.ST.03002..00......CN0010606|51500|ACC|184810040244528.000001|0606|0606|CNY|1305.550000|1||1|1|450|51500|21060|LD|00|LD1813174421|LD1813174421||1004437||20180702|20180702||45_INPUTTER|45_INPUTTER|||1|20180702|51500|3063|ST|21060|
501104|PL.50000.6122.1002..........CN0010606|||184810387444665.000001|0606|0606|CNY|-5.340000|0||1|9999|380|50000|6122|IC|||1060606000001792||1000342|||20180702||46_INPUTTER|46_INPUTTER|||1|20180702|50000|1002||6122|
50110101|PL.50000.1112.3107..........CN0010606|||184811397744669.010001|0606|0606|CNY|-1.060000|0||1|9999|380|50000|1112|IC|||1060602000002688||1001269|||20180702||49_INPUTTER|49_INPUTTER|||1|20180702|50000|3107||1112|
50110101|PL.50000.1112.3203..........CN0010606|||184811397744679.010001|0606|0606|CNY|-0.990000|0||1|9999|380|50000|1112|IC|||1060602000000642||1001319|||20180702||49_INPUTTER|49_INPUTTER|||1|20180702|50000|3203||1112|
50110101|PL.50000.1131.3049..........CN0010606|||184812648944678.000001|0606|0606|USD|-0.030000|0|6.616600|1|9999|380|50000|1131|IC|||1060603000002145||1001245|||20180702||43_INPUTTER|43_INPUTTER|||1|20180702|50000|3049||1131|
500105|PL.51500.21060.3107.ST.03002..00......CN0010611|51500|ACC|184432704671265.070001|0611|0611|CNY|141.670000|1||1|1|450|51500|21060|LD|00|LD1809330478|LD1809330478||1003089||20180701|20180702||40_INPUTTER|40_INPUTTER|||1|20180702|51500|3107|ST|21060|
500105|PL.51500.21060.3107.ST.03002..00......CN0010611|51500|ACC|184812980344524.110001|0611|0611|CNY|141.660000|1||1|1|450|51500|21060|LD|00|LD1809330478|LD1809330478||1003089||20180702|20180702||44_INPUTTER|44_INPUTTER|||1|20180702|51500|3107|ST|21060|
501103|PL.50000.1101.1002..........CN0010606|||184811060744662.000001|0606|0606|CNY|-0.010000|0||1|9999|380|50000|1101|IC|||1060601000008981||1000233|||20180702||48_INPUTTER|48_INPUTTER|||1|20180702|50000|1002||1101|
50110101|PL.50000.1112.3061..........CN0010606|||184812311944672.000001|0606|0606|CNY|-0.020000|0||1|1|380|50000|1112|IC|||1060602000007833||1002175|||20180702||42_INPUTTER|42_INPUTTER|||1|20180702|50000|3061||1112|
59010202|PL.51001.21053.3107.MT.02104.SECU.00......CN0010606|51001|ACC|184430769771266.060001|0606|0606|CNY|61.390000|1||1|1|450|51001|21053|LD|00|LD1722777883|LD1722777883||1002713||20180701|20180702||45_INPUTTER|45_INPUTTER|||1|20180702|51001|3107|MT|21053|
50110501|PL.50000.6111.3203..........CN0010609|||184810387444673.060001|0606|0609|CNY|-383.170000|0||1|9999|380|50000|6111|IC|||1060905000002718||1000951|||20180702||46_INPUTTER|46_INPUTTER|||1|20180702|50000|3203||6111|
59010202|PL.51001.21053.3107.MT.02104.SECU.00......CN0010606|51001|ACC|184811643444522.030001|0606|0606|CNY|61.380000|1||1|1|450|51001|21053|LD|00|LD1722777883|LD1722777883||1002713||20180702|20180702||36_INPUTTER|36_INPUTTER|||1|20180702|51001|3107|MT|21053|
50110101|PL.50000.1112.3107..........CN0010606|||184811643444677.030001|0606|0606|CNY|-0.030000|0||1|9999|380|50000|1112|IC|||1060602000000375||1001208|||20180702||36_INPUTTER|36_INPUTTER|||1|20180702|50000|3107||1112|
501102|PL.50000.6131.3107..........CN0010606|||184810387444669.050001|0606|0606|CNY|-341.630000|0||1|9999|380|50000|6131|IC|||1060607000003098||1001269|||20180702||46_INPUTTER|46_INPUTTER|||1|20180702|50000|3107||6131|
50110101|PL.50000.1112.3107..........CN0010606|||184812980344678.000001|0606|0606|CNY|-35.000000|0||1|9999|380|50000|1112|IC|||1060602000000588||1001139|||20180702||44_INPUTTER|44_INPUTTER|||1|20180702|50000|3107||1112|
501104|PL.50000.6121.1002..........CN0010606|||184810387444688.040001|0606|0606|CNY|-10.190000|0||1|9999|380|50000|6121|IC|||1060606000002853||1000137|||20180702||46_INPUTTER|46_INPUTTER|||1|20180702|50000|1002||6121|
920306|PL.53000.20000.....01......CN0010688|||184810724044856.000003|0688|0688|USD|-9597705.000000|0|6.361300|1|1|302|53000|20000|RV|01||USDCNY1401601010688||0|||20180702||47_INPUTTER|47_INPUTTER|||1|20180702|53000|||20000|
920306|PL.53000.20000.....01......CN0010688|||184810724044860.000001|0688|0688|USD|9597705.000000|1|6.361300|1|1|302|53000|20000|RV|01||USDCNY1401601010688||0|||20180702||47_INPUTTER|47_INPUTTER|||1|20180702|53000|||20000|
50010103|PL.51001.21052.3050.ST.02001.UNSECU.00......CN0010606|51001|ACC|184430096371265.150001|0606|0606|CNY|1616.550000|1||1|1|450|51001|21052|LD|00|LD1817729677|LD1817729677||1003917||20180701|20180702||43_INPUTTER|43_INPUTTER|||1|20180702|51001|3050|ST|21052|
50010103|PL.51001.21052.3050.ST.02001.UNSECU.00......CN0010606|51001|ACC|184810387444527.070001|0606|0606|CNY|1616.560000|1||1|1|450|51001|21052|LD|00|LD1817729677|LD1817729677||1003917||20180702|20180702||46_INPUTTER|46_INPUTTER|||1|20180702|51001|3050|ST|21052|
501103|PL.50000.1102.1002..........CN0010606|||184810724044662.000001|0606|0606|CNY|-0.180000|0||1|9999|380|50000|1102|IC|||1060601000005982||1000338|||20180702||47_INPUTTER|47_INPUTTER|||1|20180702|50000|1002||1102|
501103|PL.50000.1101.1002..........CN0010606|||184812311944659.010001|0606|0606|CNY|-8.690000|0||1|9999|380|50000|1101|IC|||1060601000004072||1000461|||20180702||42_INPUTTER|42_INPUTTER|||1|20180702|50000|1002||1101|
59010203|PL.51001.21056.3204.MT.02401.SECU.00......CN0010606|51001|ACC|184430096371266.060001|0606|0606|CNY|144.510000|1||1|1|450|51001|21056|LD|00|LD1713200071|LD1713200071||1002725||20180701|20180702||43_INPUTTER|43_INPUTTER|||1|20180702|51001|3204|MT|21056|
59010203|PL.51001.21056.3204.MT.02401.SECU.00......CN0010606|51001|ACC|184810387444528.000001|0606|0606|CNY|144.520000|1||1|1|450|51001|21056|LD|00|LD1713200071|LD1713200071||1002725||20180702|20180702||46_INPUTTER|46_INPUTTER|||1|20180702|51001|3204|MT|21056|
50110501|PL.50000.6111.3201..........CN0010608|||184810387444673.050001|0608|0608|CNY|-90.000000|0||1|1|380|50000|6111|IC|||1060805000002708||1004439|||20180702||46_INPUTTER|46_INPUTTER|||1|20180702|50000|3201||6111|
501104|PL.50000.6121.1002..........CN0010606|||184810387444687.000001|0606|0606|USD|-0.610000|0|6.616600|1|9999|380|50000|6121|IC|||1060606000000017||1000757|||20180702||46_INPUTTER|46_INPUTTER|||1|20180702|50000|1002||6121|
501102|PL.50000.6131.3109..........CN0010606|||184810724044669.040001|0606|0606|CNY|-1833.330000|0||1|1|380|50000|6131|IC|||1060607000003187||1002163|||20180702||47_INPUTTER|47_INPUTTER|||1|20180702|50000|3109||6131|
501103|PL.50000.1101.1002..........CN0010606|||184811643444659.010001|0606|0606|CNY|-0.010000|0||1|9999|380|50000|1101|IC|||1060601000003874||1000350|||20180702||36_INPUTTER|36_INPUTTER|||1|20180702|50000|1002||1101|
50110101|PL.50000.1112.3107..........CN0010609|||184810040244663.080001|0606|0609|CNY|-0.080000|0||1|9999|380|50000|1112|IC|||1060902000002312||1001947|||20180702||45_INPUTTER|45_INPUTTER|||1|20180702|50000|3107||1112|
50110101|PL.50000.1112.3101..........CN0010609|||184810040244664.050001|0606|0609|CNY|-0.070000|0||1|1|380|50000|1112|IC|||1060902000005184||1003317|||20180702||45_INPUTTER|45_INPUTTER|||1|20180702|50000|3101||1112|
50010103|PL.51001.21052.3050.ST.02001.UNSECU.00......CN0010606|51001|ACC|184431031071267.060001|0606|0606|CNY|1593.460000|1||1|1|450|51001|21052|LD|00|LD1807907026|LD1807907026||1003917||20180701|20180702||34_INPUTTER|34_INPUTTER|||1|20180702|51001|3050|ST|21052|
50010103|PL.51001.21052.3050.ST.02001.UNSECU.00......CN0010606|51001|ACC|184811060744529.010001|0606|0606|CNY|1593.470000|1||1|1|450|51001|21052|LD|00|LD1807907026|LD1807907026||1003917||20180702|20180702||48_INPUTTER|48_INPUTTER|||1|20180702|51001|3050|ST|21052|
501103|PL.50000.1101.1002..........CN0010606|||184811975244661.000001|0606|0606|CNY|-0.260000|0||1|9999|380|50000|1101|IC|||1060601000003963||1000327|||20180702||41_INPUTTER|41_INPUTTER|||1|20180702|50000|1002||1101|
50110101|PL.50000.1112.3201..........CN0010606|||184812311944678.030001|0606|0606|CNY|-0.110000|0||1|9999|380|50000|1112|IC|||1060602000000502||1001068|||20180702||42_INPUTTER|42_INPUTTER|||1|20180702|50000|3201||1112|
50110101|PL.50000.1112.3203..........CN0010606|||184811060744670.060001|0606|0606|CNY|-0.510000|0||1|9999|380|50000|1112|IC|||1060602000002912||1000025|||20180702||48_INPUTTER|48_INPUTTER|||1|20180702|50000|3203||1112|
50010103|PL.51001.21052.3201.ST.02001.UNSECU.00......CN0010606|51001|ACC|184433041371265.150001|0606|0606|CNY|664.580000|1||1|9999|450|51001|21052|LD|00|LD1815819530|LD1815819530||1000972||20180701|20180702||42_INPUTTER|42_INPUTTER|||1|20180702|51001|3201|ST|21052|
50010103|PL.51001.21052.3201.ST.02001.UNSECU.00......CN0010606|51001|ACC|184810040244522.020001|0606|0606|CNY|664.590000|1||1|9999|450|51001|21052|LD|00|LD1815819530|LD1815819530||1000972||20180702|20180702||45_INPUTTER|45_INPUTTER|||1|20180702|51001|3201|ST|21052|
50110101|PL.50000.1112.3107..........CN0010606|||184811643444678.040001|0606|0606|CNY|-19.920000|0||1|9999|380|50000|1112|IC|||1060602000001002||1001951|||20180702||36_INPUTTER|36_INPUTTER|||1|20180702|50000|3107||1112|
59010103|PL.51001.21052.3203.ST.02001.SECU.00......CN0010606|51001|ACC|184432036271266.000001|0606|0606|CNY|99.350000|1||1|9999|450|51001|21052|LD|00|LD1733935344|LD1733935344||1001334||20180701|20180702||38_INPUTTER|38_INPUTTER|||1|20180702|51001|3203|ST|21052|
50010203|PL.51001.21056.3204.MT.02401.UNSECU.00......CN0010606|51001|ACC|184432036271266.050001|0606|0606|CNY|61.930000|1||1|1|450|51001|21056|LD|00|LD1734774764|LD1734774764||1002725||20180701|20180702||38_INPUTTER|38_INPUTTER|||1|20180702|51001|3204|MT|21056|
50010103|PL.51001.21052.3107.ST.02001.UNSECU.00......CN0010606|51001|ACC|184432704671265.190001|0606|0606|CNY|986.000000|1||1|1|450|51001|21052|LD|00|LD1810347557|LD1810347557||1002695||20180701|20180702||40_INPUTTER|40_INPUTTER|||1|20180702|51001|3107|ST|21052|
501104|PL.50000.6122.1002..........CN0010606|||184810387444687.030001|0606|0606|CNY|-8.890000|0||1|9999|380|50000|6122|IC|||1060606000000214||1000409|||20180702||46_INPUTTER|46_INPUTTER|||1|20180702|50000|1002||6122|
50110101|PL.50000.1131.3203..........CN0010609|||184811643444675.010001|0606|0609|USD|-2.070000|0|6.616600|1|9999|380|50000|1131|IC|||1060903000001649||1000951|||20180702||36_INPUTTER|36_INPUTTER|||1|20180702|50000|3203||1131|
59010103|PL.51001.21052.3203.ST.02001.SECU.00......CN0010606|51001|ACC|184812311944519.010001|0606|0606|CNY|99.340000|1||1|9999|450|51001|21052|LD|00|LD1733935344|LD1733935344||1001334||20180702|20180702||42_INPUTTER|42_INPUTTER|||1|20180702|51001|3203|ST|21052|
50010203|PL.51001.21056.3204.MT.02401.UNSECU.00......CN0010606|51001|ACC|184812311944519.060001|0606|0606|CNY|61.940000|1||1|1|450|51001|21056|LD|00|LD1734774764|LD1734774764||1002725||20180702|20180702||42_INPUTTER|42_INPUTTER|||1|20180702|51001|3204|MT|21056|
50010103|PL.51001.21052.3107.ST.02001.UNSECU.00......CN0010606|51001|ACC|184812980344526.040001|0606|0606|CNY|986.000000|1||1|1|450|51001|21052|LD|00|LD1810347557|LD1810347557||1002695||20180702|20180702||44_INPUTTER|44_INPUTTER|||1|20180702|51001|3107|ST|21052|
59010202|PL.51001.21056.3101.MT.02402.SECU.00......CN0010606|51001|ACC|184430433071267.040001|0606|0606|CNY|18237.820000|1||1|9999|450|51001|21056|LD|00|LD1428200098|LD1428200098||1001405||20180701|20180702||44_INPUTTER|44_INPUTTER|||1|20180702|51001|3101|MT|21056|
59010202|PL.51001.21053.3201.MT.02102.SECU.00......CN0010606|51001|ACC|184432036271266.130001|0606|0606|CNY|598.760000|1||1|1|450|51001|21053|LD|00|LD1736210000|LD1736210000||1003644||20180701|20180702||38_INPUTTER|38_INPUTTER|||1|20180702|51001|3201|MT|21053|
501104|PL.50000.6122.1002..........CN0010606|||184810387444665.010001|0606|0606|CNY|-42.670000|0||1|9999|380|50000|6122|IC|||1060606000001806||1000315|||20180702||46_INPUTTER|46_INPUTTER|||1|20180702|50000|1002||6122|
59010202|PL.51001.21056.3101.MT.02402.SECU.00......CN0010606|51001|ACC|184810724044530.010001|0606|0606|CNY|18237.820000|1||1|9999|450|51001|21056|LD|00|LD1428200098|LD1428200098||1001405||20180702|20180702||47_INPUTTER|47_INPUTTER|||1|20180702|51001|3101|MT|21056|
59010202|PL.51001.21053.3201.MT.02102.SECU.00......CN0010606|51001|ACC|184812311944520.070001|0606|0606|CNY|598.760000|1||1|1|450|51001|21053|LD|00|LD1736210000|LD1736210000||1003644||20180702|20180702||42_INPUTTER|42_INPUTTER|||1|20180702|51001|3201|MT|21053|
50010202|PL.51001.21053.3049.MT.02102.UNSECU.00......CN0010608|51001|ACC|184432372871266.100001|0608|0608|CNY|57.870000|1||1|1|450|51001|21053|LD|00|LD1806636131|LD1806636131||1002957||20180701|20180702||39_INPUTTER|39_INPUTTER|||1|20180702|51001|3049|MT|21053|
50010202|PL.51001.21053.3049.MT.02102.UNSECU.00......CN0010608|51001|ACC|184812311944527.080001|0608|0608|CNY|57.870000|1||1|1|450|51001|21053|LD|00|LD1806636131|LD1806636131||1002957||20180702|20180702||42_INPUTTER|42_INPUTTER|||1|20180702|51001|3049|MT|21053|
50010103|PL.51001.21052.3203.ST.02001.UNSECU.00......CN0010606|51001|ACC|184431031071267.020001|0606|0606|CNY|375.680000|1||1|9999|450|51001|21052|LD|00|LD1807387710|LD1807387710||1001182||20180701|20180702||34_INPUTTER|34_INPUTTER|||1|20180702|51001|3203|ST|21052|
500105|PL.51500.21060.3107.ST.03002..00......CN0010611|51500|ACC|184433041371267.080001|0611|0611|CNY|153.490000|1||1|1|450|51500|21060|LD|00|LD1808128250|LD1808128250||1003089||20180701|20180702||42_INPUTTER|42_INPUTTER|||1|20180702|51500|3107|ST|21060|
50010103|PL.51001.21052.3203.ST.02001.UNSECU.00......CN0010606|51001|ACC|184811060744528.030001|0606|0606|CNY|375.680000|1||1|9999|450|51001|21052|LD|00|LD1807387710|LD1807387710||1001182||20180702|20180702||48_INPUTTER|48_INPUTTER|||1|20180702|51001|3203|ST|21052|
501103|PL.50000.1101.1002..........CN0010607|||184811643444663.010001|0606|0607|CNY|-0.090000|0||1|9999|380|50000|1101|IC|||1060701000007491||1000443|||20180702||36_INPUTTER|36_INPUTTER|||1|20180702|50000|1002||1101|
500105|PL.51500.21060.3107.ST.03002..00......CN0010611|51500|ACC|184812311944529.040001|0611|0611|CNY|153.500000|1||1|1|450|51500|21060|LD|00|LD1808128250|LD1808128250||1003089||20180702|20180702||42_INPUTTER|42_INPUTTER|||1|20180702|51500|3107|ST|21060|
501104|PL.50000.6121.1002..........CN0010606|||184810387444691.090001|0606|0606|CNY|-204.550000|0||1|9999|380|50000|6121|IC|||1060606000001148||1000194|||20180702||46_INPUTTER|46_INPUTTER|||1|20180702|50000|1002||6121|
59010103|PL.51001.21052.3063.ST.02001.SECU.00......CN0010606|51001|ACC|184433041371266.040001|0606|0606|CNY|1366.630000|1||1|1|450|51001|21052|LD|00|LD1816317978|LD1816317978||1002675||20180701|20180702||42_INPUTTER|42_INPUTTER|||1|20180702|51001|3063|ST|21052|
59010103|PL.51001.21052.3063.ST.02001.SECU.00......CN0010606|51001|ACC|184810040244522.100001|0606|0606|CNY|1366.620000|1||1|1|450|51001|21052|LD|00|LD1816317978|LD1816317978||1002675||20180702|20180702||45_INPUTTER|45_INPUTTER|||1|20180702|51001|3063|ST|21052|
501104|PL.50000.6122.1002..........CN0010606|||184810387444695.040001|0606|0606|CNY|-80.000000|0||1|9999|380|50000|6122|IC|||1060606000000467||1000338|||20180702||46_INPUTTER|46_INPUTTER|||1|20180702|50000|1002||6122|
501103|PL.50000.1101.1002..........CN0010606|||184810387444658.000001|0606|0606|CNY|-0.010000|0||1|9999|380|50000|1101|IC|||1060601000004258||1000232|||20180702||46_INPUTTER|46_INPUTTER|||1|20180702|50000|1002||1101|
50010202|PL.51001.21053.3201.MT.02102.UNSECU.00......CN0010608|51001|ACC|184430769771266.090001|0608|0608|CNY|493.810000|1||1|1|450|51001|21053|LD|00|LD1726800714|LD1726800714||1003785||20180701|20180702||45_INPUTTER|45_INPUTTER|||1|20180702|51001|3201|MT|21053|
500105|PL.51500.21060.3107.ST.03002..00......CN0010611|51500|ACC|184432704671265.040001|0611|0611|CNY|70.830000|1||1|1|450|51500|21060|LD|00|LD1809303300|LD1809303300||1003089||20180701|20180702||40_INPUTTER|40_INPUTTER|||1|20180702|51500|3107|ST|21060|
50110101|PL.50000.1112.3107..........CN0010611|||184810040244667.000001|0611|0611|CNY|-58.360000|0||1|1|380|50000|1112|IC|||1061102000005122||1003213|||20180702||45_INPUTTER|45_INPUTTER|||1|20180702|50000|3107||1112|
50120201|PL.50000.2000.7001..........CN0010606|||184810724044690.010001|0606|0606|CNY|-41955.750000|0||1|1|380|50000|2000|IC|||1060609000000043||9000030|||20180702||47_INPUTTER|47_INPUTTER|||1|20180702|50000|7001||2000|
50010202|PL.51001.21053.3201.MT.02102.UNSECU.00......CN0010608|51001|ACC|184811397744526.070001|0608|0608|CNY|493.810000|1||1|1|450|51001|21053|LD|00|LD1726800714|LD1726800714||1003785||20180702|20180702||49_INPUTTER|49_INPUTTER|||1|20180702|51001|3201|MT|21053|
500105|PL.51500.21060.3107.ST.03002..00......CN0010611|51500|ACC|184812980344524.080001|0611|0611|CNY|70.840000|1||1|1|450|51500|21060|LD|00|LD1809303300|LD1809303300||1003089||20180702|20180702||44_INPUTTER|44_INPUTTER|||1|20180702|51500|3107|ST|21060|
50110101|PL.50000.1112.3049..........CN0010609|||184810040244665.040001|0606|0609|CNY|-43.780000|0||1|1|380|50000|1112|IC|||1060902000006911||1004155|||20180702||45_INPUTTER|45_INPUTTER|||1|20180702|50000|3049||1112|
501102|PL.50000.6131.3063..........CN0010606|||184810724044667.030001|0606|0606|CNY|-150.000000|0||1|9999|380|50000|6131|IC|||1060607000002639||1001357|||20180702||47_INPUTTER|47_INPUTTER|||1|20180702|50000|3063||6131|
50110101|PL.50000.1112.3063..........CN0010606|||184812311944671.080001|0606|0606|CNY|-0.200000|0||1|1|380|50000|1112|IC|||1060602000007687||1002172|||20180702||42_INPUTTER|42_INPUTTER|||1|20180702|50000|3063||1112|
50010203|PL.51001.21056.3203.MT.02401.UNSECU.00......CN0010606|51001|ACC|184430769771266.040001|0606|0606|CNY|393.090000|1||1|1|450|51001|21056|LD|00|LD1722325003|LD1722325003||1002879||20180701|20180702||45_INPUTTER|45_INPUTTER|||1|20180702|51001|3203|MT|21056|
501103|PL.50000.1102.1002..........CN0010606|||184810387444661.020001|0606|0606|CNY|-0.010000|0||1|9999|380|50000|1102|IC|||1060601000004978||1000417|||20180702||46_INPUTTER|46_INPUTTER|||1|20180702|50000|1002||1102|
501104|PL.50000.6122.1002..........CN0010606|||184810387444691.050001|0606|0606|CNY|-87.370000|0||1|9999|380|50000|6122|IC|||1060606000000834||1000232|||20180702||46_INPUTTER|46_INPUTTER|||1|20180702|50000|1002||6122|
50010203|PL.51001.21056.3203.MT.02401.UNSECU.00......CN0010606|51001|ACC|184811643444522.010001|0606|0606|CNY|393.090000|1||1|1|450|51001|21056|LD|00|LD1722325003|LD1722325003||1002879||20180702|20180702||36_INPUTTER|36_INPUTTER|||1|20180702|51001|3203|MT|21056|
501104|PL.50000.6122.1002..........CN0010606|||184811643444695.000001|0606|0606|CNY|-21.340000|0||1|9999|380|50000|6122|IC|||1060606000000583||1000438|||20180702||36_INPUTTER|36_INPUTTER|||1|20180702|50000|1002||6122|
50110101|PL.50000.1112.3203..........CN0010606|||184812311944671.010001|0606|0606|CNY|-5.560000|0||1|1|380|50000|1112|IC|||1060602000007019||1002611|||20180702||42_INPUTTER|42_INPUTTER|||1|20180702|50000|3203||1112|
59010202|PL.51001.21053.3107.MT.02104.SECU.00......CN0010606|51001|ACC|184430096371267.000001|0606|0606|CNY|231.260000|1||1|1|450|51001|21053|LD|00|LD1733303007|LD1733303007||1002713||20180701|20180702||43_INPUTTER|43_INPUTTER|||1|20180702|51001|3107|MT|21053|
59010202|PL.51001.21054.3204.MT.02201.SECU.00......CN0010606|51001|ACC|184431704771265.060001|0606|0606|CNY|175.990000|1||1|9999|450|51001|21054|LD|00|LD1626528001|LD1626528001||1001031||20180701|20180702||37_INPUTTER|37_INPUTTER|||1|20180702|51001|3204|MT|21054|
501104|PL.50000.6122.1002..........CN0010606|||184810387444661.050001|0606|0606|CNY|-10.670000|0||1|9999|380|50000|6122|IC|||1060606000000699||1000445|||20180702||46_INPUTTER|46_INPUTTER|||1|20180702|50000|1002||6122|
59010202|PL.51001.21053.3107.MT.02104.SECU.00......CN0010606|51001|ACC|184810724044528.020001|0606|0606|CNY|231.260000|1||1|1|450|51001|21053|LD|00|LD1733303007|LD1733303007||1002713||20180702|20180702||47_INPUTTER|47_INPUTTER|||1|20180702|51001|3107|MT|21053|
59010202|PL.51001.21054.3204.MT.02201.SECU.00......CN0010606|51001|ACC|184812311944519.000001|0606|0606|CNY|175.990000|1||1|9999|450|51001|21054|LD|00|LD1626528001|LD1626528001||1001031||20180702|20180702||42_INPUTTER|42_INPUTTER|||1|20180702|51001|3204|MT|21054|
50010103|PL.51001.21052.3201.ST.02001.UNSECU.00......CN0010606|51001|ACC|184431704771267.020001|0606|0606|CNY|694.790000|1||1|9999|450|51001|21052|LD|00|LD1731465951|LD1731465951||1000972||20180701|20180702||37_INPUTTER|37_INPUTTER|||1|20180702|51001|3201|ST|21052|
500105|PL.51500.21060.3049.ST.03002..00......CN0010606|51500|ACC|184432704671265.020001|0606|0606|CNY|141.940000|1||1|1|450|51500|21060|LD|00|LD1808947283|LD1808947283||1004129||20180701|20180702||40_INPUTTER|40_INPUTTER|||1|20180702|51500|3049|ST|21060|
50110101|PL.50000.1112.3203..........CN0010606|||184811397744668.040001|0606|0606|CNY|-0.210000|0||1|9999|380|50000|1112|IC|||1060602000002505||1000942|||20180702||49_INPUTTER|49_INPUTTER|||1|20180702|50000|3203||1112|
50010103|PL.51001.21052.3201.ST.02001.UNSECU.00......CN0010606|51001|ACC|184811975244524.080001|0606|0606|CNY|694.790000|1||1|9999|450|51001|21052|LD|00|LD1731465951|LD1731465951||1000972||20180702|20180702||41_INPUTTER|41_INPUTTER|||1|20180702|51001|3201|ST|21052|
50110101|PL.50000.1131.3063..........CN0010606|||184812648944691.000001|0606|0606|USD|-3.500000|0|6.616600|1|9999|380|50000|1131|IC|||1060603000003281||1000918|||20180702||43_INPUTTER|43_INPUTTER|||1|20180702|50000|3063||1131|
500105|PL.51500.21060.3049.ST.03002..00......CN0010606|51500|ACC|184812980344524.060001|0606|0606|CNY|141.950000|1||1|1|450|51500|21060|LD|00|LD1808947283|LD1808947283||1004129||20180702|20180702||44_INPUTTER|44_INPUTTER|||1|20180702|51500|3049|ST|21060|
500105|PL.51500.21060.3063.ST.03002..00......CN0010606|51500|ACC|184433041371267.040001|0606|0606|CNY|1305.560000|1||1|1|450|51500|21060|LD|00|LD1813185415|LD1813185415||1004437||20180701|20180702||42_INPUTTER|42_INPUTTER|||1|20180702|51500|3063|ST|21060|
500105|PL.51500.21060.3063.ST.03002..00......CN0010606|51500|ACC|184810040244528.020001|0606|0606|CNY|1305.550000|1||1|1|450|51500|21060|LD|00|LD1813185415|LD1813185415||1004437||20180702|20180702||45_INPUTTER|45_INPUTTER|||1|20180702|51500|3063|ST|21060|
50110101|PL.50000.1112.3203..........CN0010606|||184811060744678.070001|0606|0606|CNY|-0.430000|0||1|1|380|50000|1112|IC|||1060602000001118||1002149|||20180702||48_INPUTTER|48_INPUTTER|||1|20180702|50000|3203||1112|
501104|PL.50000.6122.1002..........CN0010606|||184811643444695.010001|0606|0606|CNY|-21.070000|0||1|9999|380|50000|6122|IC|||1060606000000672||1000445|||20180702||36_INPUTTER|36_INPUTTER|||1|20180702|50000|1002||6122|
59010103|PL.51001.21052.3203.ST.02001.SECU.00......CN0010606|51001|ACC|184432036271266.030001|0606|0606|CNY|24.360000|1||1|9999|450|51001|21052|LD|00|LD1734514425|LD1734514425||1001319||20180701|20180702||38_INPUTTER|38_INPUTTER|||1|20180702|51001|3203|ST|21052|
59010103|PL.51001.21052.3203.ST.02001.SECU.00......CN0010606|51001|ACC|184812311944519.040001|0606|0606|CNY|24.360000|1||1|9999|450|51001|21052|LD|00|LD1734514425|LD1734514425||1001319||20180702|20180702||42_INPUTTER|42_INPUTTER|||1|20180702|51001|3203|ST|21052|
50010101|PL.51001.21055.3049.ST.02315.UNSECU.00......CN0010608|51001|ACC|184432704671265.310001|0608|0608|USD|15.430000|1|6.616600|1|1|450|51001|21055|LD|00|LD1811511284|LD1811511284||1004218||20180701|20180702||40_INPUTTER|40_INPUTTER|||1|20180702|51001|3049|ST|21055|
50010101|PL.51001.21055.3049.ST.02315.UNSECU.00......CN0010608|51001|ACC|184811397744529.010001|0608|0608|USD|15.430000|1|6.616600|1|1|450|51001|21055|LD|00|LD1811511284|LD1811511284||1004218||20180702|20180702||49_INPUTTER|49_INPUTTER|||1|20180702|51001|3049|ST|21055|
50110101|PL.50000.1112.3201..........CN0010606|||184812980344678.090001|0606|0606|CNY|-0.050000|0||1|9999|380|50000|1112|IC|||1060602000003021||1000940|||20180702||44_INPUTTER|44_INPUTTER|||1|20180702|50000|3201||1112|
50010202|PL.51001.21056.3203.MT.02402.UNSECU.00......CN0010606|51001|ACC|184430769771267.060001|0606|0606|CNY|786.180000|1||1|1|450|51001|21056|LD|00|LD1732529409|LD1732529409||1002879||20180701|20180702||45_INPUTTER|45_INPUTTER|||1|20180702|51001|3203|MT|21056|
59010103|PL.51001.21052.3203.ST.02001.SECU.00......CN0010606|51001|ACC|184432036271266.090001|0606|0606|CNY|24.710000|1||1|9999|450|51001|21052|LD|00|LD1735553283|LD1735553283||1001319||20180701|20180702||38_INPUTTER|38_INPUTTER|||1|20180702|51001|3203|ST|21052|
920306|PL.53000.20000.....31......CN0010688|||184810724044854.000001|0688|0688|EUR|-25944.390000|0|7.160801|1|1|302|53000|20000|RV|31||EURCNY1401631010688||0|||20180702||47_INPUTTER|47_INPUTTER|||1|20180702|53000|||20000|
920306|PL.53000.20000.....31......CN0010688|||184810724044858.000002|0688|0688|EUR|25944.390000|1|7.160801|1|1|302|53000|20000|RV|31||EURCNY1401631010688||0|||20180702||47_INPUTTER|47_INPUTTER|||1|20180702|53000|||20000|
50010202|PL.51001.21056.3203.MT.02402.UNSECU.00......CN0010606|51001|ACC|184811975244525.030001|0606|0606|CNY|786.180000|1||1|1|450|51001|21056|LD|00|LD1732529409|LD1732529409||1002879||20180702|20180702||41_INPUTTER|41_INPUTTER|||1|20180702|51001|3203|MT|21056|
59010103|PL.51001.21052.3203.ST.02001.SECU.00......CN0010606|51001|ACC|184812311944520.030001|0606|0606|CNY|24.710000|1||1|9999|450|51001|21052|LD|00|LD1735553283|LD1735553283||1001319||20180702|20180702||42_INPUTTER|42_INPUTTER|||1|20180702|51001|3203|ST|21052|
50010202|PL.51001.21053.3064.MT.02104.UNSECU.00......CN0010606|51001|ACC|184432036271267.020001|0606|0606|CNY|5456.420000|1||1|9999|450|51001|21053|LD|00|LD1428200012|LD1428200012||1000949||20180701|20180702||38_INPUTTER|38_INPUTTER|||1|20180702|51001|3064|MT|21053|
50010202|PL.51001.21053.3064.MT.02104.UNSECU.00......CN0010606|51001|ACC|184810724044530.050001|0606|0606|CNY|5456.420000|1||1|9999|450|51001|21053|LD|00|LD1428200012|LD1428200012||1000949||20180702|20180702||47_INPUTTER|47_INPUTTER|||1|20180702|51001|3064|MT|21053|
50110101|PL.50000.1112.3203..........CN0010613|||184810040244669.000001|0606|0613|CNY|-0.150000|0||1|9999|380|50000|1112|IC|||1061302000002181||1001390|||20180702||45_INPUTTER|45_INPUTTER|||1|20180702|50000|3203||1112|
501104|PL.50000.6122.1002..........CN0010606|||184810040244696.010001|0606|0606|CNY|-21.330000|0||1|9999|380|50000|6122|IC|||1060606000000516||1000438|||20180702||45_INPUTTER|45_INPUTTER|||1|20180702|50000|1002||6122|
50010203|PL.51001.21056.3204.MT.02401.UNSECU.00......CN0010606|51001|ACC|184431704771266.060001|0606|0606|CNY|82.580000|1||1|1|450|51001|21056|LD|00|LD1728687804|LD1728687804||1002725||20180701|20180702||37_INPUTTER|37_INPUTTER|||1|20180702|51001|3204|MT|21056|
50110101|PL.50000.1112.3203..........CN0010606|||184811060744674.000001|0606|0606|CNY|-0.150000|0||1|9999|380|50000|1112|IC|||1060602000002588||1001210|||20180702||48_INPUTTER|48_INPUTTER|||1|20180702|50000|3203||1112|
50010203|PL.51001.21056.3204.MT.02401.UNSECU.00......CN0010606|51001|ACC|184811975244522.050001|0606|0606|CNY|82.580000|1||1|1|450|51001|21056|LD|00|LD1728687804|LD1728687804||1002725||20180702|20180702||41_INPUTTER|41_INPUTTER|||1|20180702|51001|3204|MT|21056|
501103|PL.50000.1101.1002..........CN0010611|||184811975244663.030001|0611|0611|CNY|-0.190000|0||1|1|380|50000|1101|IC|||1061101000012475||1003531|||20180702||41_INPUTTER|41_INPUTTER|||1|20180702|50000|1002||1101|
501104|PL.50000.6121.1002..........CN0010606|||184810387444688.070001|0606|0606|CNY|-1925.000000|0||1|1|380|50000|6121|IC|||1060606000003086||1003749|||20180702||46_INPUTTER|46_INPUTTER|||1|20180702|50000|1002||6121|
50110101|PL.50000.1112.3049..........CN0010608|||184812311944676.070001|0608|0608|CNY|-301.900000|0||1|1|380|50000|1112|IC|||1060802000007352||1002162|||20180702||42_INPUTTER|42_INPUTTER|||1|20180702|50000|3049||1112|
59010202|PL.51001.21053.3050.MT.02102.SECU.00......CN0010606|51001|ACC|184431704771265.040001|0606|0606|USD|18.150000|1|6.616600|1|9999|450|51001|21053|LD|00|LD1625690004|LD1625690004||1001063||20180701|20180702||37_INPUTTER|37_INPUTTER|||1|20180702|51001|3050|MT|21053|
50110101|PL.50000.1112.3063..........CN0010609|||184810040244665.080001|0606|0609|CNY|-0.030000|0||1|1|380|50000|1112|IC|||1060902000007322||1004372|||20180702||45_INPUTTER|45_INPUTTER|||1|20180702|50000|3063||1112|
501102|PL.50000.6131.3063..........CN0010609|||184810724044668.020001|0606|0609|CNY|-80.000000|0||1|9999|380|50000|6131|IC|||1060907000002187||1001265|||20180702||47_INPUTTER|47_INPUTTER|||1|20180702|50000|3063||6131|
50110101|PL.50000.1112.3203..........CN0010606|||184811060744671.050001|0606|0606|CNY|-0.100000|0||1|1|380|50000|1112|IC|||1060602000005617||1002866|||20180702||48_INPUTTER|48_INPUTTER|||1|20180702|50000|3203||1112|
50110101|PL.50000.1112.3107..........CN0010606|||184811643444678.060001|0606|0606|CNY|-12.510000|0||1|9999|380|50000|1112|IC|||1060602000001061||1001946|||20180702||36_INPUTTER|36_INPUTTER|||1|20180702|50000|3107||1112|
59010202|PL.51001.21053.3050.MT.02102.SECU.00......CN0010606|51001|ACC|184811975244521.010001|0606|0606|USD|18.150000|1|6.616600|1|9999|450|51001|21053|LD|00|LD1625690004|LD1625690004||1001063||20180702|20180702||41_INPUTTER|41_INPUTTER|||1|20180702|51001|3050|MT|21053|
59010202|PL.51001.21053.3050.MT.02102.SECU.00......CN0010606|51001|ACC|184430096371266.110001|0606|0606|USD|1.090000|1|6.616600|1|9999|450|51001|21053|LD|00|LD1719101161|LD1719101161||1001063||20180701|20180702||43_INPUTTER|43_INPUTTER|||1|20180702|51001|3050|MT|21053|
501103|PL.50000.1101.1002..........CN0010606|||184810387444660.040001|0606|0606|CNY|-0.010000|0||1|9999|380|50000|1101|IC|||1060601000004846||1000138|||20180702||46_INPUTTER|46_INPUTTER|||1|20180702|50000|1002||1101|
501104|PL.50000.6122.1002..........CN0010606|||184810387444666.060001|0606|0606|CNY|-18.240000|0||1|9999|380|50000|6122|IC|||1060606000002039||1000470|||20180702||46_INPUTTER|46_INPUTTER|||1|20180702|50000|1002||6122|
59010202|PL.51001.21053.3050.MT.02102.SECU.00......CN0010606|51001|ACC|184812311944526.000001|0606|0606|USD|1.080000|1|6.616600|1|9999|450|51001|21053|LD|00|LD1719101161|LD1719101161||1001063||20180702|20180702||42_INPUTTER|42_INPUTTER|||1|20180702|51001|3050|MT|21053|
50110101|PL.50000.1112.3204..........CN0010606|||184812980344677.000001|0606|0606|CNY|-1.210000|0||1|9999|380|50000|1112|IC|||1060602000000545||1000026|||20180702||44_INPUTTER|44_INPUTTER|||1|20180702|50000|3204||1112|
50010103|PL.51001.21052.3049.ST.02001.UNSECU.00......CN0010606|51001|ACC|184431704771267.070001|0606|0606|CNY|896.100000|1||1|1|450|51001|21052|LD|00|LD1732634660|LD1732634660||1003771||20180701|20180702||37_INPUTTER|37_INPUTTER|||1|20180702|51001|3049|ST|21052|
50110101|PL.50000.1112.3050..........CN0010609|||184810040244665.030001|0606|0609|CNY|-0.080000|0||1|1|380|50000|1112|IC|||1060902000006342||1003995|||20180702||45_INPUTTER|45_INPUTTER|||1|20180702|50000|3050||1112|
501104|PL.50000.6121.1002..........CN0010606|||184810387444663.030001|0606|0606|CNY|-80.670000|0||1|9999|380|50000|6121|IC|||1060606000001229||1000635|||20180702||46_INPUTTER|46_INPUTTER|||1|20180702|50000|1002||6121|
50010103|PL.51001.21052.3049.ST.02001.UNSECU.00......CN0010606|51001|ACC|184811975244525.080001|0606|0606|CNY|896.100000|1||1|1|450|51001|21052|LD|00|LD1732634660|LD1732634660||1003771||20180702|20180702||41_INPUTTER|41_INPUTTER|||1|20180702|51001|3049|ST|21052|
501103|PL.50000.1101.1002..........CN0010606|||184812311944660.010001|0606|0606|USD|-0.010000|0|6.616600|1|9999|380|50000|1101|IC|||1060601000001197||1000369|||20180702||42_INPUTTER|42_INPUTTER|||1|20180702|50000|1002||1101|
500105|PL.51500.21060.3107.ST.03002..00......CN0010611|51500|ACC|184433041371266.100001|0611|0611|CNY|151.250000|1||1|1|450|51500|21060|LD|00|LD1816362608|LD1816362608||1003089||20180701|20180702||42_INPUTTER|42_INPUTTER|||1|20180702|51500|3107|ST|21060|
500105|PL.51500.21060.3107.ST.03002..00......CN0010611|51500|ACC|184810040244523.040001|0611|0611|CNY|151.250000|1||1|1|450|51500|21060|LD|00|LD1816362608|LD1816362608||1003089||20180702|20180702||45_INPUTTER|45_INPUTTER|||1|20180702|51500|3107|ST|21060|
501104|PL.50000.6122.1002..........CN0010606|||184810387444694.040001|0606|0606|CNY|-21.340000|0||1|9999|380|50000|6122|IC|||1060606000000338||1000315|||20180702||46_INPUTTER|46_INPUTTER|||1|20180702|50000|1002||6122|
50120201|PL.50000.2000.7001..........CN0010606|||184810724044690.020001|0606|0606|CNY|-4521.910000|0||1|1|380|50000|2000|IC|||1060609000000116||9000086|||20180702||47_INPUTTER|47_INPUTTER|||1|20180702|50000|7001||2000|
50110101|PL.50000.1112.3064..........CN0010606|||184811397744679.000001|0606|0606|CNY|-0.760000|0||1|9999|380|50000|1112|IC|||1060602000000219||1000949|||20180702||49_INPUTTER|49_INPUTTER|||1|20180702|50000|3064||1112|
50110501|PL.50000.6111.3203..........CN0010608|||184811643444679.070001|0608|0608|CNY|-90.000000|0||1|1|380|50000|6111|IC|||1060805000002325||1002379|||20180702||36_INPUTTER|36_INPUTTER|||1|20180702|50000|3203||6111|
501104|PL.50000.6122.1002..........CN0010606|||184810387444693.040001|0606|0606|CNY|-64.000000|0||1|9999|380|50000|6122|IC|||1060606000000192||1000315|||20180702||46_INPUTTER|46_INPUTTER|||1|20180702|50000|1002||6122|
50010202|PL.51001.21056.3064.MT.02402.UNSECU.00......CN0010606|51001|ACC|184430096371266.140001|0606|0606|CNY|2894.430000|1||1|1|450|51001|21056|LD|00|LD1723778430|LD1723778430||1003057||20180701|20180702||43_INPUTTER|43_INPUTTER|||1|20180702|51001|3064|MT|21056|
501104|PL.50000.6121.1002..........CN0010607|||184810387444689.010001|0606|0607|CNY|-5.530000|0||1|9999|380|50000|6121|IC|||1060706000001436||1000417|||20180702||46_INPUTTER|46_INPUTTER|||1|20180702|50000|1002||6121|
50010202|PL.51001.21056.3064.MT.02402.UNSECU.00......CN0010606|51001|ACC|184811643444523.030001|0606|0606|CNY|2894.430000|1||1|1|450|51001|21056|LD|00|LD1723778430|LD1723778430||1003057||20180702|20180702||36_INPUTTER|36_INPUTTER|||1|20180702|51001|3064|MT|21056|
50010103|PL.51001.21052.3061.ST.02001.UNSECU.00......CN0010606|51001|ACC|184433041371267.000001|0606|0606|CNY|177.150000|1||1|1|450|51001|21052|LD|00|LD1813152870|LD1813152870||1002175||20180701|20180702||42_INPUTTER|42_INPUTTER|||1|20180702|51001|3061|ST|21052|
50010103|PL.51001.21052.3061.ST.02001.UNSECU.00......CN0010606|51001|ACC|184810040244527.090001|0606|0606|CNY|177.150000|1||1|1|450|51001|21052|LD|00|LD1813152870|LD1813152870||1002175||20180702|20180702||45_INPUTTER|45_INPUTTER|||1|20180702|51001|3061|ST|21052|
50110101|PL.50000.1131.3203..........CN0010608|||184811643444674.010001|0608|0608|USD|-3.030000|0|6.616600|1|1|380|50000|1131|IC|||1060803000006344||1004486|||20180702||36_INPUTTER|36_INPUTTER|||1|20180702|50000|3203||1131|
50010103|PL.51001.21052.3000.ST.02001.UNSECU.00......CN0010606|51001|ACC|184430096371265.130001|0606|0606|CNY|7642.710000|1||1|9999|450|51001|21052|LD|00|LD1817709145|LD1817709145||1000901||20180701|20180702||43_INPUTTER|43_INPUTTER|||1|20180702|51001|3000|ST|21052|
500203|PL.51001.21073.2154.MT.04001.SECU.00......CN0010606|51001|ACC|184430433071265.100001|0606|0606|USD|2659.900000|1|6.616600|1|1|450|51001|21073|LD|00|LD1635699975|LD1635699975||1002894||20180701|20180702||44_INPUTTER|44_INPUTTER|||1|20180702|51001|2154|MT|21073|
50010103|PL.51001.21052.3000.ST.02001.UNSECU.00......CN0010606|51001|ACC|184810387444527.050001|0606|0606|CNY|7642.710000|1||1|9999|450|51001|21052|LD|00|LD1817709145|LD1817709145||1000901||20180702|20180702||46_INPUTTER|46_INPUTTER|||1|20180702|51001|3000|ST|21052|
501104|PL.50000.6122.1002..........CN0010606|||184810387444695.020001|0606|0606|CNY|-2.660000|0||1|9999|380|50000|6122|IC|||1060606000000443||1000516|||20180702||46_INPUTTER|46_INPUTTER|||1|20180702|50000|1002||6122|
500203|PL.51001.21073.2154.MT.04001.SECU.00......CN0010606|51001|ACC|184810724044524.000001|0606|0606|USD|2659.890000|1|6.616600|1|1|450|51001|21073|LD|00|LD1635699975|LD1635699975||1002894||20180702|20180702||47_INPUTTER|47_INPUTTER|||1|20180702|51001|2154|MT|21073|
50110101|PL.50000.1112.3203..........CN0010609|||184810040244666.040001|0606|0609|CNY|-11.280000|0||1|1|380|50000|1112|IC|||1060902000007578||1002168|||20180702||45_INPUTTER|45_INPUTTER|||1|20180702|50000|3203||1112|
501104|PL.50000.6121.1002..........CN0010606|||184810387444688.050001|0606|0606|CNY|-1000.000000|0||1|9999|380|50000|6121|IC|||1060606000002985||1001930|||20180702||46_INPUTTER|46_INPUTTER|||1|20180702|50000|1002||6121|
50110101|PL.50000.1131.3049..........CN0010608|||184811643444673.020001|0608|0608|USD|-3.540000|0|6.616600|1|1|380|50000|1131|IC|||1060803000005787||1004218|||20180702||36_INPUTTER|36_INPUTTER|||1|20180702|50000|3049||1131|
50110101|PL.50000.1112.3203..........CN0010608|||184812311944676.090001|0608|0608|CNY|-0.050000|0||1|1|380|50000|1112|IC|||1060802000007409||1004508|||20180702||42_INPUTTER|42_INPUTTER|||1|20180702|50000|3203||1112|
50110101|PL.50000.1112.3203..........CN0010606|||184811060744674.020001|0606|0606|CNY|-28.180000|0||1|9999|380|50000|1112|IC|||1060602000002629||1001304|||20180702||48_INPUTTER|48_INPUTTER|||1|20180702|50000|3203||1112|
50110101|PL.50000.1112.3109..........CN0010607|||184812311944673.020001|0606|0607|CNY|-0.710000|0||1|9999|380|50000|1112|IC|||1060702000001481||1001438|||20180702||42_INPUTTER|42_INPUTTER|||1|20180702|50000|3109||1112|
50110101|PL.50000.1112.3107..........CN0010606|||184812311944678.070001|0606|0606|CNY|-3.920000|0||1|9999|380|50000|1112|IC|||1060602000000529||1000019|||20180702||42_INPUTTER|42_INPUTTER|||1|20180702|50000|3107||1112|
501104|PL.50000.6122.1002..........CN0010606|||184810387444667.040001|0606|0606|CNY|-3.660000|0||1|9999|380|50000|6122|IC|||1060606000002187||1000342|||20180702||46_INPUTTER|46_INPUTTER|||1|20180702|50000|1002||6122|
501102|PL.50000.6131.3109..........CN0010606|||184810724044669.050001|0606|0606|CNY|-1833.330000|0||1|1|380|50000|6131|IC|||1060607000003198||1002163|||20180702||47_INPUTTER|47_INPUTTER|||1|20180702|50000|3109||6131|
501103|PL.50000.1102.1002..........CN0010606|||184810387444661.030001|0606|0606|CNY|-0.010000|0||1|9999|380|50000|1102|IC|||1060601000005017||1000578|||20180702||46_INPUTTER|46_INPUTTER|||1|20180702|50000|1002||1102|
501104|PL.50000.6122.1002..........CN0010606|||184810387444664.020001|0606|0606|CNY|-16.000000|0||1|9999|380|50000|6122|IC|||1060606000001687||1000342|||20180702||46_INPUTTER|46_INPUTTER|||1|20180702|50000|1002||6122|
59010203|PL.51001.21056.3204.MT.02401.SECU.00......CN0010606|51001|ACC|184430096371266.050001|0606|0606|CNY|185.800000|1||1|1|450|51001|21056|LD|00|LD1711722885|LD1711722885||1002725||20180701|20180702||43_INPUTTER|43_INPUTTER|||1|20180702|51001|3204|MT|21056|
50010202|PL.51001.21053.3049.MT.02102.UNSECU.00......CN0010608|51001|ACC|184431367771267.030001|0608|0608|CNY|35.080000|1||1|1|450|51001|21053|LD|00|LD1814192161|LD1814192161||1002957||20180701|20180702||35_INPUTTER|35_INPUTTER|||1|20180702|51001|3049|MT|21053|
59010103|PL.51001.21052.3203.ST.02001.SECU.00......CN0010606|51001|ACC|184433041371265.060001|0606|0606|CNY|238.770000|1||1|1|450|51001|21052|LD|00|LD1815199947|LD1815199947||1003902||20180701|20180702||42_INPUTTER|42_INPUTTER|||1|20180702|51001|3203|ST|21052|
59010103|PL.51001.21052.3203.ST.02001.SECU.00......CN0010606|51001|ACC|184810040244521.030001|0606|0606|CNY|238.770000|1||1|1|450|51001|21052|LD|00|LD1815199947|LD1815199947||1003902||20180702|20180702||45_INPUTTER|45_INPUTTER|||1|20180702|51001|3203|ST|21052|
50110101|PL.50000.1112.3063..........CN0010609|||184810040244665.090001|0606|0609|CNY|-0.010000|0||1|1|380|50000|1112|IC|||1060902000007349||1004437|||20180702||45_INPUTTER|45_INPUTTER|||1|20180702|50000|3063||1112|
50010202|PL.51001.21053.3049.MT.02102.UNSECU.00......CN0010608|51001|ACC|184810387444528.050001|0608|0608|CNY|35.090000|1||1|1|450|51001|21053|LD|00|LD1814192161|LD1814192161||1002957||20180702|20180702||46_INPUTTER|46_INPUTTER|||1|20180702|51001|3049|MT|21053|
59010203|PL.51001.21056.3204.MT.02401.SECU.00......CN0010606|51001|ACC|184811060744525.060001|0606|0606|CNY|185.810000|1||1|1|450|51001|21056|LD|00|LD1711722885|LD1711722885||1002725||20180702|20180702||48_INPUTTER|48_INPUTTER|||1|20180702|51001|3204|MT|21056|
50010103|PL.51001.21052.3203.ST.02001.UNSECU.00......CN0010606|51001|ACC|184432372871266.150001|0606|0606|CNY|286.540000|1||1|9999|450|51001|21052|LD|00|LD1806780182|LD1806780182||1001182||20180701|20180702||39_INPUTTER|39_INPUTTER|||1|20180702|51001|3203|ST|21052|
501103|PL.50000.1101.1001..........CN0010606|||184811975244682.020001|0606|0606|USD|-0.010000|0|6.616600|1|9999|380|50000|1101|IC|||1060601000000565||1000829|||20180702||41_INPUTTER|41_INPUTTER|||1|20180702|50000|1001||1101|
50010103|PL.51001.21052.3203.ST.02001.UNSECU.00......CN0010606|51001|ACC|184812311944528.020001|0606|0606|CNY|286.550000|1||1|9999|450|51001|21052|LD|00|LD1806780182|LD1806780182||1001182||20180702|20180702||42_INPUTTER|42_INPUTTER|||1|20180702|51001|3203|ST|21052|
50010202|PL.51001.21053.3049.MT.02102.UNSECU.00......CN0010608|51001|ACC|184433041371265.180001|0608|0608|CNY|189.490000|1||1|1|450|51001|21053|LD|00|LD1816202569|LD1816202569||1002957||20180701|20180702||42_INPUTTER|42_INPUTTER|||1|20180702|51001|3049|MT|21053|
50010202|PL.51001.21053.3049.MT.02102.UNSECU.00......CN0010608|51001|ACC|184810040244522.050001|0608|0608|CNY|189.500000|1||1|1|450|51001|21053|LD|00|LD1816202569|LD1816202569||1002957||20180702|20180702||45_INPUTTER|45_INPUTTER|||1|20180702|51001|3049|MT|21053|
50110101|PL.50000.1112.3203..........CN0010611|||184810040244667.040001|0611|0611|CNY|-0.540000|0||1|1|380|50000|1112|IC|||1061102000005602||1003630|||20180702||45_INPUTTER|45_INPUTTER|||1|20180702|50000|3203||1112|
501104|PL.50000.6122.1002..........CN0010606|||184810387444662.000001|0606|0606|CNY|-21.470000|0||1|9999|380|50000|6122|IC|||1060606000000718||1000445|||20180702||46_INPUTTER|46_INPUTTER|||1|20180702|50000|1002||6122|
50010101|PL.51001.21055.3201.ST.02304.UNSECU.00......CN0010606|51001|ACC|184432704671265.250001|0606|0606|USD|84.630000|1|6.616600|1|1|450|51001|21055|LD|00|LD1810988657|LD1810988657||1004420||20180701|20180702||40_INPUTTER|40_INPUTTER|||1|20180702|51001|3201|ST|21055|
500105|PL.51500.21060.3107.ST.03002..00......CN0010611|51500|ACC|184433041371266.050001|0611|0611|CNY|68.750000|1||1|1|450|51500|21060|LD|00|LD1816320377|LD1816320377||1003089||20180701|20180702||42_INPUTTER|42_INPUTTER|||1|20180702|51500|3107|ST|21060|
500105|PL.51500.21060.3107.ST.03002..00......CN0010611|51500|ACC|184810040244522.110001|0611|0611|CNY|68.750000|1||1|1|450|51500|21060|LD|00|LD1816320377|LD1816320377||1003089||20180702|20180702||45_INPUTTER|45_INPUTTER|||1|20180702|51500|3107|ST|21060|
50010101|PL.51001.21055.3201.ST.02304.UNSECU.00......CN0010606|51001|ACC|184812980344536.040001|0606|0606|USD|84.620000|1|6.616600|1|1|450|51001|21055|LD|00|LD1810988657|LD1810988657||1004420||20180702|20180702||44_INPUTTER|44_INPUTTER|||1|20180702|51001|3201|ST|21055|
501102|PL.50000.6131.3109..........CN0010606|||184810724044669.060001|0606|0606|CNY|-1833.330000|0||1|1|380|50000|6131|IC|||1060607000003201||1002163|||20180702||47_INPUTTER|47_INPUTTER|||1|20180702|50000|3109||6131|
50110101|PL.50000.1112.3107..........CN0010606|||184812980344678.010001|0606|0606|CNY|-0.020000|0||1|1|380|50000|1112|IC|||1060602000004548||1002753|||20180702||44_INPUTTER|44_INPUTTER|||1|20180702|50000|3107||1112|
500105|PL.51500.21060.3063.ST.03002..00......CN0010606|51500|ACC|184432372871265.190001|0606|0606|CNY|1361.110000|1||1|1|450|51500|21060|LD|00|LD1805531197|LD1805531197||1004372||20180701|20180702||39_INPUTTER|39_INPUTTER|||1|20180702|51500|3063|ST|21060|
500105|PL.51500.21060.3107.ST.03002..00......CN0010611|51500|ACC|184432704671265.090001|0611|0611|CNY|90.670000|1||1|1|450|51500|21060|LD|00|LD1809383350|LD1809383350||1003089||20180701|20180702||40_INPUTTER|40_INPUTTER|||1|20180702|51500|3107|ST|21060|
50110101|PL.50000.1112.3201..........CN0010613|||184810040244669.020001|0606|0613|CNY|-182.350000|0||1|9999|380|50000|1112|IC|||1061302000003927||1000972|||20180702||45_INPUTTER|45_INPUTTER|||1|20180702|50000|3201||1112|
501104|PL.50000.6122.1002..........CN0010606|||184810387444692.010001|0606|0606|CNY|-15.080000|0||1|9999|380|50000|6122|IC|||1060606000002152||1000578|||20180702||46_INPUTTER|46_INPUTTER|||1|20180702|50000|1002||6122|
50110101|PL.50000.1112.3063..........CN0010606|||184811060744677.060001|0606|0606|CNY|-0.130000|0||1|9999|380|50000|1112|IC|||1060602000000758||1001150|||20180702||48_INPUTTER|48_INPUTTER|||1|20180702|50000|3063||1112|
500105|PL.51500.21060.3063.ST.03002..00......CN0010606|51500|ACC|184812648944530.050001|0606|0606|CNY|1361.110000|1||1|1|450|51500|21060|LD|00|LD1805531197|LD1805531197||1004372||20180702|20180702||43_INPUTTER|43_INPUTTER|||1|20180702|51500|3063|ST|21060|
500105|PL.51500.21060.3107.ST.03002..00......CN0010611|51500|ACC|184812980344525.010001|0611|0611|CNY|90.660000|1||1|1|450|51500|21060|LD|00|LD1809383350|LD1809383350||1003089||20180702|20180702||44_INPUTTER|44_INPUTTER|||1|20180702|51500|3107|ST|21060|
50110101|PL.50000.1112.3203..........CN0010609|||184810040244663.060001|0606|0609|CNY|-1.320000|0||1|9999|380|50000|1112|IC|||1060902000002231||1001387|||20180702||45_INPUTTER|45_INPUTTER|||1|20180702|50000|3203||1112|
501102|PL.50000.6131.3201..........CN0010606|||184810724044668.070001|0606|0606|CNY|-68.600000|0||1|1|380|50000|6131|IC|||1060607000002493||1003644|||20180702||47_INPUTTER|47_INPUTTER|||1|20180702|50000|3201||6131|
50110101|PL.50000.1112.3201..........CN0010608|||184812311944676.080001|0608|0608|CNY|-23.690000|0||1|1|380|50000|1112|IC|||1060802000007379||1004439|||20180702||42_INPUTTER|42_INPUTTER|||1|20180702|50000|3201||1112|
59010203|PL.51001.21056.3204.MT.02401.SECU.00......CN0010606|51001|ACC|184430433071266.030001|0606|0606|CNY|103.220000|1||1|1|450|51001|21056|LD|00|LD1708100449|LD1708100449||1002725||20180701|20180702||44_INPUTTER|44_INPUTTER|||1|20180702|51001|3204|MT|21056|
501104|PL.50000.6121.1002..........CN0010606|||184810387444674.000001|0606|0606|CNY|-9.330000|0||1|9999|380|50000|6121|IC|||1060606000001105||1000237|||20180702||46_INPUTTER|46_INPUTTER|||1|20180702|50000|1002||6121|
59010203|PL.51001.21056.3204.MT.02401.SECU.00......CN0010606|51001|ACC|184810724044525.050001|0606|0606|CNY|103.230000|1||1|1|450|51001|21056|LD|00|LD1708100449|LD1708100449||1002725||20180702|20180702||47_INPUTTER|47_INPUTTER|||1|20180702|51001|3204|MT|21056|
500105|PL.51500.21060.3063.ST.03002..00......CN0010606|51500|ACC|184432372871265.170001|0606|0606|CNY|1361.110000|1||1|1|450|51500|21060|LD|00|LD1805515959|LD1805515959||1004372||20180701|20180702||39_INPUTTER|39_INPUTTER|||1|20180702|51500|3063|ST|21060|
501103|PL.50000.1102.1002..........CN0010606|||184810724044662.010001|0606|0606|CNY|-0.100000|0||1|9999|380|50000|1102|IC|||1060601000006008||1000579|||20180702||47_INPUTTER|47_INPUTTER|||1|20180702|50000|1002||1102|
50110101|PL.50000.1112.3203..........CN0010606|||184811060744675.040001|0606|0606|CNY|-0.020000|0||1|9999|380|50000|1112|IC|||1060602000003846||1001191|||20180702||48_INPUTTER|48_INPUTTER|||1|20180702|50000|3203||1112|
500105|PL.51500.21060.3063.ST.03002..00......CN0010606|51500|ACC|184812648944530.030001|0606|0606|CNY|1361.110000|1||1|1|450|51500|21060|LD|00|LD1805515959|LD1805515959||1004372||20180702|20180702||43_INPUTTER|43_INPUTTER|||1|20180702|51500|3063|ST|21060|
50010103|PL.51001.21052.3203.ST.02001.UNSECU.00......CN0010606|51001|ACC|184431367771266.090001|0606|0606|CNY|897.730000|1||1|9999|450|51001|21052|LD|00|LD1723306092|LD1723306092||1001210||20180701|20180702||35_INPUTTER|35_INPUTTER|||1|20180702|51001|3203|ST|21052|
501102|PL.50000.6131.3063..........CN0010609|||184810387444671.070001|0606|0609|CNY|-104.000000|0||1|9999|380|50000|6131|IC|||1060907000001447||1001265|||20180702||46_INPUTTER|46_INPUTTER|||1|20180702|50000|3063||6131|
50010103|PL.51001.21052.3203.ST.02001.UNSECU.00......CN0010606|51001|ACC|184811643444522.050001|0606|0606|CNY|897.720000|1||1|9999|450|51001|21052|LD|00|LD1723306092|LD1723306092||1001210||20180702|20180702||36_INPUTTER|36_INPUTTER|||1|20180702|51001|3203|ST|21052|
59010103|PL.51001.21052.3203.ST.02001.SECU.00......CN0010606|51001|ACC|184433041371265.170001|0606|0606|CNY|82.650000|1||1|1|450|51001|21052|LD|00|LD1815972139|LD1815972139||1003905||20180701|20180702||42_INPUTTER|42_INPUTTER|||1|20180702|51001|3203|ST|21052|
50010202|PL.51001.21053.3201.MT.02102.UNSECU.00......CN0010608|51001|ACC|184433041371267.130001|0608|0608|CNY|220.450000|1||1|1|450|51001|21053|LD|00|LD1808162234|LD1808162234||1003785||20180701|20180702||42_INPUTTER|42_INPUTTER|||1|20180702|51001|3201|MT|21053|
59010103|PL.51001.21052.3203.ST.02001.SECU.00......CN0010606|51001|ACC|184810040244522.040001|0606|0606|CNY|82.650000|1||1|1|450|51001|21052|LD|00|LD1815972139|LD1815972139||1003905||20180702|20180702||45_INPUTTER|45_INPUTTER|||1|20180702|51001|3203|ST|21052|
50110101|PL.50000.1112.3063..........CN0010609|||184810040244666.030001|0606|0609|CNY|-0.020000|0||1|1|380|50000|1112|IC|||1060902000007527||1002166|||20180702||45_INPUTTER|45_INPUTTER|||1|20180702|50000|3063||1112|
50110501|PL.50000.6111.3203..........CN0010608|||184810387444673.020001|0608|0608|CNY|-344.180000|0||1|1|380|50000|6111|IC|||1060805000002667||1004508|||20180702||46_INPUTTER|46_INPUTTER|||1|20180702|50000|3203||6111|
501104|PL.50000.6121.1002..........CN0010606|||184810387444692.030001|0606|0606|CNY|-9.030000|0||1|9999|380|50000|6121|IC|||1060606000002578||1000181|||20180702||46_INPUTTER|46_INPUTTER|||1|20180702|50000|1002||6121|
50110501|PL.50000.6111.3203..........CN0010606|||184811397744678.030001|0606|0606|CNY|-72.000000|0||1|1|380|50000|6111|IC|||1060605000000676||1002705|||20180702||49_INPUTTER|49_INPUTTER|||1|20180702|50000|3203||6111|
50010202|PL.51001.21053.3201.MT.02102.UNSECU.00......CN0010608|51001|ACC|184812311944529.090001|0608|0608|CNY|220.450000|1||1|1|450|51001|21053|LD|00|LD1808162234|LD1808162234||1003785||20180702|20180702||42_INPUTTER|42_INPUTTER|||1|20180702|51001|3201|MT|21053|
500105|PL.51500.21060.3063.ST.03002..00......CN0010611|51500|ACC|184432372871266.310001|0611|0611|CNY|40.920000|1||1|1|450|51500|21060|LD|00|LD1807340606|LD1807340606||1003314||20180701|20180702||39_INPUTTER|39_INPUTTER|||1|20180702|51500|3063|ST|21060|
501102|PL.50000.6131.3099..........CN0010606|||184810724044667.070001|0606|0606|CNY|-200.000000|0||1|1|380|50000|6131|IC|||1060607000003309||1004721|||20180702||47_INPUTTER|47_INPUTTER|||1|20180702|50000|3099||6131|
500105|PL.51500.21060.3063.ST.03002..00......CN0010611|51500|ACC|184811397744528.060001|0611|0611|CNY|40.920000|1||1|1|450|51500|21060|LD|00|LD1807340606|LD1807340606||1003314||20180702|20180702||49_INPUTTER|49_INPUTTER|||1|20180702|51500|3063|ST|21060|
50010103|PL.51001.21052.3203.ST.02001.UNSECU.00......CN0010606|51001|ACC|184432704671266.120001|0606|0606|CNY|652.500000|1||1|9999|450|51001|21052|LD|00|LD1811859030|LD1811859030||1001182||20180701|20180702||40_INPUTTER|40_INPUTTER|||1|20180702|51001|3203|ST|21052|
920306|PL.53000.20000.....01......CN0010688|||184810724044855.020002|0688|0688|JPY|-13283961.000000|0|0.059914|1|1|302|53000|20000|RV|01||JPYCNY1401601010688||0|||20180702||47_INPUTTER|47_INPUTTER|||1|20180702|53000|||20000|
920306|PL.53000.20000.....01......CN0010688|||184810724044859.010001|0688|0688|JPY|13283961.000000|1|0.059914|1|1|302|53000|20000|RV|01||JPYCNY1401601010688||0|||20180702||47_INPUTTER|47_INPUTTER|||1|20180702|53000|||20000|
50010103|PL.51001.21052.3203.ST.02001.UNSECU.00......CN0010606|51001|ACC|184811060744530.070001|0606|0606|CNY|652.500000|1||1|9999|450|51001|21052|LD|00|LD1811859030|LD1811859030||1001182||20180702|20180702||48_INPUTTER|48_INPUTTER|||1|20180702|51001|3203|ST|21052|
50010202|PL.51001.21053.3049.MT.02102.UNSECU.00......CN0010608|51001|ACC|184432704671267.030001|0608|0608|USD|10.020000|1|6.616600|1|1|450|51001|21053|LD|00|LD1813706108|LD1813706108||1002957||20180701|20180702||40_INPUTTER|40_INPUTTER|||1|20180702|51001|3049|MT|21053|
50010202|PL.51001.21053.3049.MT.02102.UNSECU.00......CN0010608|51001|ACC|184810040244533.030001|0608|0608|USD|10.030000|1|6.616600|1|1|450|51001|21053|LD|00|LD1813706108|LD1813706108||1002957||20180702|20180702||45_INPUTTER|45_INPUTTER|||1|20180702|51001|3049|MT|21053|
50110101|PL.50000.1113.3107..........CN0010606|||184811060744675.090001|0606|0606|CNY|-60.630000|0||1|9999|380|50000|1113|IC|||1060602000004157||1001379|||20180702||48_INPUTTER|48_INPUTTER|||1|20180702|50000|3107||1113|
501103|PL.50000.1101.1002..........CN0010606|||184811643444661.020001|0606|0606|CNY|-0.020000|0||1|1|380|50000|1101|IC|||1060601000012881||1004387|||20180702||36_INPUTTER|36_INPUTTER|||1|20180702|50000|1002||1101|
59010202|PL.51001.21053.3050.MT.02102.SECU.00......CN0010606|51001|ACC|184430096371267.060001|0606|0606|USD|73.750000|1|6.616600|1|9999|450|51001|21053|LD|00|LD1428200011|LD1428200011||1001063||20180701|20180702||43_INPUTTER|43_INPUTTER|||1|20180702|51001|3050|MT|21053|
50020202|PL.51001.21076.2107....00......CN0010611|51001|ACC|184430096371278.070001|0611|0611|USD|748.730000|1|6.616600|1|1|450|51001|21076|MMI|00|MM1814100002;4|MM1814100002||9000088|||20180702||43_INPUTTER|43_INPUTTER|||1|20180702|51001|2107||21076|
59010202|PL.51001.21053.3201.MT.02102.SECU.00......CN0010606|51001|ACC|184433041371267.060001|0606|0606|CNY|140.330000|1||1|1|450|51001|21053|LD|00|LD1808113554|LD1808113554||1003644||20180701|20180702||42_INPUTTER|42_INPUTTER|||1|20180702|51001|3201|MT|21053|
50020202|PL.51001.21076.2107....00......CN0010611|51001|ACC|184810040244554.000001|0611|0611|USD|748.740000|1|6.616600|1|1|450|51001|21076|MMI|00|MM1814100002;4|MM1814100002||9000088|||20180702||45_INPUTTER|45_INPUTTER|||1|20180702|51001|2107||21076|
59010202|PL.51001.21053.3050.MT.02102.SECU.00......CN0010606|51001|ACC|184810724044529.060001|0606|0606|USD|73.760000|1|6.616600|1|9999|450|51001|21053|LD|00|LD1428200011|LD1428200011||1001063||20180702|20180702||47_INPUTTER|47_INPUTTER|||1|20180702|51001|3050|MT|21053|
59010202|PL.51001.21053.3201.MT.02102.SECU.00......CN0010606|51001|ACC|184812311944529.020001|0606|0606|CNY|140.320000|1||1|1|450|51001|21053|LD|00|LD1808113554|LD1808113554||1003644||20180702|20180702||42_INPUTTER|42_INPUTTER|||1|20180702|51001|3201|MT|21053|
500203|PL.51001.21073.2153.MT.04001.UNSECU.00......CN0010606|51001|ACC|184432704671264.020001|0606|0606|USD|188.720000|1|6.616600|1|1|450|51001|21073|LD|00|LD1629250224|LD1629250224||1002482||20180701|20180702||40_INPUTTER|40_INPUTTER|||1|20180702|51001|2153|MT|21073|
50010103|PL.51001.21052.3107.ST.02001.UNSECU.00......CN0010611|51001|ACC|184432704671267.020001|0611|0611|CNY|1111.670000|1||1|1|450|51001|21052|LD|00|LD1813671543|LD1813671543||1003923||20180701|20180702||40_INPUTTER|40_INPUTTER|||1|20180702|51001|3107|ST|21052|
50010103|PL.51001.21052.3107.ST.02001.UNSECU.00......CN0010611|51001|ACC|184810040244533.020001|0611|0611|CNY|1111.660000|1||1|1|450|51001|21052|LD|00|LD1813671543|LD1813671543||1003923||20180702|20180702||45_INPUTTER|45_INPUTTER|||1|20180702|51001|3107|ST|21052|
501103|PL.50000.1101.1002..........CN0010606|||184810387444659.030001|0606|0606|CNY|-0.090000|0||1|9999|380|50000|1101|IC|||1060601000004439||1000540|||20180702||46_INPUTTER|46_INPUTTER|||1|20180702|50000|1002||1101|
501104|PL.50000.6122.1002..........CN0010606|||184810387444692.050001|0606|0606|CNY|-64.000000|0||1|9999|380|50000|6122|IC|||1060606000000087||1000259|||20180702||46_INPUTTER|46_INPUTTER|||1|20180702|50000|1002||6122|
500203|PL.51001.21073.2153.MT.04001.UNSECU.00......CN0010606|51001|ACC|184812980344523.010001|0606|0606|USD|188.710000|1|6.616600|1|1|450|51001|21073|LD|00|LD1629250224|LD1629250224||1002482||20180702|20180702||44_INPUTTER|44_INPUTTER|||1|20180702|51001|2153|MT|21073|
50110101|PL.50000.1112.3203..........CN0010611|||184810040244667.070001|0611|0611|CNY|-0.190000|0||1|1|380|50000|1112|IC|||1061102000005898||1003121|||20180702||45_INPUTTER|45_INPUTTER|||1|20180702|50000|3203||1112|
501104|PL.50000.6121.1002..........CN0010608|||184810387444689.060001|0608|0608|CNY|-10.000000|0||1|1|380|50000|6121|IC|||1060806000002933||1003757|||20180702||46_INPUTTER|46_INPUTTER|||1|20180702|50000|1002||6121|
50110101|PL.50000.1112.3203..........CN0010606|||184812980344677.010001|0606|0606|CNY|-13.000000|0||1|9999|380|50000|1112|IC|||1060602000000553||1001119|||20180702||44_INPUTTER|44_INPUTTER|||1|20180702|50000|3203||1112|
501103|PL.50000.1101.1002..........CN0010606|||184811643444661.000001|0606|0606|CNY|-0.010000|0||1|1|380|50000|1101|IC|||1060601000012385||1003475|||20180702||36_INPUTTER|36_INPUTTER|||1|20180702|50000|1002||1101|
59010103|PL.51001.21052.3203.ST.02001.SECU.00......CN0010606|51001|ACC|184430096371265.180001|0606|0606|CNY|204.070000|1||1|1|450|51001|21052|LD|00|LD1818020550|LD1818020550||1003905||20180701|20180702||43_INPUTTER|43_INPUTTER|||1|20180702|51001|3203|ST|21052|
50110101|PL.50000.1112.3049..........CN0010611|||184810040244668.080001|0611|0611|CNY|-0.130000|0||1|1|380|50000|1112|IC|||1061102000007753||1004604|||20180702||45_INPUTTER|45_INPUTTER|||1|20180702|50000|3049||1112|
50110101|PL.50000.1131.3107..........CN0010606|||184810040244685.010001|0606|0606|USD|-0.090000|0|6.616600|1|9999|380|50000|1131|IC|||1060603000000576||1001066|||20180702||45_INPUTTER|45_INPUTTER|||1|20180702|50000|3107||1131|
59010103|PL.51001.21052.3203.ST.02001.SECU.00......CN0010606|51001|ACC|184810387444527.100001|0606|0606|CNY|204.080000|1||1|1|450|51001|21052|LD|00|LD1818020550|LD1818020550||1003905||20180702|20180702||46_INPUTTER|46_INPUTTER|||1|20180702|51001|3203|ST|21052|
500203|PL.51001.21073.2157.ST.04001.UNSECU.00......CN0010606|51001|ACC|184430433071266.170001|0606|0606|CNY|15111.110000|1||1|1|450|51001|21073|LD|00|LD1719314045|LD1719314045||1003516||20180701|20180702||44_INPUTTER|44_INPUTTER|||1|20180702|51001|2157|ST|21073|
50010103|PL.51001.21052.3050.ST.02001.UNSECU.00......CN0010606|51001|ACC|184433041371266.120001|0606|0606|CNY|1990.730000|1||1|1|450|51001|21052|LD|00|LD1816384130|LD1816384130||1003917||20180701|20180702||42_INPUTTER|42_INPUTTER|||1|20180702|51001|3050|ST|21052|
50010103|PL.51001.21052.3050.ST.02001.UNSECU.00......CN0010606|51001|ACC|184810040244523.060001|0606|0606|CNY|1990.730000|1||1|1|450|51001|21052|LD|00|LD1816384130|LD1816384130||1003917||20180702|20180702||45_INPUTTER|45_INPUTTER|||1|20180702|51001|3050|ST|21052|
500203|PL.51001.21073.2157.ST.04001.UNSECU.00......CN0010606|51001|ACC|184811397744526.050001|0606|0606|CNY|15111.110000|1||1|1|450|51001|21073|LD|00|LD1719314045|LD1719314045||1003516||20180702|20180702||49_INPUTTER|49_INPUTTER|||1|20180702|51001|2157|ST|21073|
59010203|PL.51001.21056.3204.MT.02401.SECU.00......CN0010606|51001|ACC|184430096371266.030001|0606|0606|CNY|165.160000|1||1|1|450|51001|21056|LD|00|LD1710223040|LD1710223040||1002725||20180701|20180702||43_INPUTTER|43_INPUTTER|||1|20180702|51001|3204|MT|21056|
59010203|PL.51001.21056.3204.MT.02401.SECU.00......CN0010606|51001|ACC|184811397744526.010001|0606|0606|CNY|165.160000|1||1|1|450|51001|21056|LD|00|LD1710223040|LD1710223040||1002725||20180702|20180702||49_INPUTTER|49_INPUTTER|||1|20180702|51001|3204|MT|21056|
501103|PL.50000.1101.1002..........CN0010606|||184812648944662.000001|0606|0606|USD|-0.010000|0|6.616600|1|9999|380|50000|1101|IC|||1060601000008264||1000476|||20180702||43_INPUTTER|43_INPUTTER|||1|20180702|50000|1002||1101|
50110101|PL.50000.1112.3099..........CN0010606|||184812980344678.030001|0606|0606|CNY|-0.760000|0||1|1|380|50000|1112|IC|||1060602000004605||1002758|||20180702||44_INPUTTER|44_INPUTTER|||1|20180702|50000|3099||1112|
501104|PL.50000.6122.1002..........CN0010606|||184810387444662.020001|0606|0606|CNY|-106.670000|0||1|9999|380|50000|6122|IC|||1060606000000737||1000338|||20180702||46_INPUTTER|46_INPUTTER|||1|20180702|50000|1002||6122|
50110101|PL.50000.1112.3063..........CN0010606|||184812311944679.000001|0606|0606|CNY|-0.020000|0||1|9999|380|50000|1112|IC|||1060602000000607||1001020|||20180702||42_INPUTTER|42_INPUTTER|||1|20180702|50000|3063||1112|
501102|PL.50000.6131.3063..........CN0010606|||184810724044670.040001|0606|0606|CNY|-3636.110000|0||1|1|380|50000|6131|IC|||1060607000003023||1002171|||20180702||47_INPUTTER|47_INPUTTER|||1|20180702|50000|3063||6131|
500203|PL.51001.21073.2153.MT.04001.UNSECU.00......CN0010606|51001|ACC|184431704771265.020001|0606|0606|USD|134.800000|1|6.616600|1|1|450|51001|21073|LD|00|LD1625381362|LD1625381362||1002482||20180701|20180702||37_INPUTTER|37_INPUTTER|||1|20180702|51001|2153|MT|21073|
50110101|PL.50000.1113.3204..........CN0010606|||184811397744668.010001|0606|0606|CNY|-555.210000|0||1|9999|380|50000|1113|IC|||1060602000001185||1001031|||20180702||49_INPUTTER|49_INPUTTER|||1|20180702|50000|3204||1113|
500203|PL.51001.21073.2153.MT.04001.UNSECU.00......CN0010606|51001|ACC|184811975244520.020001|0606|0606|USD|134.800000|1|6.616600|1|1|450|51001|21073|LD|00|LD1625381362|LD1625381362||1002482||20180702|20180702||41_INPUTTER|41_INPUTTER|||1|20180702|51001|2153|MT|21073|
500105|PL.51500.21060.3063.ST.03002..00......CN0010611|51500|ACC|184432372871266.260001|0611|0611|CNY|56.440000|1||1|1|450|51500|21060|LD|00|LD1807309776|LD1807309776||1003314||20180701|20180702||39_INPUTTER|39_INPUTTER|||1|20180702|51500|3063|ST|21060|
501102|PL.50000.6131.3203..........CN0010606|||184810387444670.020001|0606|0606|CNY|-44.370000|0||1|9999|380|50000|6131|IC|||1060607000001508||1001119|||20180702||46_INPUTTER|46_INPUTTER|||1|20180702|50000|3203||6131|
500105|PL.51500.21060.3063.ST.03002..00......CN0010611|51500|ACC|184811397744528.010001|0611|0611|CNY|56.450000|1||1|1|450|51500|21060|LD|00|LD1807309776|LD1807309776||1003314||20180702|20180702||49_INPUTTER|49_INPUTTER|||1|20180702|51500|3063|ST|21060|
50110101|PL.50000.1112.3049..........CN0010608|||184812311944676.000001|0608|0608|CNY|-71.100000|0||1|1|380|50000|1112|IC|||1060802000005716||1002955|||20180702||42_INPUTTER|42_INPUTTER|||1|20180702|50000|3049||1112|
501102|PL.50000.6131.3104..........CN0010607|||184810724044670.020001|0606|0607|CNY|-500.000000|0||1|9999|380|50000|6131|IC|||1060707000000107||1001158|||20180702||47_INPUTTER|47_INPUTTER|||1|20180702|50000|3104||6131|
50110101|PL.50000.1112.3107..........CN0010606|||184812311944679.020001|0606|0606|CNY|-48.760000|0||1|1|380|50000|1112|IC|||1060602000004109||1002269|||20180702||42_INPUTTER|42_INPUTTER|||1|20180702|50000|3107||1112|
50010103|PL.51001.21052.3101.ST.02001.UNSECU.00......CN0010606|51001|ACC|184433041371266.060001|0606|0606|CNY|2416.670000|1||1|1|450|51001|21052|LD|00|LD1816320400|LD1816320400||1003918||20180701|20180702||42_INPUTTER|42_INPUTTER|||1|20180702|51001|3101|ST|21052|
50010103|PL.51001.21052.3101.ST.02001.UNSECU.00......CN0010606|51001|ACC|184810040244523.000001|0606|0606|CNY|2416.660000|1||1|1|450|51001|21052|LD|00|LD1816320400|LD1816320400||1003918||20180702|20180702||45_INPUTTER|45_INPUTTER|||1|20180702|51001|3101|ST|21052|
501103|PL.50000.1101.1002..........CN0010607|||184811060744663.000001|0606|0607|CNY|-0.700000|0||1|9999|380|50000|1101|IC|||1060701000007629||1000252|||20180702||48_INPUTTER|48_INPUTTER|||1|20180702|50000|1002||1101|
50110101|PL.50000.1112.3099..........CN0010608|||184812311944676.030001|0608|0608|CNY|-0.100000|0||1|1|380|50000|1112|IC|||1060802000007107||1004207|||20180702||42_INPUTTER|42_INPUTTER|||1|20180702|50000|3099||1112|
501104|PL.50000.6121.1002..........CN0010607|||184810387444689.020001|0606|0607|CNY|-9.950000|0||1|9999|380|50000|6121|IC|||1060706000001495||1000417|||20180702||46_INPUTTER|46_INPUTTER|||1|20180702|50000|1002||6121|
500105|PL.51500.21060.3107.ST.03002..00......CN0010611|51500|ACC|184433041371266.010001|0611|0611|CNY|275.000000|1||1|1|450|51500|21060|LD|00|LD1816300061|LD1816300061||1003089||20180701|20180702||42_INPUTTER|42_INPUTTER|||1|20180702|51500|3107|ST|21060|
50010202|PL.51001.21053.3049.MT.02102.UNSECU.00......CN0010608|51001|ACC|184433041371267.010001|0608|0608|CNY|72.340000|1||1|1|450|51001|21053|LD|00|LD1813155080|LD1813155080||1002957||20180701|20180702||42_INPUTTER|42_INPUTTER|||1|20180702|51001|3049|MT|21053|
500105|PL.51500.21060.3107.ST.03002..00......CN0010611|51500|ACC|184810040244522.070001|0611|0611|CNY|275.000000|1||1|1|450|51500|21060|LD|00|LD1816300061|LD1816300061||1003089||20180702|20180702||45_INPUTTER|45_INPUTTER|||1|20180702|51500|3107|ST|21060|
50010202|PL.51001.21053.3049.MT.02102.UNSECU.00......CN0010608|51001|ACC|184810040244527.100001|0608|0608|CNY|72.340000|1||1|1|450|51001|21053|LD|00|LD1813155080|LD1813155080||1002957||20180702|20180702||45_INPUTTER|45_INPUTTER|||1|20180702|51001|3049|MT|21053|
501102|PL.50000.6131.3063..........CN0010606|||184810387444670.010001|0606|0606|CNY|-13.310000|0||1|9999|380|50000|6131|IC|||1060607000001152||1001187|||20180702||46_INPUTTER|46_INPUTTER|||1|20180702|50000|3063||6131|
50110101|PL.50000.1112.3063..........CN0010611|||184810040244668.020001|0611|0611|CNY|-0.020000|0||1|1|380|50000|1112|IC|||1061102000006827||1004007|||20180702||45_INPUTTER|45_INPUTTER|||1|20180702|50000|3063||1112|
501104|PL.50000.6121.1002..........CN0010606|||184810387444688.060001|0606|0606|CNY|-1600.000000|0||1|9999|380|50000|6121|IC|||1060606000002993||1001930|||20180702||46_INPUTTER|46_INPUTTER|||1|20180702|50000|1002||6121|
50010103|PL.51001.21052.3061.ST.02001.UNSECU.00......CN0010606|51001|ACC|184432704671266.300001|0606|0606|CNY|148.450000|1||1|1|450|51001|21052|LD|00|LD1813112025|LD1813112025||1002175||20180701|20180702||40_INPUTTER|40_INPUTTER|||1|20180702|51001|3061|ST|21052|
501102|PL.50000.6131.3109..........CN0010606|||184810724044669.020001|0606|0606|CNY|-1833.330000|0||1|1|380|50000|6131|IC|||1060607000003155||1002163|||20180702||47_INPUTTER|47_INPUTTER|||1|20180702|50000|3109||6131|
50010103|PL.51001.21052.3061.ST.02001.UNSECU.00......CN0010606|51001|ACC|184811060744531.020001|0606|0606|CNY|148.440000|1||1|1|450|51001|21052|LD|00|LD1813112025|LD1813112025||1002175||20180702|20180702||48_INPUTTER|48_INPUTTER|||1|20180702|51001|3061|ST|21052|
50010103|PL.51001.21052.3201.ST.02001.UNSECU.00......CN0010606|51001|ACC|184430769771267.050001|0606|0606|CNY|694.790000|1||1|9999|450|51001|21052|LD|00|LD1732182093|LD1732182093||1000972||20180701|20180702||45_INPUTTER|45_INPUTTER|||1|20180702|51001|3201|ST|21052|
50010103|PL.51001.21052.3061.ST.02001.UNSECU.00......CN0010606|51001|ACC|184432704671266.310001|0606|0606|CNY|150.230000|1||1|1|450|51001|21052|LD|00|LD1813120360|LD1813120360||1002175||20180701|20180702||40_INPUTTER|40_INPUTTER|||1|20180702|51001|3061|ST|21052|
50010103|PL.51001.21052.3061.ST.02001.UNSECU.00......CN0010606|51001|ACC|184811060744531.030001|0606|0606|CNY|150.240000|1||1|1|450|51001|21052|LD|00|LD1813120360|LD1813120360||1002175||20180702|20180702||48_INPUTTER|48_INPUTTER|||1|20180702|51001|3061|ST|21052|
501103|PL.50000.1102.1002..........CN0010606|||184811397744662.000001|0606|0606|CNY|-0.020000|0||1|9999|380|50000|1102|IC|||1060601000005915||1000545|||20180702||49_INPUTTER|49_INPUTTER|||1|20180702|50000|1002||1102|
50010103|PL.51001.21052.3201.ST.02001.UNSECU.00......CN0010606|51001|ACC|184811975244525.020001|0606|0606|CNY|694.790000|1||1|9999|450|51001|21052|LD|00|LD1732182093|LD1732182093||1000972||20180702|20180702||41_INPUTTER|41_INPUTTER|||1|20180702|51001|3201|ST|21052|
50110101|PL.50000.1112.3101..........CN0010607|||184812311944672.080001|0606|0607|CNY|-1.490000|0||1|9999|380|50000|1112|IC|||1060702000001325||1001065|||20180702||42_INPUTTER|42_INPUTTER|||1|20180702|50000|3101||1112|
50010103|PL.51001.21052.3203.ST.02001.UNSECU.00......CN0010606|51001|ACC|184431367771266.040001|0606|0606|CNY|812.410000|1||1|9999|450|51001|21052|LD|00|LD1720088788|LD1720088788||1001210||20180701|20180702||35_INPUTTER|35_INPUTTER|||1|20180702|51001|3203|ST|21052|
50010103|PL.51001.21052.3203.ST.02001.UNSECU.00......CN0010606|51001|ACC|184811643444521.040001|0606|0606|CNY|812.400000|1||1|9999|450|51001|21052|LD|00|LD1720088788|LD1720088788||1001210||20180702|20180702||36_INPUTTER|36_INPUTTER|||1|20180702|51001|3203|ST|21052|
500210|PL.51000.5050.7001..........CN0010608|||184811643444680.000001|0608|0608|CNY|41955.750000|1||1|1|390|51000|5050|IC|||1060800100000026||9999999|||20180702||36_INPUTTER|36_INPUTTER|||1|20180702|51000|7001||5050|
50110101|PL.50000.1112.3063..........CN0010609|||184810040244664.000001|0606|0609|CNY|-3.680000|0||1|1|380|50000|1112|IC|||1060902000003874||1002432|||20180702||45_INPUTTER|45_INPUTTER|||1|20180702|50000|3063||1112|
50010202|PL.51001.21053.3063.MT.02199.UNSECU.00......CN0010606|51001|ACC|184432704671266.060001|0606|0606|CNY|4156.250000|1||1|1|450|51001|21053|LD|00|LD1811770029|LD1811770029||1004307||20180701|20180702||40_INPUTTER|40_INPUTTER|||1|20180702|51001|3063|MT|21053|
50010202|PL.51001.21053.3063.MT.02199.UNSECU.00......CN0010606|51001|ACC|184811060744530.010001|0606|0606|CNY|4156.250000|1||1|1|450|51001|21053|LD|00|LD1811770029|LD1811770029||1004307||20180702|20180702||48_INPUTTER|48_INPUTTER|||1|20180702|51001|3063|MT|21053|
50110101|PL.50000.1113.3107..........CN0010606|||184811060744676.000001|0606|0606|CNY|-39.270000|0||1|9999|380|50000|1113|IC|||1060602000004591||1001948|||20180702||48_INPUTTER|48_INPUTTER|||1|20180702|50000|3107||1113|
50110101|PL.50000.1113.3107..........CN0010606|||184811397744669.020001|0606|0606|CNY|-92.430000|0||1|9999|380|50000|1113|IC|||1060602000002696||1001066|||20180702||49_INPUTTER|49_INPUTTER|||1|20180702|50000|3107||1113|
50110101|PL.50000.1113.3107..........CN0010607|||184812311944674.050001|0606|0607|CNY|-0.080000|0||1|1|380|50000|1113|IC|||1060702000005479||1003324|||20180702||42_INPUTTER|42_INPUTTER|||1|20180702|50000|3107||1113|
50110101|PL.50000.1112.3203..........CN0010607|||184812311944674.070001|0606|0607|CNY|-144.220000|0||1|1|380|50000|1112|IC|||1060702000006653||1003676|||20180702||42_INPUTTER|42_INPUTTER|||1|20180702|50000|3203||1112|
59010202|PL.51001.21053.3107.MT.02103.SECU.00......CN0010606|51001|ACC|184430433071265.030001|0606|0606|CNY|35737.850000|1||1|1|450|51001|21053|LD|00|LD1634430872|LD1634430872||1002713||20180701|20180702||44_INPUTTER|44_INPUTTER|||1|20180702|51001|3107|MT|21053|
501104|PL.50000.6122.1002..........CN0010606|||184810387444694.050001|0606|0606|CNY|-21.340000|0||1|9999|380|50000|6122|IC|||1060606000000346||1000315|||20180702||46_INPUTTER|46_INPUTTER|||1|20180702|50000|1002||6122|
59010202|PL.51001.21053.3107.MT.02103.SECU.00......CN0010606|51001|ACC|184811060744520.000001|0606|0606|CNY|35737.860000|1||1|1|450|51001|21053|LD|00|LD1634430872|LD1634430872||1002713||20180702|20180702||48_INPUTTER|48_INPUTTER|||1|20180702|51001|3107|MT|21053|
59010103|PL.51001.21052.3203.ST.02001.SECU.00......CN0010606|51001|ACC|184432372871266.140001|0606|0606|CNY|278.520000|1||1|9999|450|51001|21052|LD|00|LD1806709108|LD1806709108||1001191||20180701|20180702||39_INPUTTER|39_INPUTTER|||1|20180702|51001|3203|ST|21052|
59010103|PL.51001.21052.3203.ST.02001.SECU.00......CN0010606|51001|ACC|184812311944528.010001|0606|0606|CNY|278.520000|1||1|9999|450|51001|21052|LD|00|LD1806709108|LD1806709108||1001191||20180702|20180702||42_INPUTTER|42_INPUTTER|||1|20180702|51001|3203|ST|21052|
50010103|PL.51001.21052.3099.ST.02001.UNSECU.00......CN0010606|51001|ACC|184430096371265.190001|0606|0606|CNY|1103.810000|1||1|1|450|51001|21052|LD|00|LD1818065807|LD1818065807||1004721||20180701|20180702||43_INPUTTER|43_INPUTTER|||1|20180702|51001|3099|ST|21052|
59010103|PL.51001.21052.3203.ST.02001.SECU.00......CN0010606|51001|ACC|184432704671266.150001|0606|0606|CNY|344.980000|1||1|1|450|51001|21052|LD|00|LD1812237703|LD1812237703||1003905||20180701|20180702||40_INPUTTER|40_INPUTTER|||1|20180702|51001|3203|ST|21052|
50010103|PL.51001.21052.3099.ST.02001.UNSECU.00......CN0010606|51001|ACC|184810387444527.110001|0606|0606|CNY|1103.820000|1||1|1|450|51001|21052|LD|00|LD1818065807|LD1818065807||1004721||20180702|20180702||46_INPUTTER|46_INPUTTER|||1|20180702|51001|3099|ST|21052|
50110101|PL.50000.1112.3203..........CN0010606|||184811060744678.030001|0606|0606|CNY|-0.030000|0||1|9999|380|50000|1112|IC|||1060602000000863||1001408|||20180702||48_INPUTTER|48_INPUTTER|||1|20180702|50000|3203||1112|
59010103|PL.51001.21052.3203.ST.02001.SECU.00......CN0010606|51001|ACC|184812648944531.010001|0606|0606|CNY|344.990000|1||1|1|450|51001|21052|LD|00|LD1812237703|LD1812237703||1003905||20180702|20180702||43_INPUTTER|43_INPUTTER|||1|20180702|51001|3203|ST|21052|
59010203|PL.51001.21056.3204.MT.02401.SECU.00......CN0010606|51001|ACC|184430096371265.210001|0606|0606|CNY|82.580000|1||1|1|450|51001|21056|LD|00|LD1704686472|LD1704686472||1002725||20180701|20180702||43_INPUTTER|43_INPUTTER|||1|20180702|51001|3204|MT|21056|
501102|PL.50000.6131.3203..........CN0010606|||184810387444670.080001|0606|0606|CNY|-59.970000|0||1|9999|380|50000|6131|IC|||1060607000002736||1001182|||20180702||46_INPUTTER|46_INPUTTER|||1|20180702|50000|3203||6131|
501104|PL.50000.6122.1002..........CN0010606|||184810387444695.030001|0606|0606|CNY|-4.000000|0||1|9999|380|50000|6122|IC|||1060606000000451||1000516|||20180702||46_INPUTTER|46_INPUTTER|||1|20180702|50000|1002||6122|
50110101|PL.50000.1112.3107..........CN0010606|||184811060744674.030001|0606|0606|CNY|-1.760000|0||1|9999|380|50000|1112|IC|||1060602000002661||1001238|||20180702||48_INPUTTER|48_INPUTTER|||1|20180702|50000|3107||1112|
50110101|PL.50000.1113.3109..........CN0010606|||184811060744675.030001|0606|0606|CNY|-2.490000|0||1|9999|380|50000|1113|IC|||1060602000003811||1002140|||20180702||48_INPUTTER|48_INPUTTER|||1|20180702|50000|3109||1113|
59010203|PL.51001.21056.3204.MT.02401.SECU.00......CN0010606|51001|ACC|184811397744525.010001|0606|0606|CNY|82.580000|1||1|1|450|51001|21056|LD|00|LD1704686472|LD1704686472||1002725||20180702|20180702||49_INPUTTER|49_INPUTTER|||1|20180702|51001|3204|MT|21056|
59010103|PL.51001.21052.3203.ST.02001.SECU.00......CN0010606|51001|ACC|184431031071267.050001|0606|0606|CNY|195.210000|1||1|1|450|51001|21052|LD|00|LD1807507364|LD1807507364||1003902||20180701|20180702||34_INPUTTER|34_INPUTTER|||1|20180702|51001|3203|ST|21052|
500105|PL.51500.21060.3063.ST.03002..00......CN0010611|51500|ACC|184432372871266.270001|0611|0611|CNY|40.980000|1||1|1|450|51500|21060|LD|00|LD1807310852|LD1807310852||1003314||20180701|20180702||39_INPUTTER|39_INPUTTER|||1|20180702|51500|3063|ST|21060|
59010202|PL.51001.21053.3110.MT.02104.SECU.00......CN0010606|51001|ACC|184432704671264.040001|0606|0606|CNY|2098.120000|1||1|1|450|51001|21053|LD|00|LD1629530742|LD1629530742||1002271||20180701|20180702||40_INPUTTER|40_INPUTTER|||1|20180702|51001|3110|MT|21053|
59010202|PL.51001.21053.3110.MT.02104.SECU.00......CN0010606|51001|ACC|184810040244518.000001|0606|0606|CNY|2098.120000|1||1|1|450|51001|21053|LD|00|LD1629530742|LD1629530742||1002271||20180702|20180702||45_INPUTTER|45_INPUTTER|||1|20180702|51001|3110|MT|21053|
50110101|PL.50000.1112.3049..........CN0010611|||184810040244667.110001|0611|0611|CNY|-0.020000|0||1|1|380|50000|1112|IC|||1061102000006398||1003677|||20180702||45_INPUTTER|45_INPUTTER|||1|20180702|50000|3049||1112|
59010103|PL.51001.21052.3203.ST.02001.SECU.00......CN0010606|51001|ACC|184811060744529.000001|0606|0606|CNY|195.220000|1||1|1|450|51001|21052|LD|00|LD1807507364|LD1807507364||1003902||20180702|20180702||48_INPUTTER|48_INPUTTER|||1|20180702|51001|3203|ST|21052|
500105|PL.51500.21060.3063.ST.03002..00......CN0010611|51500|ACC|184811397744528.020001|0611|0611|CNY|40.990000|1||1|1|450|51500|21060|LD|00|LD1807310852|LD1807310852||1003314||20180702|20180702||49_INPUTTER|49_INPUTTER|||1|20180702|51500|3063|ST|21060|
50110101|PL.50000.1112.3203..........CN0010606|||184812311944670.010001|0606|0606|CNY|-3.910000|0||1|1|380|50000|1112|IC|||1060602000006853||1004137|||20180702||42_INPUTTER|42_INPUTTER|||1|20180702|50000|3203||1112|
50110101|PL.50000.1112.3063..........CN0010611|||184810040244668.090001|0611|0611|CNY|-0.010000|0||1|1|380|50000|1112|IC|||1061102000007761||1004627|||20180702||45_INPUTTER|45_INPUTTER|||1|20180702|50000|3063||1112|
50110101|PL.50000.1112.3049..........CN0010607|||184812311944673.070001|0606|0607|CNY|-38.570000|0||1|9999|380|50000|1112|IC|||1060702000001608||1001205|||20180702||42_INPUTTER|42_INPUTTER|||1|20180702|50000|3049||1112|
50120701|PL.50001.21032.7001....00......CN0010611|50001|ACC|184430096371278.020001|0611|0611|CNY|-5421.130000|0||1|1|450|50001|21032|MMI|00|MM1813700001;2|MM1813700001||9999999|||20180702||43_INPUTTER|43_INPUTTER|||1|20180702|50001|7001||21032|
59010202|PL.51001.21054.3204.MT.02201.SECU.00......CN0010606|51001|ACC|184431704771267.100001|0606|0606|CNY|6602.180000|1||1|9999|450|51001|21054|LD|00|LD1428200045|LD1428200045||1001031||20180701|20180702||37_INPUTTER|37_INPUTTER|||1|20180702|51001|3204|MT|21054|
59010202|PL.51001.21054.3204.MT.02201.SECU.00......CN0010606|51001|ACC|184811060744531.040001|0606|0606|CNY|6602.190000|1||1|9999|450|51001|21054|LD|00|LD1428200045|LD1428200045||1001031||20180702|20180702||48_INPUTTER|48_INPUTTER|||1|20180702|51001|3204|MT|21054|
50120701|PL.50001.21032.7001....00......CN0010611|50001|ACC|184811060744555.010001|0611|0611|CNY|-5421.140000|0||1|1|450|50001|21032|MMI|00|MM1813700001;2|MM1813700001||9999999|||20180702||48_INPUTTER|48_INPUTTER|||1|20180702|50001|7001||21032|
50110101|PL.50000.1112.3049..........CN0010606|||184811060744670.030001|0606|0606|CNY|-4.290000|0||1|1|380|50000|1112|IC|||1060602000004327||1002631|||20180702||48_INPUTTER|48_INPUTTER|||1|20180702|50000|3049||1112|
500105|PL.51500.21060.3063.ST.03002..00......CN0010611|51500|ACC|184432372871267.020001|0611|0611|CNY|15.530000|1||1|1|450|51500|21060|LD|00|LD1807358268|LD1807358268||1003314||20180701|20180702||39_INPUTTER|39_INPUTTER|||1|20180702|51500|3063|ST|21060|
50110101|PL.50000.1112.3063..........CN0010611|||184810040244668.100001|0611|0611|CNY|-7.690000|0||1|1|380|50000|1112|IC|||1061102000007893||1003406|||20180702||45_INPUTTER|45_INPUTTER|||1|20180702|50000|3063||1112|
501102|PL.50000.6151.3107..........CN0010611|||184810724044672.010001|0611|0611|USD|-266.670000|0|6.616600|1|1|380|50000|6151|IC|||1061108000000404||1004083|||20180702||47_INPUTTER|47_INPUTTER|||1|20180702|50000|3107||6151|
500105|PL.51500.21060.3063.ST.03002..00......CN0010611|51500|ACC|184812311944528.080001|0611|0611|CNY|15.540000|1||1|1|450|51500|21060|LD|00|LD1807358268|LD1807358268||1003314||20180702|20180702||42_INPUTTER|42_INPUTTER|||1|20180702|51500|3063|ST|21060|
50110101|PL.50000.1112.3107..........CN0010606|||184811397744669.030001|0606|0606|CNY|-2.240000|0||1|9999|380|50000|1112|IC|||1060602000002707||1001066|||20180702||49_INPUTTER|49_INPUTTER|||1|20180702|50000|3107||1112|
50110101|PL.50000.1112.3107..........CN0010606|||184812980344678.020001|0606|0606|CNY|-10.750000|0||1|1|380|50000|1112|IC|||1060602000004567||1002761|||20180702||44_INPUTTER|44_INPUTTER|||1|20180702|50000|3107||1112|
50010103|PL.51001.21052.3000.ST.02001.UNSECU.00......CN0010606|51001|ACC|184430096371265.160001|0606|0606|CNY|9727.080000|1||1|9999|450|51001|21052|LD|00|LD1817796408|LD1817796408||1000901||20180701|20180702||43_INPUTTER|43_INPUTTER|||1|20180702|51001|3000|ST|21052|
50010103|PL.51001.21052.3000.ST.02001.UNSECU.00......CN0010606|51001|ACC|184810387444527.080001|0606|0606|CNY|9727.090000|1||1|9999|450|51001|21052|LD|00|LD1817796408|LD1817796408||1000901||20180702|20180702||46_INPUTTER|46_INPUTTER|||1|20180702|51001|3000|ST|21052|
501102|PL.50000.6131.3203..........CN0010606|||184810724044666.010001|0606|0606|CNY|-22.400000|0||1|9999|380|50000|6131|IC|||1060607000001608||1000317|||20180702||47_INPUTTER|47_INPUTTER|||1|20180702|50000|3203||6131|
50110101|PL.50000.1112.3107..........CN0010607|||184812311944674.000001|0606|0607|CNY|-46.000000|0||1|1|380|50000|1112|IC|||1060702000004766||1002695|||20180702||42_INPUTTER|42_INPUTTER|||1|20180702|50000|3107||1112|
50110101|PL.50000.1112.3203..........CN0010606|||184811060744677.020001|0606|0606|CNY|-1.620000|0||1|1|380|50000|1112|IC|||1060602000006764||1004058|||20180702||48_INPUTTER|48_INPUTTER|||1|20180702|50000|3203||1112|
50110101|PL.50000.1131.3204..........CN0010606|||184810040244690.000001|0606|0606|USD|-0.140000|0|6.616600|1|9999|380|50000|1131|IC|||1060603000000606||1000004|||20180702||45_INPUTTER|45_INPUTTER|||1|20180702|50000|3204||1131|
501102|PL.50000.6131.3203..........CN0010606|||184810387444669.080001|0606|0606|CNY|-113.250000|0||1|9999|380|50000|6131|IC|||1060607000003295||1001182|||20180702||46_INPUTTER|46_INPUTTER|||1|20180702|50000|3203||6131|
50110101|PL.50000.1112.3107..........CN0010606|||184811060744675.070001|0606|0606|CNY|-51.110000|0||1|9999|380|50000|1112|IC|||1060602000004133||1001379|||20180702||48_INPUTTER|48_INPUTTER|||1|20180702|50000|3107||1112|
59010202|PL.51001.21053.3064.MT.02104.SECU.00......CN0010606|51001|ACC|184430769771267.150001|0606|0606|CNY|12.740000|1||1|9999|450|51001|21053|LD|00|LD1428200034|LD1428200034||1000084||20180701|20180702||45_INPUTTER|45_INPUTTER|||1|20180702|51001|3064|MT|21053|
500105|PL.51500.21060.3063.ST.03002..00......CN0010611|51500|ACC|184431031071267.030001|0611|0611|CNY|68.080000|1||1|1|450|51500|21060|LD|00|LD1807389952|LD1807389952||1003314||20180701|20180702||34_INPUTTER|34_INPUTTER|||1|20180702|51500|3063|ST|21060|
501104|PL.50000.6122.1002..........CN0010606|||184810387444694.000001|0606|0606|CNY|-42.670000|0||1|9999|380|50000|6122|IC|||1060606000000257||1000315|||20180702||46_INPUTTER|46_INPUTTER|||1|20180702|50000|1002||6122|
500105|PL.51500.21060.3063.ST.03002..00......CN0010611|51500|ACC|184811060744528.040001|0611|0611|CNY|68.070000|1||1|1|450|51500|21060|LD|00|LD1807389952|LD1807389952||1003314||20180702|20180702||48_INPUTTER|48_INPUTTER|||1|20180702|51500|3063|ST|21060|
50110101|PL.50000.1112.3203..........CN0010606|||184811397744679.020001|0606|0606|CNY|-0.190000|0||1|9999|380|50000|1112|IC|||1060602000000707||1001369|||20180702||49_INPUTTER|49_INPUTTER|||1|20180702|50000|3203||1112|
59010202|PL.51001.21053.3064.MT.02104.SECU.00......CN0010606|51001|ACC|184812311944531.050001|0606|0606|CNY|12.750000|1||1|9999|450|51001|21053|LD|00|LD1428200034|LD1428200034||1000084||20180702|20180702||42_INPUTTER|42_INPUTTER|||1|20180702|51001|3064|MT|21053|
50110101|PL.50000.1112.3063..........CN0010607|||184812311944674.020001|0606|0607|CNY|-4.370000|0||1|1|380|50000|1112|IC|||1060702000005363||1003458|||20180702||42_INPUTTER|42_INPUTTER|||1|20180702|50000|3063||1112|
59010202|PL.51001.21053.3107.MT.02104.SECU.00......CN0010606|51001|ACC|184430769771267.030001|0606|0606|CNY|9.520000|1||1|1|450|51001|21053|LD|00|LD1731985383|LD1731985383||1002713||20180701|20180702||45_INPUTTER|45_INPUTTER|||1|20180702|51001|3107|MT|21053|
50110501|PL.50000.6111.3107..........CN0010608|||184810387444673.010001|0608|0608|CNY|-292.500000|0||1|1|380|50000|6111|IC|||1060805000002635||1004037|||20180702||46_INPUTTER|46_INPUTTER|||1|20180702|50000|3107||6111|
59010202|PL.51001.21053.3107.MT.02104.SECU.00......CN0010606|51001|ACC|184811975244525.000001|0606|0606|CNY|9.530000|1||1|1|450|51001|21053|LD|00|LD1731985383|LD1731985383||1002713||20180702|20180702||41_INPUTTER|41_INPUTTER|||1|20180702|51001|3107|MT|21053|
501103|PL.50000.1101.1002..........CN0010606|||184812311944663.000001|0606|0606|CNY|-5.730000|0||1|9999|380|50000|1101|IC|||1060601000009864||1000872|||20180702||42_INPUTTER|42_INPUTTER|||1|20180702|50000|1002||1101|
501104|PL.50000.6122.1002..........CN0010606|||184810387444693.000001|0606|0606|CNY|-21.340000|0||1|9999|380|50000|6122|IC|||1060606000000125||1000259|||20180702||46_INPUTTER|46_INPUTTER|||1|20180702|50000|1002||6122|
59010203|PL.51001.21056.3204.MT.02401.SECU.00......CN0010606|51001|ACC|184431367771266.010001|0606|0606|CNY|61.930000|1||1|1|450|51001|21056|LD|00|LD1719525310|LD1719525310||1002725||20180701|20180702||35_INPUTTER|35_INPUTTER|||1|20180702|51001|3204|MT|21056|
500105|PL.51500.21060.3063.ST.03002..00......CN0010611|51500|ACC|184432704671267.080001|0611|0611|CNY|2666.670000|1||1|1|450|51500|21060|LD|00|LD1813793212|LD1813793212||1004582||20180701|20180702||40_INPUTTER|40_INPUTTER|||1|20180702|51500|3063|ST|21060|
500105|PL.51500.21060.3063.ST.03002..00......CN0010611|51500|ACC|184810040244534.020001|0611|0611|CNY|2666.660000|1||1|1|450|51500|21060|LD|00|LD1813793212|LD1813793212||1004582||20180702|20180702||45_INPUTTER|45_INPUTTER|||1|20180702|51500|3063|ST|21060|
59010203|PL.51001.21056.3204.MT.02401.SECU.00......CN0010606|51001|ACC|184811643444521.010001|0606|0606|CNY|61.940000|1||1|1|450|51001|21056|LD|00|LD1719525310|LD1719525310||1002725||20180702|20180702||36_INPUTTER|36_INPUTTER|||1|20180702|51001|3204|MT|21056|
501104|PL.50000.6122.1002..........CN0010606|||184430096371277.020001|0606|0606|CNY|-5.340000|0||1|9999|380|50000|6122|IC|||1060606000002225||1000348|||20180702||43_INPUTTER|43_INPUTTER|||1|20180702|50000|1002||6122|
50010103|PL.51001.21052.3049.ST.02001.UNSECU.00......CN0010606|51001|ACC|184432704671266.110001|0606|0606|CNY|892.650000|1||1|1|450|51001|21052|LD|00|LD1811830292|LD1811830292||1003771||20180701|20180702||40_INPUTTER|40_INPUTTER|||1|20180702|51001|3049|ST|21052|
501104|PL.50000.6122.1002..........CN0010606|||184810387444667.070001|0606|0606|CNY|-4.560000|0||1|9999|380|50000|6122|IC|||1060606000002225||1000348|||20180702||46_INPUTTER|46_INPUTTER|||1|20180702|50000|1002||6122|
50010103|PL.51001.21052.3049.ST.02001.UNSECU.00......CN0010606|51001|ACC|184811060744530.060001|0606|0606|CNY|892.640000|1||1|1|450|51001|21052|LD|00|LD1811830292|LD1811830292||1003771||20180702|20180702||48_INPUTTER|48_INPUTTER|||1|20180702|51001|3049|ST|21052|
501104|PL.50000.6122.1002..........CN0010606|||184811060744696.000001|0606|0606|CNY|-16.090000|0||1|9999|380|50000|6122|IC|||1060606000000656||1000438|||20180702||48_INPUTTER|48_INPUTTER|||1|20180702|50000|1002||6122|
59010103|PL.51001.21052.3203.ST.02001.SECU.00......CN0010606|51001|ACC|184431031071266.100001|0606|0606|CNY|278.520000|1||1|9999|450|51001|21052|LD|00|LD1803043477|LD1803043477||1001191||20180701|20180702||34_INPUTTER|34_INPUTTER|||1|20180702|51001|3203|ST|21052|
59010103|PL.51001.21052.3203.ST.02001.SECU.00......CN0010606|51001|ACC|184432704671265.340001|0606|0606|CNY|270.690000|1||1|1|450|51001|21052|LD|00|LD1811674895|LD1811674895||1003905||20180701|20180702||40_INPUTTER|40_INPUTTER|||1|20180702|51001|3203|ST|21052|
500105|PL.51500.21060.3063.ST.03002..00......CN0010606|51500|ACC|184433041371267.030001|0606|0606|CNY|1305.560000|1||1|1|450|51500|21060|LD|00|LD1813176305|LD1813176305||1004437||20180701|20180702||42_INPUTTER|42_INPUTTER|||1|20180702|51500|3063|ST|21060|
500105|PL.51500.21060.3063.ST.03002..00......CN0010606|51500|ACC|184810040244528.010001|0606|0606|CNY|1305.550000|1||1|1|450|51500|21060|LD|00|LD1813176305|LD1813176305||1004437||20180702|20180702||45_INPUTTER|45_INPUTTER|||1|20180702|51500|3063|ST|21060|
59010103|PL.51001.21052.3203.ST.02001.SECU.00......CN0010606|51001|ACC|184810724044529.020001|0606|0606|CNY|278.520000|1||1|9999|450|51001|21052|LD|00|LD1803043477|LD1803043477||1001191||20180702|20180702||47_INPUTTER|47_INPUTTER|||1|20180702|51001|3203|ST|21052|
59010103|PL.51001.21052.3203.ST.02001.SECU.00......CN0010606|51001|ACC|184811397744529.040001|0606|0606|CNY|270.690000|1||1|1|450|51001|21052|LD|00|LD1811674895|LD1811674895||1003905||20180702|20180702||49_INPUTTER|49_INPUTTER|||1|20180702|51001|3203|ST|21052|
50010202|PL.51001.21056.3064.MT.02402.UNSECU.00......CN0010606|51001|ACC|184430096371266.090001|0606|0606|CNY|603.010000|1||1|1|450|51001|21056|LD|00|LD1714650020|LD1714650020||1003057||20180701|20180702||43_INPUTTER|43_INPUTTER|||1|20180702|51001|3064|MT|21056|
50010103|PL.51001.21052.3061.ST.02001.UNSECU.00......CN0010606|51001|ACC|184432704671266.070001|0606|0606|CNY|182.070000|1||1|1|450|51001|21052|LD|00|LD1811778200|LD1811778200||1002175||20180701|20180702||40_INPUTTER|40_INPUTTER|||1|20180702|51001|3061|ST|21052|
500105|PL.51500.21060.3063.ST.03002..00......CN0010606|51500|ACC|184432704671266.200001|0606|0606|CNY|1442.220000|1||1|9999|450|51500|21060|LD|00|LD1812916697|LD1812916697||1001265||20180701|20180702||40_INPUTTER|40_INPUTTER|||1|20180702|51500|3063|ST|21060|
50010202|PL.51001.21056.3064.MT.02402.UNSECU.00......CN0010606|51001|ACC|184810387444528.030001|0606|0606|CNY|603.000000|1||1|1|450|51001|21056|LD|00|LD1714650020|LD1714650020||1003057||20180702|20180702||46_INPUTTER|46_INPUTTER|||1|20180702|51001|3064|MT|21056|
50010103|PL.51001.21052.3061.ST.02001.UNSECU.00......CN0010606|51001|ACC|184811060744530.020001|0606|0606|CNY|182.060000|1||1|1|450|51001|21052|LD|00|LD1811778200|LD1811778200||1002175||20180702|20180702||48_INPUTTER|48_INPUTTER|||1|20180702|51001|3061|ST|21052|
500105|PL.51500.21060.3063.ST.03002..00......CN0010606|51500|ACC|184811397744531.030001|0606|0606|CNY|1442.220000|1||1|9999|450|51500|21060|LD|00|LD1812916697|LD1812916697||1001265||20180702|20180702||49_INPUTTER|49_INPUTTER|||1|20180702|51500|3063|ST|21060|
50010103|PL.51001.21052.3201.ST.02001.UNSECU.00......CN0010606|51001|ACC|184430096371267.030001|0606|0606|CNY|725.000000|1||1|9999|450|51001|21052|LD|00|LD1733444025|LD1733444025||1000972||20180701|20180702||43_INPUTTER|43_INPUTTER|||1|20180702|51001|3201|ST|21052|
50010103|PL.51001.21052.3201.ST.02001.UNSECU.00......CN0010606|51001|ACC|184810724044528.050001|0606|0606|CNY|725.000000|1||1|9999|450|51001|21052|LD|00|LD1733444025|LD1733444025||1000972||20180702|20180702||47_INPUTTER|47_INPUTTER|||1|20180702|51001|3201|ST|21052|
50010202|PL.51001.21053.3049.MT.02102.UNSECU.00......CN0010608|51001|ACC|184431367771266.020001|0608|0608|CNY|65.950000|1||1|1|450|51001|21053|LD|00|LD1719980513|LD1719980513||1002957||20180701|20180702||35_INPUTTER|35_INPUTTER|||1|20180702|51001|3049|MT|21053|
501104|PL.50000.6122.1002..........CN0010606|||184810387444663.000001|0606|0606|CNY|-59.720000|0||1|9999|380|50000|6122|IC|||1060606000000826||1000338|||20180702||46_INPUTTER|46_INPUTTER|||1|20180702|50000|1002||6122|
501103|PL.50000.1101.1002..........CN0010607|||184810724044663.020001|0606|0607|CNY|-0.430000|0||1|9999|380|50000|1101|IC|||1060701000007602||1000311|||20180702||47_INPUTTER|47_INPUTTER|||1|20180702|50000|1002||1101|
501103|PL.50000.1102.1002..........CN0010606|||184811060744661.020001|0606|0606|CNY|-0.350000|0||1|9999|380|50000|1102|IC|||1060601000005745||1000426|||20180702||48_INPUTTER|48_INPUTTER|||1|20180702|50000|1002||1102|
50010202|PL.51001.21053.3049.MT.02102.UNSECU.00......CN0010608|51001|ACC|184811643444521.020001|0608|0608|CNY|65.940000|1||1|1|450|51001|21053|LD|00|LD1719980513|LD1719980513||1002957||20180702|20180702||36_INPUTTER|36_INPUTTER|||1|20180702|51001|3049|MT|21053|
500105|PL.51500.21060.3203.ST.03002..00......CN0010606|51500|ACC|184432704671267.010001|0606|0606|CNY|1834.040000|1||1|1|450|51500|21060|LD|00|LD1813472791|LD1813472791||1004403||20180701|20180702||40_INPUTTER|40_INPUTTER|||1|20180702|51500|3203|ST|21060|
500105|PL.51500.21060.3203.ST.03002..00......CN0010606|51500|ACC|184810040244533.010001|0606|0606|CNY|1834.050000|1||1|1|450|51500|21060|LD|00|LD1813472791|LD1813472791||1004403||20180702|20180702||45_INPUTTER|45_INPUTTER|||1|20180702|51500|3203|ST|21060|
50110101|PL.50000.1112.3063..........CN0010609|||184812311944677.000001|0606|0609|CNY|-0.430000|0||1|9999|380|50000|1112|IC|||1060902000001839||1001265|||20180702||42_INPUTTER|42_INPUTTER|||1|20180702|50000|3063||1112|
59010202|PL.51001.21053.3063.MT.02104.SECU.00......CN0010606|51001|ACC|184432704671265.280001|0606|0606|CNY|10450.000000|1||1|1|450|51001|21053|LD|00|LD1811097389|LD1811097389||1004378||20180701|20180702||40_INPUTTER|40_INPUTTER|||1|20180702|51001|3063|MT|21053|
59010202|PL.51001.21053.3063.MT.02104.SECU.00......CN0010606|51001|ACC|184811397744528.110001|0606|0606|CNY|10450.000000|1||1|1|450|51001|21053|LD|00|LD1811097389|LD1811097389||1004378||20180702|20180702||49_INPUTTER|49_INPUTTER|||1|20180702|51001|3063|MT|21053|
50110502|PL.50000.6101.1002..........CN0010606|||184811397744678.010001|0606|0606|CNY|-82.430000|0||1|9999|380|50000|6101|IC|||1060604000000092||1000301|||20180702||49_INPUTTER|49_INPUTTER|||1|20180702|50000|1002||6101|
500105|PL.51500.21060.3063.ST.03002..00......CN0010611|51500|ACC|184433041371266.270001|0611|0611|CNY|15.280000|1||1|1|450|51500|21060|LD|00|LD1817131070|LD1817131070||1003314||20180701|20180702||42_INPUTTER|42_INPUTTER|||1|20180702|51500|3063|ST|21060|
501104|PL.50000.6122.1002..........CN0010606|||184810387444691.030001|0606|0606|CNY|-87.960000|0||1|9999|380|50000|6122|IC|||1060606000000796||1000232|||20180702||46_INPUTTER|46_INPUTTER|||1|20180702|50000|1002||6122|
500105|PL.51500.21060.3063.ST.03002..00......CN0010611|51500|ACC|184811643444538.070001|0611|0611|CNY|15.280000|1||1|1|450|51500|21060|LD|00|LD1817131070|LD1817131070||1003314||20180702|20180702||36_INPUTTER|36_INPUTTER|||1|20180702|51500|3063|ST|21060|
500105|PL.51500.21060.3063.ST.03002..00......CN0010606|51500|ACC|184432372871265.200001|0606|0606|CNY|1361.110000|1||1|1|450|51500|21060|LD|00|LD1805566305|LD1805566305||1004372||20180701|20180702||39_INPUTTER|39_INPUTTER|||1|20180702|51500|3063|ST|21060|
50010103|PL.51001.21052.3107.ST.02001.UNSECU.00......CN0010606|51001|ACC|184433041371265.140001|0606|0606|CNY|1528.540000|1||1|9999|450|51001|21052|LD|00|LD1815810550|LD1815810550||1001056||20180701|20180702||42_INPUTTER|42_INPUTTER|||1|20180702|51001|3107|ST|21052|
50010103|PL.51001.21052.3107.ST.02001.UNSECU.00......CN0010606|51001|ACC|184810040244522.010001|0606|0606|CNY|1528.540000|1||1|9999|450|51001|21052|LD|00|LD1815810550|LD1815810550||1001056||20180702|20180702||45_INPUTTER|45_INPUTTER|||1|20180702|51001|3107|ST|21052|
501104|PL.50000.6122.1002..........CN0010606|||184810387444693.030001|0606|0606|CNY|-21.340000|0||1|9999|380|50000|6122|IC|||1060606000000176||1000413|||20180702||46_INPUTTER|46_INPUTTER|||1|20180702|50000|1002||6122|
50110501|PL.50000.6111.3203..........CN0010606|||184811643444679.000001|0606|0606|CNY|-97.500000|0||1|1|380|50000|6111|IC|||1060605000002277||1003658|||20180702||36_INPUTTER|36_INPUTTER|||1|20180702|50000|3203||6111|
500105|PL.51500.21060.3063.ST.03002..00......CN0010606|51500|ACC|184812311944526.020001|0606|0606|CNY|1361.110000|1||1|1|450|51500|21060|LD|00|LD1805566305|LD1805566305||1004372||20180702|20180702||42_INPUTTER|42_INPUTTER|||1|20180702|51500|3063|ST|21060|
59010203|PL.51001.21056.3107.MT.02401.SECU.00......CN0010606|51001|ACC|184430433071265.080001|0606|0606|CNY|198.220000|1||1|1|450|51001|21056|LD|00|LD1634909777|LD1634909777||1002146||20180701|20180702||44_INPUTTER|44_INPUTTER|||1|20180702|51001|3107|MT|21056|
501102|PL.50000.6131.3203..........CN0010606|||184810387444672.000001|0606|0606|CNY|-70.000000|0||1|9999|380|50000|6131|IC|||1060607000000498||1001343|||20180702||46_INPUTTER|46_INPUTTER|||1|20180702|50000|3203||6131|
59010203|PL.51001.21056.3107.MT.02401.SECU.00......CN0010606|51001|ACC|184811060744525.000001|0606|0606|CNY|198.220000|1||1|1|450|51001|21056|LD|00|LD1634909777|LD1634909777||1002146||20180702|20180702||48_INPUTTER|48_INPUTTER|||1|20180702|51001|3107|MT|21056|
50110101|PL.50000.1112.3203..........CN0010606|||184811060744675.000001|0606|0606|CNY|-0.400000|0||1|9999|380|50000|1112|IC|||1060602000003471||1001168|||20180702||48_INPUTTER|48_INPUTTER|||1|20180702|50000|3203||1112|
50110101|PL.50000.1112.3203..........CN0010606|||184811060744679.030001|0606|0606|CNY|-0.010000|0||1|9999|380|50000|1112|IC|||1060602000000081||1001283|||20180702||48_INPUTTER|48_INPUTTER|||1|20180702|50000|3203||1112|
501103|PL.50000.1101.1001..........CN0010606|||184811975244682.000001|0606|0606|USD|-0.010000|0|6.616600|1|9999|380|50000|1101|IC|||1060601000000557||1000518|||20180702||41_INPUTTER|41_INPUTTER|||1|20180702|50000|1001||1101|
50010203|PL.51001.21056.3000.MT.02401.UNSECU.00......CN0010606|51001|ACC|184432372871265.040001|0606|0606|CNY|30347.220000|1||1|1|450|51001|21056|LD|00|LD1803739173|LD1803739173||1004475||20180701|20180702||39_INPUTTER|39_INPUTTER|||1|20180702|51001|3000|MT|21056|
501102|PL.50000.6131.3203..........CN0010606|||184810387444672.050001|0606|0606|CNY|-500.000000|0||1|9999|380|50000|6131|IC|||1060607000000598||1001343|||20180702||46_INPUTTER|46_INPUTTER|||1|20180702|50000|3203||6131|
50110101|PL.50000.1112.3203..........CN0010608|||184812311944675.070001|0608|0608|CNY|-11.630000|0||1|9999|380|50000|1112|IC|||1060802000001761||1001356|||20180702||42_INPUTTER|42_INPUTTER|||1|20180702|50000|3203||1112|
50010203|PL.51001.21056.3000.MT.02401.UNSECU.00......CN0010606|51001|ACC|184812648944526.000001|0606|0606|CNY|30347.220000|1||1|1|450|51001|21056|LD|00|LD1803739173|LD1803739173||1004475||20180702|20180702||43_INPUTTER|43_INPUTTER|||1|20180702|51001|3000|MT|21056|
50010103|PL.51001.21052.3203.ST.02001.UNSECU.00......CN0010606|51001|ACC|184431031071267.070001|0606|0606|CNY|556.020000|1||1|9999|450|51001|21052|LD|00|LD1807909788|LD1807909788||1001182||20180701|20180702||34_INPUTTER|34_INPUTTER|||1|20180702|51001|3203|ST|21052|
50010103|PL.51001.21052.3203.ST.02001.UNSECU.00......CN0010606|51001|ACC|184811060744529.020001|0606|0606|CNY|556.020000|1||1|9999|450|51001|21052|LD|00|LD1807909788|LD1807909788||1001182||20180702|20180702||48_INPUTTER|48_INPUTTER|||1|20180702|51001|3203|ST|21052|
59010103|PL.51001.21052.3204.ST.02001.SECU.00......CN0010606|51001|ACC|184430769771267.090001|0606|0606|CNY|53.070000|1||1|9999|450|51001|21052|LD|00|LD1802424847|LD1802424847||1000026||20180701|20180702||45_INPUTTER|45_INPUTTER|||1|20180702|51001|3204|ST|21052|
50110101|PL.50000.1112.3050..........CN0010609|||184810040244666.050001|0606|0609|CNY|-27.780000|0||1|1|380|50000|1112|IC|||1060902000007853||1004650|||20180702||45_INPUTTER|45_INPUTTER|||1|20180702|50000|3050||1112|
50110101|PL.50000.1112.3203..........CN0010606|||184811060744674.080001|0606|0606|CNY|-22.710000|0||1|9999|380|50000|1112|IC|||1060602000003188||1000087|||20180702||48_INPUTTER|48_INPUTTER|||1|20180702|50000|3203||1112|
59010103|PL.51001.21052.3204.ST.02001.SECU.00......CN0010606|51001|ACC|184812311944521.040001|0606|0606|CNY|53.060000|1||1|9999|450|51001|21052|LD|00|LD1802424847|LD1802424847||1000026||20180702|20180702||42_INPUTTER|42_INPUTTER|||1|20180702|51001|3204|ST|21052|
50110101|PL.50000.1112.3203..........CN0010607|||184812311944674.040001|0606|0607|CNY|-62.670000|0||1|1|380|50000|1112|IC|||1060702000005444||1003035|||20180702||42_INPUTTER|42_INPUTTER|||1|20180702|50000|3203||1112|
500105|PL.51500.21060.3107.ST.03002..00......CN0010611|51500|ACC|184433041371266.080001|0611|0611|CNY|82.500000|1||1|1|450|51500|21060|LD|00|LD1816344405|LD1816344405||1003089||20180701|20180702||42_INPUTTER|42_INPUTTER|||1|20180702|51500|3107|ST|21060|
500105|PL.51500.21060.3107.ST.03002..00......CN0010611|51500|ACC|184810040244523.020001|0611|0611|CNY|82.500000|1||1|1|450|51500|21060|LD|00|LD1816344405|LD1816344405||1003089||20180702|20180702||45_INPUTTER|45_INPUTTER|||1|20180702|51500|3107|ST|21060|
500105|PL.51500.21060.3101.ST.03002..00......CN0010606|51500|ACC|184430096371265.110001|0606|0606|CNY|370.510000|1||1|1|450|51500|21060|LD|00|LD1817608451|LD1817608451||1003317||20180701|20180702||43_INPUTTER|43_INPUTTER|||1|20180702|51500|3101|ST|21060|
500105|PL.51500.21060.3101.ST.03002..00......CN0010606|51500|ACC|184810387444527.030001|0606|0606|CNY|370.520000|1||1|1|450|51500|21060|LD|00|LD1817608451|LD1817608451||1003317||20180702|20180702||46_INPUTTER|46_INPUTTER|||1|20180702|51500|3101|ST|21060|
59010103|PL.51001.21052.3204.ST.02001.SECU.00......CN0010606|51001|ACC|184431031071267.080001|0606|0606|CNY|188.280000|1||1|9999|450|51001|21052|LD|00|LD1808041424|LD1808041424||1000026||20180701|20180702||34_INPUTTER|34_INPUTTER|||1|20180702|51001|3204|ST|21052|
50110101|PL.50000.1112.3063..........CN0010611|||184810040244667.010001|0611|0611|CNY|-0.020000|0||1|1|380|50000|1112|IC|||1061102000005157||1003314|||20180702||45_INPUTTER|45_INPUTTER|||1|20180702|50000|3063||1112|
59010103|PL.51001.21052.3204.ST.02001.SECU.00......CN0010606|51001|ACC|184811060744529.030001|0606|0606|CNY|188.280000|1||1|9999|450|51001|21052|LD|00|LD1808041424|LD1808041424||1000026||20180702|20180702||48_INPUTTER|48_INPUTTER|||1|20180702|51001|3204|ST|21052|
50110101|PL.50000.1112.3104..........CN0010608|||184812311944675.030001|0608|0608|CNY|-0.010000|0||1|9999|380|50000|1112|IC|||1060802000001702||1000056|||20180702||42_INPUTTER|42_INPUTTER|||1|20180702|50000|3104||1112|
50010103|PL.51001.21052.3109.ST.02001.UNSECU.00......CN0010606|51001|ACC|184433041371265.050001|0606|0606|CNY|875.440000|1||1|1|450|51001|21052|LD|00|LD1815163172|LD1815163172||1004114||20180701|20180702||42_INPUTTER|42_INPUTTER|||1|20180702|51001|3109|ST|21052|
50010103|PL.51001.21052.3109.ST.02001.UNSECU.00......CN0010606|51001|ACC|184810040244521.020001|0606|0606|CNY|875.440000|1||1|1|450|51001|21052|LD|00|LD1815163172|LD1815163172||1004114||20180702|20180702||45_INPUTTER|45_INPUTTER|||1|20180702|51001|3109|ST|21052|
501104|PL.50000.6122.1002..........CN0010606|||184810387444666.040001|0606|0606|CNY|-3.660000|0||1|9999|380|50000|6122|IC|||1060606000002012||1000342|||20180702||46_INPUTTER|46_INPUTTER|||1|20180702|50000|1002||6122|
501104|PL.50000.6122.1002..........CN0010606|||184810387444690.040001|0606|0606|CNY|-12.630000|0||1|9999|380|50000|6122|IC|||1060606000001997||1000417|||20180702||46_INPUTTER|46_INPUTTER|||1|20180702|50000|1002||6122|
50110101|PL.50000.1112.3107..........CN0010611|||184810040244668.010001|0611|0611|CNY|-20.080000|0||1|1|380|50000|1112|IC|||1061102000006617||1003923|||20180702||45_INPUTTER|45_INPUTTER|||1|20180702|50000|3107||1112|
50110101|PL.50000.1112.3063..........CN0010606|||184812311944678.010001|0606|0606|CNY|-3.870000|0||1|9999|380|50000|1112|IC|||1060602000000448||1001328|||20180702||42_INPUTTER|42_INPUTTER|||1|20180702|50000|3063||1112|
501104|PL.50000.6122.1002..........CN0010606|||184811397744695.000001|0606|0606|CNY|-80.000000|0||1|9999|380|50000|6122|IC|||1060606000000486||1000338|||20180702||49_INPUTTER|49_INPUTTER|||1|20180702|50000|1002||6122|
500105|PL.51500.21060.3107.ST.03002..00......CN0010611|51500|ACC|184433041371267.070001|0611|0611|CNY|236.850000|1||1|1|450|51500|21060|LD|00|LD1808120870|LD1808120870||1003089||20180701|20180702||42_INPUTTER|42_INPUTTER|||1|20180702|51500|3107|ST|21060|
501102|PL.50000.6131.3203..........CN0010609|||184810724044668.050001|0606|0609|CNY|-205.340000|0||1|1|380|50000|6131|IC|||1060907000003108||1004265|||20180702||47_INPUTTER|47_INPUTTER|||1|20180702|50000|3203||6131|
50110101|PL.50000.1112.3064..........CN0010606|||184811060744676.040001|0606|0606|CNY|-0.030000|0||1|9999|380|50000|1112|IC|||1060602000002947||1000084|||20180702||48_INPUTTER|48_INPUTTER|||1|20180702|50000|3064||1112|
50110101|PL.50000.1112.3203..........CN0010606|||184811397744668.030001|0606|0606|CNY|-0.090000|0||1|9999|380|50000|1112|IC|||1060602000002483||1001334|||20180702||49_INPUTTER|49_INPUTTER|||1|20180702|50000|3203||1112|
500105|PL.51500.21060.3107.ST.03002..00......CN0010611|51500|ACC|184812311944529.030001|0611|0611|CNY|236.850000|1||1|1|450|51500|21060|LD|00|LD1808120870|LD1808120870||1003089||20180702|20180702||42_INPUTTER|42_INPUTTER|||1|20180702|51500|3107|ST|21060|
500105|PL.51500.21060.3107.ST.03002..00......CN0010611|51500|ACC|184432704671267.090001|0611|0611|CNY|1225.000000|1||1|1|450|51500|21060|LD|00|LD1813831692|LD1813831692||1003089||20180701|20180702||40_INPUTTER|40_INPUTTER|||1|20180702|51500|3107|ST|21060|
500105|PL.51500.21060.3107.ST.03002..00......CN0010611|51500|ACC|184810040244534.030001|0611|0611|CNY|1225.000000|1||1|1|450|51500|21060|LD|00|LD1813831692|LD1813831692||1003089||20180702|20180702||45_INPUTTER|45_INPUTTER|||1|20180702|51500|3107|ST|21060|
50110101|PL.50000.1112.3203..........CN0010609|||184810040244665.070001|0606|0609|CNY|-4.000000|0||1|1|380|50000|1112|IC|||1060902000007292||1003905|||20180702||45_INPUTTER|45_INPUTTER|||1|20180702|50000|3203||1112|
501103|PL.50000.1101.1002..........CN0010606|||184811643444660.020001|0606|0606|CNY|-0.020000|0||1|1|380|50000|1101|IC|||1060601000011613||1002683|||20180702||36_INPUTTER|36_INPUTTER|||1|20180702|50000|1002||1101|
501104|PL.50000.6122.1002..........CN0010606|||184810387444690.050001|0606|0606|CNY|-14.730000|0||1|9999|380|50000|6122|IC|||1060606000002748||1000578|||20180702||46_INPUTTER|46_INPUTTER|||1|20180702|50000|1002||6122|
50110101|PL.50000.1149.3901..........CN0010606|||184811397744677.030001|0606|0606|USD|-21.170000|0|6.616600|1|1|380|50000|1149|IC|||1060603600000348||1002191|||20180702||49_INPUTTER|49_INPUTTER|||1|20180702|50000|3901||1149|
59010103|PL.51001.21052.3063.ST.02001.SECU.00......CN0010606|51001|ACC|184431704771267.050001|0606|0606|CNY|797.350000|1||1|1|450|51001|21052|LD|00|LD1732613088|LD1732613088||1002675||20180701|20180702||37_INPUTTER|37_INPUTTER|||1|20180702|51001|3063|ST|21052|
50110101|PL.50000.1149.3901..........CN0010606|||184811397744674.010001|0606|0606|USD|-0.120000|0|6.616600|1|9999|380|50000|1149|IC|||1060603600000146||1001117|||20180702||49_INPUTTER|49_INPUTTER|||1|20180702|50000|3901||1149|
501104|PL.50000.6122.1002..........CN0010606|||184811643444696.010001|0606|0606|CNY|-21.340000|0||1|9999|380|50000|6122|IC|||1060606000000548||1000438|||20180702||36_INPUTTER|36_INPUTTER|||1|20180702|50000|1002||6122|
59010103|PL.51001.21052.3063.ST.02001.SECU.00......CN0010606|51001|ACC|184811975244525.060001|0606|0606|CNY|797.350000|1||1|1|450|51001|21052|LD|00|LD1732613088|LD1732613088||1002675||20180702|20180702||41_INPUTTER|41_INPUTTER|||1|20180702|51001|3063|ST|21052|
50110101|PL.50000.1112.3099..........CN0010606|||184812311944672.040001|0606|0606|CNY|-0.970000|0||1|1|380|50000|1112|IC|||1060602000008058||1004721|||20180702||42_INPUTTER|42_INPUTTER|||1|20180702|50000|3099||1112|
50110101|PL.50000.1112.3203..........CN0010607|||184812311944673.060001|0606|0607|CNY|-12.510000|0||1|9999|380|50000|1112|IC|||1060702000001597||1000034|||20180702||42_INPUTTER|42_INPUTTER|||1|20180702|50000|3203||1112|
59010103|PL.51001.21052.3204.ST.02001.SECU.00......CN0010606|51001|ACC|184432036271266.100001|0606|0606|CNY|64.750000|1||1|9999|450|51001|21052|LD|00|LD1735563072|LD1735563072||1000026||20180701|20180702||38_INPUTTER|38_INPUTTER|||1|20180702|51001|3204|ST|21052|
501104|PL.50000.6122.1002..........CN0010606|||184810387444687.040001|0606|0606|CNY|-6.470000|0||1|9999|380|50000|6122|IC|||1060606000000664||1000417|||20180702||46_INPUTTER|46_INPUTTER|||1|20180702|50000|1002||6122|
501104|PL.50000.6122.1002..........CN0010606|||184810387444690.020001|0606|0606|CNY|-1.870000|0||1|9999|380|50000|6122|IC|||1060606000000966||1000578|||20180702||46_INPUTTER|46_INPUTTER|||1|20180702|50000|1002||6122|
920306|PL.53000.20000.....01......CN0010688|||184810724044854.000002|0688|0688|EUR|-1003822.690000|0|7.160801|1|1|302|53000|20000|RV|01||EURCNY1401601010688||0|||20180702||47_INPUTTER|47_INPUTTER|||1|20180702|53000|||20000|
920306|PL.53000.20000.....01......CN0010688|||184810724044858.000001|0688|0688|EUR|1003822.690000|1|7.160801|1|1|302|53000|20000|RV|01||EURCNY1401601010688||0|||20180702||47_INPUTTER|47_INPUTTER|||1|20180702|53000|||20000|
501103|PL.50000.1102.1002..........CN0010606|||184811060744661.000001|0606|0606|CNY|-0.140000|0||1|9999|380|50000|1102|IC|||1060601000005443||1000675|||20180702||48_INPUTTER|48_INPUTTER|||1|20180702|50000|1002||1102|
59010103|PL.51001.21052.3204.ST.02001.SECU.00......CN0010606|51001|ACC|184812311944520.040001|0606|0606|CNY|64.760000|1||1|9999|450|51001|21052|LD|00|LD1735563072|LD1735563072||1000026||20180702|20180702||42_INPUTTER|42_INPUTTER|||1|20180702|51001|3204|ST|21052|
501103|PL.50000.1102.1002..........CN0010606|||184811397744661.010001|0606|0606|CNY|-0.010000|0||1|9999|380|50000|1102|IC|||1060601000005788||1000377|||20180702||49_INPUTTER|49_INPUTTER|||1|20180702|50000|1002||1102|
50010203|PL.51001.21056.3203.MT.02401.UNSECU.00......CN0010606|51001|ACC|184431031071266.000001|0606|0606|CNY|1887.940000|1||1|9999|450|51001|21056|LD|00|LD1620472992|LD1620472992||1002139||20180701|20180702||34_INPUTTER|34_INPUTTER|||1|20180702|51001|3203|MT|21056|
50010203|PL.51001.21056.3203.MT.02401.UNSECU.00......CN0010606|51001|ACC|184811397744530.050001|0606|0606|CNY|1887.930000|1||1|9999|450|51001|21056|LD|00|LD1620472992|LD1620472992||1002139||20180702|20180702||49_INPUTTER|49_INPUTTER|||1|20180702|51001|3203|MT|21056|
50110101|PL.50000.1112.3203..........CN0010609|||184812311944677.020001|0606|0609|CNY|-0.040000|0||1|9999|380|50000|1112|IC|||1060902000001855||1000951|||20180702||42_INPUTTER|42_INPUTTER|||1|20180702|50000|3203||1112|
59010103|PL.51001.21052.3203.ST.02001.SECU.00......CN0010606|51001|ACC|184432704671265.100001|0606|0606|CNY|446.090000|1||1|1|450|51001|21052|LD|00|LD1809450945|LD1809450945||1003902||20180701|20180702||40_INPUTTER|40_INPUTTER|||1|20180702|51001|3203|ST|21052|
59010103|PL.51001.21052.3203.ST.02001.SECU.00......CN0010606|51001|ACC|184812980344525.020001|0606|0606|CNY|446.080000|1||1|1|450|51001|21052|LD|00|LD1809450945|LD1809450945||1003902||20180702|20180702||44_INPUTTER|44_INPUTTER|||1|20180702|51001|3203|ST|21052|
59010202|PL.51001.21053.3050.MT.02102.SECU.00......CN0010606|51001|ACC|184430433071265.050001|0606|0606|USD|16.990000|1|6.616600|1|9999|450|51001|21053|LD|00|LD1634786681|LD1634786681||1001063||20180701|20180702||44_INPUTTER|44_INPUTTER|||1|20180702|51001|3050|MT|21053|
59010202|PL.51001.21053.3050.MT.02102.SECU.00......CN0010606|51001|ACC|184811060744524.000001|0606|0606|USD|16.980000|1|6.616600|1|9999|450|51001|21053|LD|00|LD1634786681|LD1634786681||1001063||20180702|20180702||48_INPUTTER|48_INPUTTER|||1|20180702|51001|3050|MT|21053|
50110101|PL.50000.1112.3063..........CN0010609|||184810040244664.100001|0606|0609|CNY|-2.580000|0||1|1|380|50000|1112|IC|||1060902000005516||1003371|||20180702||45_INPUTTER|45_INPUTTER|||1|20180702|50000|3063||1112|
50110101|PL.50000.1112.3201..........CN0010606|||184812311944670.020001|0606|0606|CNY|-1.520000|0||1|1|380|50000|1112|IC|||1060602000006934||1003644|||20180702||42_INPUTTER|42_INPUTTER|||1|20180702|50000|3201||1112|
50010202|PL.51001.21053.3049.MT.02102.UNSECU.00......CN0010608|51001|ACC|184432704671265.140001|0608|0608|USD|21.640000|1|6.616600|1|1|450|51001|21053|LD|00|LD1809933235|LD1809933235||1002955||20180701|20180702||40_INPUTTER|40_INPUTTER|||1|20180702|51001|3049|MT|21053|
50110101|PL.50000.1113.3107..........CN0010606|||184811060744674.040001|0606|0606|CNY|-110.790000|0||1|9999|380|50000|1113|IC|||1060602000002677||1001039|||20180702||48_INPUTTER|48_INPUTTER|||1|20180702|50000|3107||1113|
501103|PL.50000.1101.1002..........CN0010606|||184812311944662.010001|0606|0606|CNY|-0.150000|0||1|9999|380|50000|1101|IC|||1060601000008868||1000426|||20180702||42_INPUTTER|42_INPUTTER|||1|20180702|50000|1002||1101|
50010202|PL.51001.21053.3049.MT.02102.UNSECU.00......CN0010608|51001|ACC|184812980344525.060001|0608|0608|USD|21.640000|1|6.616600|1|1|450|51001|21053|LD|00|LD1809933235|LD1809933235||1002955||20180702|20180702||44_INPUTTER|44_INPUTTER|||1|20180702|51001|3049|MT|21053|
50110101|PL.50000.1116.3107..........CN0010606|||184812980344678.080001|0606|0606|CNY|-0.220000|0||1|9999|380|50000|1116|IC|||1060602000001134||1001094|||20180702||44_INPUTTER|44_INPUTTER|||1|20180702|50000|3107||1116|
500105|PL.51500.21060.3063.ST.03002..00......CN0010611|51500|ACC|184432372871266.290001|0611|0611|CNY|279.650000|1||1|1|450|51500|21060|LD|00|LD1807319600|LD1807319600||1003314||20180701|20180702||39_INPUTTER|39_INPUTTER|||1|20180702|51500|3063|ST|21060|
501102|PL.50000.6131.3049..........CN0010607|||184810724044667.080001|0606|0607|CNY|-664.010000|0||1|9999|380|50000|6131|IC|||1060707000000077||1001273|||20180702||47_INPUTTER|47_INPUTTER|||1|20180702|50000|3049||6131|
501103|PL.50000.1101.1002..........CN0010606|||184811060744673.000001|0606|0606|CNY|-0.010000|0||1|9999|380|50000|1101|IC|||1060601000003734||1000575|||20180702||48_INPUTTER|48_INPUTTER|||1|20180702|50000|1002||1101|
500105|PL.51500.21060.3063.ST.03002..00......CN0010611|51500|ACC|184811397744528.040001|0611|0611|CNY|279.660000|1||1|1|450|51500|21060|LD|00|LD1807319600|LD1807319600||1003314||20180702|20180702||49_INPUTTER|49_INPUTTER|||1|20180702|51500|3063|ST|21060|
501104|PL.50000.6122.1002..........CN0010606|||184810387444661.060001|0606|0606|CNY|-21.330000|0||1|9999|380|50000|6122|IC|||1060606000000702||1000445|||20180702||46_INPUTTER|46_INPUTTER|||1|20180702|50000|1002||6122|
501102|PL.50000.6151.3203..........CN0010606|||184810724044689.000001|0606|0606|USD|-85.940000|0|6.616600|1|9999|380|50000|6151|IC|||1060608000000209||1001313|||20180702||47_INPUTTER|47_INPUTTER|||1|20180702|50000|3203||6151|
50110101|PL.50000.1112.3049..........CN0010606|||184812311944672.030001|0606|0606|CNY|-0.020000|0||1|1|380|50000|1112|IC|||1060602000007997||1002189|||20180702||42_INPUTTER|42_INPUTTER|||1|20180702|50000|3049||1112|
501103|PL.50000.1101.1001..........CN0010606|||184812648944669.000001|0606|0606|USD|-0.010000|0|6.616600|1|9999|380|50000|1101|IC|||1060601000008388||1000472|||20180702||43_INPUTTER|43_INPUTTER|||1|20180702|50000|1001||1101|
50010202|PL.51001.21053.3109.MT.02104.UNSECU.00......CN0010606|51001|ACC|184431704771266.040001|0606|0606|CNY|2475.760000|1||1|1|450|51001|21053|LD|00|LD1728430769|LD1728430769||1003509||20180701|20180702||37_INPUTTER|37_INPUTTER|||1|20180702|51001|3109|MT|21053|
50010202|PL.51001.21053.3109.MT.02104.UNSECU.00......CN0010606|51001|ACC|184811975244522.030001|0606|0606|CNY|2475.760000|1||1|1|450|51001|21053|LD|00|LD1728430769|LD1728430769||1003509||20180702|20180702||41_INPUTTER|41_INPUTTER|||1|20180702|51001|3109|MT|21053|
50110101|PL.50000.1112.3109..........CN0010609|||184810040244663.030001|0606|0609|CNY|-0.530000|0||1|9999|380|50000|1112|IC|||1060902000002142||1000995|||20180702||45_INPUTTER|45_INPUTTER|||1|20180702|50000|3109||1112|
50110101|PL.50000.1112.3201..........CN0010608|||184812311944675.040001|0608|0608|CNY|-0.120000|0||1|9999|380|50000|1112|IC|||1060802000001718||1000003|||20180702||42_INPUTTER|42_INPUTTER|||1|20180702|50000|3201||1112|
59010202|PL.51001.21056.3107.MT.02402.SECU.00......CN0010606|51001|ACC|184430096371267.080001|0606|0606|CNY|172.380000|1||1|9999|450|51001|21056|LD|00|LD1620200837|LD1620200837||1002124||20180701|20180702||43_INPUTTER|43_INPUTTER|||1|20180702|51001|3107|MT|21056|
500105|PL.51500.21060.3063.ST.03002..00......CN0010606|51500|ACC|184432704671266.240001|0606|0606|CNY|1442.220000|1||1|9999|450|51500|21060|LD|00|LD1812967646|LD1812967646||1001265||20180701|20180702||40_INPUTTER|40_INPUTTER|||1|20180702|51500|3063|ST|21060|
50110101|PL.50000.1112.3203..........CN0010606|||184811060744674.010001|0606|0606|CNY|-0.080000|0||1|9999|380|50000|1112|IC|||1060602000002599||1001234|||20180702||48_INPUTTER|48_INPUTTER|||1|20180702|50000|3203||1112|
501103|PL.50000.1101.1002..........CN0010606|||184811060744677.040001|0606|0606|CNY|-0.010000|0||1|9999|380|50000|1101|IC|||1060601000003564||1000365|||20180702||48_INPUTTER|48_INPUTTER|||1|20180702|50000|1002||1101|
59010202|PL.51001.21056.3107.MT.02402.SECU.00......CN0010606|51001|ACC|184811397744530.040001|0606|0606|CNY|172.370000|1||1|9999|450|51001|21056|LD|00|LD1620200837|LD1620200837||1002124||20180702|20180702||49_INPUTTER|49_INPUTTER|||1|20180702|51001|3107|MT|21056|
500105|PL.51500.21060.3063.ST.03002..00......CN0010606|51500|ACC|184812311944531.030001|0606|0606|CNY|1442.220000|1||1|9999|450|51500|21060|LD|00|LD1812967646|LD1812967646||1001265||20180702|20180702||42_INPUTTER|42_INPUTTER|||1|20180702|51500|3063|ST|21060|
500105|PL.51500.21060.3063.ST.03002..00......CN0010611|51500|ACC|184430096371265.030001|0611|0611|CNY|35.420000|1||1|1|450|51500|21060|LD|00|LD1817158533|LD1817158533||1003314||20180701|20180702||43_INPUTTER|43_INPUTTER|||1|20180702|51500|3063|ST|21060|
50110101|PL.50000.1112.3203..........CN0010609|||184810040244665.060001|0606|0609|CNY|-0.240000|0||1|1|380|50000|1112|IC|||1060902000007071||1004265|||20180702||45_INPUTTER|45_INPUTTER|||1|20180702|50000|3203||1112|
50110101|PL.50000.1112.3201..........CN0010609|||184810040244666.010001|0606|0609|CNY|-38.550000|0||1|1|380|50000|1112|IC|||1060902000007446||1004420|||20180702||45_INPUTTER|45_INPUTTER|||1|20180702|50000|3201||1112|
500105|PL.51500.21060.3063.ST.03002..00......CN0010611|51500|ACC|184810387444526.000001|0611|0611|CNY|35.410000|1||1|1|450|51500|21060|LD|00|LD1817158533|LD1817158533||1003314||20180702|20180702||46_INPUTTER|46_INPUTTER|||1|20180702|51500|3063|ST|21060|
501104|PL.50000.6122.1002..........CN0010606|||184810387444692.070001|0606|0606|CNY|-266.670000|0||1|9999|380|50000|6122|IC|||1060606000000109||1000547|||20180702||46_INPUTTER|46_INPUTTER|||1|20180702|50000|1002||6122|
59010203|PL.51001.21056.3204.MT.02401.SECU.00......CN0010606|51001|ACC|184430433071266.160001|0606|0606|CNY|206.450000|1||1|1|450|51001|21056|LD|00|LD1719271173|LD1719271173||1002725||20180701|20180702||44_INPUTTER|44_INPUTTER|||1|20180702|51001|3204|MT|21056|
59010203|PL.51001.21056.3204.MT.02401.SECU.00......CN0010606|51001|ACC|184811397744526.040001|0606|0606|CNY|206.450000|1||1|1|450|51001|21056|LD|00|LD1719271173|LD1719271173||1002725||20180702|20180702||49_INPUTTER|49_INPUTTER|||1|20180702|51001|3204|MT|21056|
50010103|PL.51001.21052.3201.ST.02001.UNSECU.00......CN0010606|51001|ACC|184431704771266.050001|0606|0606|CNY|694.790000|1||1|9999|450|51001|21052|LD|00|LD1728605177|LD1728605177||1000972||20180701|20180702||37_INPUTTER|37_INPUTTER|||1|20180702|51001|3201|ST|21052|
50010103|PL.51001.21052.3201.ST.02001.UNSECU.00......CN0010606|51001|ACC|184811975244522.040001|0606|0606|CNY|694.790000|1||1|9999|450|51001|21052|LD|00|LD1728605177|LD1728605177||1000972||20180702|20180702||41_INPUTTER|41_INPUTTER|||1|20180702|51001|3201|ST|21052|
501102|PL.50000.6131.3049..........CN0010606|||184810387444671.040001|0606|0606|CNY|-111.370000|0||1|1|380|50000|6131|IC|||1060607000003047||1003771|||20180702||46_INPUTTER|46_INPUTTER|||1|20180702|50000|3049||6131|
501104|PL.50000.6122.1002..........CN0010606|||184810387444694.020001|0606|0606|CNY|-21.330000|0||1|9999|380|50000|6122|IC|||1060606000000281||1000315|||20180702||46_INPUTTER|46_INPUTTER|||1|20180702|50000|1002||6122|
50110101|PL.50000.1131.3204..........CN0010609|||184811397744670.000001|0606|0609|USD|-0.600000|0|6.616600|1|9999|380|50000|1131|IC|||1060903000006028||1001044|||20180702||49_INPUTTER|49_INPUTTER|||1|20180702|50000|3204||1131|
501104|PL.50000.6121.1002..........CN0010606|||184810387444690.060001|0606|0606|CNY|-13.890000|0||1|9999|380|50000|6121|IC|||1060606000002818||1000181|||20180702||46_INPUTTER|46_INPUTTER|||1|20180702|50000|1002||6121|
501103|PL.50000.1101.1002..........CN0010611|||184811975244663.040001|0611|0611|CNY|-1.550000|0||1|1|380|50000|1101|IC|||1061101000012955||1004624|||20180702||41_INPUTTER|41_INPUTTER|||1|20180702|50000|1002||1101|
501102|PL.50000.6131.3107..........CN0010606|||184810387444669.030001|0606|0606|CNY|-26.930000|0||1|9999|380|50000|6131|IC|||1060607000002938||1001269|||20180702||46_INPUTTER|46_INPUTTER|||1|20180702|50000|3107||6131|
501104|PL.50000.6122.1002..........CN0010606|||184810387444691.000001|0606|0606|CNY|-14.080000|0||1|9999|380|50000|6122|IC|||1060606000000079||1000413|||20180702||46_INPUTTER|46_INPUTTER|||1|20180702|50000|1002||6122|
50110101|PL.50000.1112.3203..........CN0010606|||184811060744671.010001|0606|0606|CNY|-0.120000|0||1|1|380|50000|1112|IC|||1060602000004729||1002980|||20180702||48_INPUTTER|48_INPUTTER|||1|20180702|50000|3203||1112|
50110101|PL.50000.1112.3203..........CN0010606|||184812311944671.100001|0606|0606|CNY|-0.020000|0||1|1|380|50000|1112|IC|||1060602000007787||1002173|||20180702||42_INPUTTER|42_INPUTTER|||1|20180702|50000|3203||1112|
501102|PL.50000.6151.3063..........CN0010606|||184810724044675.010001|0606|0606|USD|-3.590000|0|6.616600|1|9999|380|50000|6151|IC|||1060608000000071||1001150|||20180702||47_INPUTTER|47_INPUTTER|||1|20180702|50000|3063||6151|
50110501|PL.50000.6111.3204..........CN0010606|||184811643444679.040001|0606|0606|CNY|-487.500000|0||1|1|380|50000|6111|IC|||1060605000002679||1002725|||20180702||36_INPUTTER|36_INPUTTER|||1|20180702|50000|3204||6111|
50110501|PL.50000.6111.3203..........CN0010606|||184811643444679.020001|0606|0606|CNY|-292.500000|0||1|1|380|50000|6111|IC|||1060605000002458||1003658|||20180702||36_INPUTTER|36_INPUTTER|||1|20180702|50000|3203||6111|
50110101|PL.50000.1112.3201..........CN0010608|||184812311944676.020001|0608|0608|CNY|-0.120000|0||1|1|380|50000|1112|IC|||1060802000006631||1003785|||20180702||42_INPUTTER|42_INPUTTER|||1|20180702|50000|3201||1112|
500105|PL.51500.21060.3063.ST.03002..00......CN0010611|51500|ACC|184432372871266.330001|0611|0611|CNY|70.560000|1||1|1|450|51500|21060|LD|00|LD1807347694|LD1807347694||1003314||20180701|20180702||39_INPUTTER|39_INPUTTER|||1|20180702|51500|3063|ST|21060|
501102|PL.50000.6131.3203..........CN0010606|||184810387444672.010001|0606|0606|CNY|-214.980000|0||1|9999|380|50000|6131|IC|||1060607000000547||1000317|||20180702||46_INPUTTER|46_INPUTTER|||1|20180702|50000|3203||6131|
500105|PL.51500.21060.3063.ST.03002..00......CN0010611|51500|ACC|184811397744528.080001|0611|0611|CNY|70.550000|1||1|1|450|51500|21060|LD|00|LD1807347694|LD1807347694||1003314||20180702|20180702||49_INPUTTER|49_INPUTTER|||1|20180702|51500|3063|ST|21060|
50110101|PL.50000.1112.3109..........CN0010606|||184811643444678.070001|0606|0606|CNY|-0.020000|0||1|9999|380|50000|1112|IC|||1060602000000917||1001420|||20180702||36_INPUTTER|36_INPUTTER|||1|20180702|50000|3109||1112|
501103|PL.50000.1101.1002..........CN0010606|||184812311944663.010001|0606|0606|CNY|-0.010000|0||1|9999|380|50000|1101|IC|||1060601000009977||1000675|||20180702||42_INPUTTER|42_INPUTTER|||1|20180702|50000|1002||1101|
50010203|PL.51001.21056.3203.MT.02401.UNSECU.00......CN0010606|51001|ACC|184430769771267.140001|0606|0606|CNY|7256.940000|1||1|1|450|51001|21056|LD|00|LD1002600011|LD1002600011||1002611||20180701|20180702||45_INPUTTER|45_INPUTTER|||1|20180702|51001|3203|MT|21056|
50010203|PL.51001.21056.3203.MT.02401.UNSECU.00......CN0010606|51001|ACC|184811060744531.050001|0606|0606|CNY|7256.950000|1||1|1|450|51001|21056|LD|00|LD1002600011|LD1002600011||1002611||20180702|20180702||48_INPUTTER|48_INPUTTER|||1|20180702|51001|3203|MT|21056|
500105|PL.51500.21060.3063.ST.03002..00......CN0010606|51500|ACC|184433041371267.050001|0606|0606|CNY|1305.560000|1||1|1|450|51500|21060|LD|00|LD1813197981|LD1813197981||1004437||20180701|20180702||42_INPUTTER|42_INPUTTER|||1|20180702|51500|3063|ST|21060|
500105|PL.51500.21060.3063.ST.03002..00......CN0010606|51500|ACC|184810040244528.030001|0606|0606|CNY|1305.550000|1||1|1|450|51500|21060|LD|00|LD1813197981|LD1813197981||1004437||20180702|20180702||45_INPUTTER|45_INPUTTER|||1|20180702|51500|3063|ST|21060|
501102|PL.50000.6131.3203..........CN0010606|||184810387444670.070001|0606|0606|CNY|-73.970000|0||1|9999|380|50000|6131|IC|||1060607000002698||1001182|||20180702||46_INPUTTER|46_INPUTTER|||1|20180702|50000|3203||6131|
501102|PL.50000.6151.3063..........CN0010606|||184810724044688.000001|0606|0606|USD|-12.290000|0|6.616600|1|9999|380|50000|6151|IC|||1060608000000117||1001150|||20180702||47_INPUTTER|47_INPUTTER|||1|20180702|50000|3063||6151|
50020202|PL.51001.21076.2107....00......CN0010608|51001|ACC|184430096371278.000001|0608|0608|USD|819.440000|1|6.616600|1|1|450|51001|21076|MMI|00|MM1814300002;2|MM1814300002||9000034|||20180702||43_INPUTTER|43_INPUTTER|||1|20180702|51001|2107||21076|
50020202|PL.51001.21076.2107....00......CN0010608|51001|ACC|184810040244555.000001|0608|0608|USD|819.450000|1|6.616600|1|1|450|51001|21076|MMI|00|MM1814300002;2|MM1814300002||9000034|||20180702||45_INPUTTER|45_INPUTTER|||1|20180702|51001|2107||21076|
501102|PL.50000.6131.3107..........CN0010606|||184810387444669.060001|0606|0606|CNY|-157.650000|0||1|9999|380|50000|6131|IC|||1060607000003128||1001269|||20180702||46_INPUTTER|46_INPUTTER|||1|20180702|50000|3107||6131|
50110101|PL.50000.1112.3109..........CN0010606|||184811060744678.010001|0606|0606|CNY|-51.200000|0||1|9999|380|50000|1112|IC|||1060602000000847||1001404|||20180702||48_INPUTTER|48_INPUTTER|||1|20180702|50000|3109||1112|
500105|PL.51500.21060.3063.ST.03002..00......CN0010611|51500|ACC|184433041371266.250001|0611|0611|CNY|13.890000|1||1|1|450|51500|21060|LD|00|LD1817110496|LD1817110496||1003314||20180701|20180702||42_INPUTTER|42_INPUTTER|||1|20180702|51500|3063|ST|21060|
500105|PL.51500.21060.3063.ST.03002..00......CN0010611|51500|ACC|184433041371266.260001|0611|0611|CNY|138.890000|1||1|1|450|51500|21060|LD|00|LD1817130003|LD1817130003||1003314||20180701|20180702||42_INPUTTER|42_INPUTTER|||1|20180702|51500|3063|ST|21060|
500105|PL.51500.21060.3063.ST.03002..00......CN0010611|51500|ACC|184811643444538.050001|0611|0611|CNY|13.890000|1||1|1|450|51500|21060|LD|00|LD1817110496|LD1817110496||1003314||20180702|20180702||36_INPUTTER|36_INPUTTER|||1|20180702|51500|3063|ST|21060|
500105|PL.51500.21060.3063.ST.03002..00......CN0010611|51500|ACC|184811643444538.060001|0611|0611|CNY|138.890000|1||1|1|450|51500|21060|LD|00|LD1817130003|LD1817130003||1003314||20180702|20180702||36_INPUTTER|36_INPUTTER|||1|20180702|51500|3063|ST|21060|
501103|PL.50000.1101.1002..........CN0010606|||184810387444660.010001|0606|0606|CNY|-0.200000|0||1|9999|380|50000|1101|IC|||1060601000004692||1000258|||20180702||46_INPUTTER|46_INPUTTER|||1|20180702|50000|1002||1101|
50010203|PL.51001.21056.3101.MT.02401.UNSECU.00......CN0010606|51001|ACC|184431367771266.070001|0606|0606|CNY|19119.950000|1||1|1|450|51001|21056|LD|00|LD1721603825|LD1721603825||1001994||20180701|20180702||35_INPUTTER|35_INPUTTER|||1|20180702|51001|3101|MT|21056|
500105|PL.51500.21060.3063.ST.03002..00......CN0010611|51500|ACC|184432036271267.000001|0611|0611|CNY|99.100000|1||1|1|450|51500|21060|LD|00|LD1801902849|LD1801902849||1003314||20180701|20180702||38_INPUTTER|38_INPUTTER|||1|20180702|51500|3063|ST|21060|
500105|PL.51500.21060.3063.ST.03002..00......CN0010611|51500|ACC|184433041371266.240001|0611|0611|CNY|13.890000|1||1|1|450|51500|21060|LD|00|LD1817107470|LD1817107470||1003314||20180701|20180702||42_INPUTTER|42_INPUTTER|||1|20180702|51500|3063|ST|21060|
50010203|PL.51001.21056.3101.MT.02401.UNSECU.00......CN0010606|51001|ACC|184811643444522.000001|0606|0606|CNY|19119.950000|1||1|1|450|51001|21056|LD|00|LD1721603825|LD1721603825||1001994||20180702|20180702||36_INPUTTER|36_INPUTTER|||1|20180702|51001|3101|MT|21056|
500105|PL.51500.21060.3063.ST.03002..00......CN0010611|51500|ACC|184811643444538.040001|0611|0611|CNY|13.890000|1||1|1|450|51500|21060|LD|00|LD1817107470|LD1817107470||1003314||20180702|20180702||36_INPUTTER|36_INPUTTER|||1|20180702|51500|3063|ST|21060|
500105|PL.51500.21060.3063.ST.03002..00......CN0010611|51500|ACC|184812311944521.000001|0611|0611|CNY|99.100000|1||1|1|450|51500|21060|LD|00|LD1801902849|LD1801902849||1003314||20180702|20180702||42_INPUTTER|42_INPUTTER|||1|20180702|51500|3063|ST|21060|
501104|PL.50000.6121.1002..........CN0010607|||184810387444688.080001|0606|0607|USD|-0.480000|0|6.616600|1|9999|380|50000|6121|IC|||1060706000000049||1000417|||20180702||46_INPUTTER|46_INPUTTER|||1|20180702|50000|1002||6121|
50110101|PL.50000.1112.3063..........CN0010609|||184810040244663.070001|0606|0609|CNY|-7.660000|0||1|9999|380|50000|1112|IC|||1060902000002266||1001402|||20180702||45_INPUTTER|45_INPUTTER|||1|20180702|50000|3063||1112|
59010103|PL.51001.21052.3063.ST.02001.SECU.00......CN0010606|51001|ACC|184431704771266.110001|0606|0606|CNY|1401.670000|1||1|9999|450|51001|21052|LD|00|LD1729707406|LD1729707406||1001265||20180701|20180702||37_INPUTTER|37_INPUTTER|||1|20180702|51001|3063|ST|21052|
59010103|PL.51001.21052.3063.ST.02001.SECU.00......CN0010606|51001|ACC|184811975244523.010001|0606|0606|CNY|1401.660000|1||1|9999|450|51001|21052|LD|00|LD1729707406|LD1729707406||1001265||20180702|20180702||41_INPUTTER|41_INPUTTER|||1|20180702|51001|3063|ST|21052|
59010202|PL.51001.21053.3107.MT.02199.SECU.00......CN0010606|51001|ACC|184430433071265.040001|0606|0606|CNY|10632.080000|1||1|9999|450|51001|21053|LD|00|LD1634758718|LD1634758718||1001948||20180701|20180702||44_INPUTTER|44_INPUTTER|||1|20180702|51001|3107|MT|21053|
500105|PL.51500.21060.3063.ST.03002..00......CN0010606|51500|ACC|184432372871266.090001|0606|0606|CNY|2833.330000|1||1|1|450|51500|21060|LD|00|LD1806629543|LD1806629543||1004473||20180701|20180702||39_INPUTTER|39_INPUTTER|||1|20180702|51500|3063|ST|21060|
59010202|PL.51001.21053.3049.MT.02104.SECU.00......CN0010606|51001|ACC|184433041371266.180001|0606|0606|CNY|7421.880000|1||1|9999|450|51001|21053|LD|00|LD1816578753|LD1816578753||1001112||20180701|20180702||42_INPUTTER|42_INPUTTER|||1|20180702|51001|3049|MT|21053|
59010202|PL.51001.21053.3049.MT.02104.SECU.00......CN0010606|51001|ACC|184810040244527.030001|0606|0606|CNY|7421.870000|1||1|9999|450|51001|21053|LD|00|LD1816578753|LD1816578753||1001112||20180702|20180702||45_INPUTTER|45_INPUTTER|||1|20180702|51001|3049|MT|21053|
501102|PL.50000.6131.3104..........CN0010607|||184810724044667.090001|0606|0607|CNY|-104.000000|0||1|9999|380|50000|6131|IC|||1060707000000096||1001158|||20180702||47_INPUTTER|47_INPUTTER|||1|20180702|50000|3104||6131|
59010202|PL.51001.21053.3107.MT.02199.SECU.00......CN0010606|51001|ACC|184811060744520.010001|0606|0606|CNY|10632.090000|1||1|9999|450|51001|21053|LD|00|LD1634758718|LD1634758718||1001948||20180702|20180702||48_INPUTTER|48_INPUTTER|||1|20180702|51001|3107|MT|21053|
500105|PL.51500.21060.3063.ST.03002..00......CN0010606|51500|ACC|184812311944527.070001|0606|0606|CNY|2833.340000|1||1|1|450|51500|21060|LD|00|LD1806629543|LD1806629543||1004473||20180702|20180702||42_INPUTTER|42_INPUTTER|||1|20180702|51500|3063|ST|21060|
501102|PL.50000.6131.3203..........CN0010606|||184810387444671.000001|0606|0606|CNY|-78.600000|0||1|9999|380|50000|6131|IC|||1060607000002779||1001182|||20180702||46_INPUTTER|46_INPUTTER|||1|20180702|50000|3203||6131|
501102|PL.50000.6131.3109..........CN0010606|||184810724044669.030001|0606|0606|CNY|-1833.330000|0||1|1|380|50000|6131|IC|||1060607000003171||1002163|||20180702||47_INPUTTER|47_INPUTTER|||1|20180702|50000|3109||6131|
50110101|PL.50000.1134.3203..........CN0010606|||184812648944693.020001|0606|0606|USD|-0.080000|0|6.616600|1|9999|380|50000|1134|IC|||1060603000003486||1001264|||20180702||43_INPUTTER|43_INPUTTER|||1|20180702|50000|3203||1134|
50010202|PL.51001.21056.3064.MT.02402.UNSECU.00......CN0010606|51001|ACC|184431031071266.080001|0606|0606|CNY|3618.040000|1||1|1|450|51001|21056|LD|00|LD1803017387|LD1803017387||1003057||20180701|20180702||34_INPUTTER|34_INPUTTER|||1|20180702|51001|3064|MT|21056|
59010203|PL.51001.21056.3203.MT.02401.SECU.00......CN0010606|51001|ACC|184430769771266.010001|0606|0606|CNY|772.050000|1||1|9999|450|51001|21056|LD|00|LD1716429963|LD1716429963||1002139||20180701|20180702||45_INPUTTER|45_INPUTTER|||1|20180702|51001|3203|MT|21056|
500203|PL.51001.21073.2155.ST.04001.UNSECU.00......CN0010606|51001|ACC|184432372871266.060001|0606|0606|CNY|3045.000000|1||1|1|450|51001|21073|LD|00|LD1806441890|LD1806441890||1004353||20180701|20180702||39_INPUTTER|39_INPUTTER|||1|20180702|51001|2155|ST|21073|
50010103|PL.51001.21052.3061.ST.02001.UNSECU.00......CN0010606|51001|ACC|184432704671266.000001|0606|0606|CNY|208.700000|1||1|1|450|51001|21052|LD|00|LD1811708947|LD1811708947||1002175||20180701|20180702||40_INPUTTER|40_INPUTTER|||1|20180702|51001|3061|ST|21052|
501102|PL.50000.6131.3203..........CN0010606|||184810387444672.040001|0606|0606|CNY|-180.590000|0||1|9999|380|50000|6131|IC|||1060607000000571||1000317|||20180702||46_INPUTTER|46_INPUTTER|||1|20180702|50000|3203||6131|
50010202|PL.51001.21056.3064.MT.02402.UNSECU.00......CN0010606|51001|ACC|184810724044529.000001|0606|0606|CNY|3618.030000|1||1|1|450|51001|21056|LD|00|LD1803017387|LD1803017387||1003057||20180702|20180702||47_INPUTTER|47_INPUTTER|||1|20180702|51001|3064|MT|21056|
501102|PL.50000.6131.3109..........CN0010606|||184810724044670.000001|0606|0606|CNY|-1833.330000|0||1|1|380|50000|6131|IC|||1060607000003244||1002163|||20180702||47_INPUTTER|47_INPUTTER|||1|20180702|50000|3109||6131|
50010103|PL.51001.21052.3061.ST.02001.UNSECU.00......CN0010606|51001|ACC|184811397744529.050001|0606|0606|CNY|208.690000|1||1|1|450|51001|21052|LD|00|LD1811708947|LD1811708947||1002175||20180702|20180702||49_INPUTTER|49_INPUTTER|||1|20180702|51001|3061|ST|21052|
59010203|PL.51001.21056.3203.MT.02401.SECU.00......CN0010606|51001|ACC|184812311944522.010001|0606|0606|CNY|772.050000|1||1|9999|450|51001|21056|LD|00|LD1716429963|LD1716429963||1002139||20180702|20180702||42_INPUTTER|42_INPUTTER|||1|20180702|51001|3203|MT|21056|
500203|PL.51001.21073.2155.ST.04001.UNSECU.00......CN0010606|51001|ACC|184812311944527.040001|0606|0606|CNY|3045.000000|1||1|1|450|51001|21073|LD|00|LD1806441890|LD1806441890||1004353||20180702|20180702||42_INPUTTER|42_INPUTTER|||1|20180702|51001|2155|ST|21073|
59010203|PL.51001.21056.3204.MT.02401.SECU.00......CN0010606|51001|ACC|184430433071266.070001|0606|0606|CNY|185.800000|1||1|1|450|51001|21056|LD|00|LD1711452002|LD1711452002||1002725||20180701|20180702||44_INPUTTER|44_INPUTTER|||1|20180702|51001|3204|MT|21056|
501104|PL.50000.6122.1002..........CN0010606|||184810387444669.000001|0606|0606|CNY|-3.670000|0||1|9999|380|50000|6122|IC|||1060606000002586||1000342|||20180702||46_INPUTTER|46_INPUTTER|||1|20180702|50000|1002||6122|
59010203|PL.51001.21056.3204.MT.02401.SECU.00......CN0010606|51001|ACC|184810724044526.020001|0606|0606|CNY|185.810000|1||1|1|450|51001|21056|LD|00|LD1711452002|LD1711452002||1002725||20180702|20180702||47_INPUTTER|47_INPUTTER|||1|20180702|51001|3204|MT|21056|
920306|PL.53000.20000.....01......CN0010688|||184810724044855.010001|0688|0688|HKD|-3414477.600000|0|0.820800|1|1|302|53000|20000|RV|01||HKDCNY1401601010688||0|||20180702||47_INPUTTER|47_INPUTTER|||1|20180702|53000|||20000|
920306|PL.53000.20000.....01......CN0010688|||184810724044859.000001|0688|0688|HKD|3414477.600000|1|0.820800|1|1|302|53000|20000|RV|01||HKDCNY1401601010688||0|||20180702||47_INPUTTER|47_INPUTTER|||1|20180702|53000|||20000|
50110101|PL.50000.1113.3107..........CN0010606|||184811060744671.030001|0606|0606|CNY|-296.530000|0||1|1|380|50000|1113|IC|||1060602000004834||1002713|||20180702||48_INPUTTER|48_INPUTTER|||1|20180702|50000|3107||1113|
50010101|PL.51001.21055.3063.ST.02304.UNSECU.00......CN0010606|51001|ACC|184432372871265.120001|0606|0606|USD|92.350000|1|6.616600|1|9999|450|51001|21055|LD|00|LD1804425657|LD1804425657||1001150||20180701|20180702||39_INPUTTER|39_INPUTTER|||1|20180702|51001|3063|ST|21055|
50110101|PL.50000.1112.3109..........CN0010609|||184810040244663.040001|0606|0609|CNY|-0.020000|0||1|9999|380|50000|1112|IC|||1060902000002207||1001361|||20180702||45_INPUTTER|45_INPUTTER|||1|20180702|50000|3109||1112|
501103|PL.50000.1101.1002..........CN0010606|||184811060744666.010001|0606|0606|USD|-0.010000|0|6.616600|1|9999|380|50000|1101|IC|||1060601000000678||1000288|||20180702||48_INPUTTER|48_INPUTTER|||1|20180702|50000|1002||1101|
50010101|PL.51001.21055.3063.ST.02304.UNSECU.00......CN0010606|51001|ACC|184812648944527.000001|0606|0606|USD|92.350000|1|6.616600|1|9999|450|51001|21055|LD|00|LD1804425657|LD1804425657||1001150||20180702|20180702||43_INPUTTER|43_INPUTTER|||1|20180702|51001|3063|ST|21055|
500105|PL.51500.21060.3107.ST.03002..00......CN0010611|51500|ACC|184432704671265.060001|0611|0611|CNY|156.060000|1||1|1|450|51500|21060|LD|00|LD1809328330|LD1809328330||1003089||20180701|20180702||40_INPUTTER|40_INPUTTER|||1|20180702|51500|3107|ST|21060|
50010101|PL.51001.21055.3063.ST.02304.UNSECU.00......CN0010606|51001|ACC|184432704671266.340001|0606|0606|USD|5.830000|1|6.616600|1|9999|450|51001|21055|LD|00|LD1813420752|LD1813420752||1001150||20180701|20180702||40_INPUTTER|40_INPUTTER|||1|20180702|51001|3063|ST|21055|
50010101|PL.51001.21055.3063.ST.02304.UNSECU.00......CN0010606|51001|ACC|184810040244532.000001|0606|0606|USD|5.830000|1|6.616600|1|9999|450|51001|21055|LD|00|LD1813420752|LD1813420752||1001150||20180702|20180702||45_INPUTTER|45_INPUTTER|||1|20180702|51001|3063|ST|21055|
50110101|PL.50000.1112.3063..........CN0010606|||184812311944671.040001|0606|0606|CNY|-0.020000|0||1|1|380|50000|1112|IC|||1060602000007426||1004473|||20180702||42_INPUTTER|42_INPUTTER|||1|20180702|50000|3063||1112|
500105|PL.51500.21060.3107.ST.03002..00......CN0010611|51500|ACC|184812980344524.100001|0611|0611|CNY|156.070000|1||1|1|450|51500|21060|LD|00|LD1809328330|LD1809328330||1003089||20180702|20180702||44_INPUTTER|44_INPUTTER|||1|20180702|51500|3107|ST|21060|
59010103|PL.51001.21052.3203.ST.02001.SECU.00......CN0010606|51001|ACC|184433041371265.160001|0606|0606|CNY|181.390000|1||1|1|450|51001|21052|LD|00|LD1815844654|LD1815844654||1003902||20180701|20180702||42_INPUTTER|42_INPUTTER|||1|20180702|51001|3203|ST|21052|
59010103|PL.51001.21052.3203.ST.02001.SECU.00......CN0010606|51001|ACC|184810040244522.030001|0606|0606|CNY|181.380000|1||1|1|450|51001|21052|LD|00|LD1815844654|LD1815844654||1003902||20180702|20180702||45_INPUTTER|45_INPUTTER|||1|20180702|51001|3203|ST|21052|
50110101|PL.50000.1113.3110..........CN0010606|||184811060744676.010001|0606|0606|CNY|-36.700000|0||1|1|380|50000|1113|IC|||1060602000004648||1002271|||20180702||48_INPUTTER|48_INPUTTER|||1|20180702|50000|3110||1113|
59010202|PL.51001.21053.3064.MT.02104.SECU.00......CN0010606|51001|ACC|184431031071267.090001|0606|0606|CNY|12.340000|1||1|9999|450|51001|21053|LD|00|LD1428200035|LD1428200035||1000084||20180701|20180702||34_INPUTTER|34_INPUTTER|||1|20180702|51001|3064|MT|21053|
59010103|PL.51001.21052.3107.ST.02001.SECU.00......CN0010606|51001|ACC|184430769771266.030001|0606|0606|CNY|455.600000|1||1|9999|450|51001|21052|LD|00|LD1721275302|LD1721275302||1001139||20180701|20180702||45_INPUTTER|45_INPUTTER|||1|20180702|51001|3107|ST|21052|
500105|PL.51500.21060.3063.ST.03002..00......CN0010606|51500|ACC|184432372871266.120001|0606|0606|CNY|2833.330000|1||1|1|450|51500|21060|LD|00|LD1806679610|LD1806679610||1004473||20180701|20180702||39_INPUTTER|39_INPUTTER|||1|20180702|51500|3063|ST|21060|
59010103|PL.51001.21052.3064.ST.02001.SECU.00......CN0010606|51001|ACC|184433041371265.070001|0606|0606|CNY|2407.000000|1||1|9999|450|51001|21052|LD|00|LD1815203525|LD1815203525||1001004||20180701|20180702||42_INPUTTER|42_INPUTTER|||1|20180702|51001|3064|ST|21052|
59010103|PL.51001.21052.3064.ST.02001.SECU.00......CN0010606|51001|ACC|184810040244521.040001|0606|0606|CNY|2407.000000|1||1|9999|450|51001|21052|LD|00|LD1815203525|LD1815203525||1001004||20180702|20180702||45_INPUTTER|45_INPUTTER|||1|20180702|51001|3064|ST|21052|
50110101|PL.50000.1112.3107..........CN0010606|||184811060744670.040001|0606|0606|CNY|-0.020000|0||1|1|380|50000|1112|IC|||1060602000004435||1002674|||20180702||48_INPUTTER|48_INPUTTER|||1|20180702|50000|3107||1112|
50110101|PL.50000.1149.3901..........CN0010606|||184811397744677.010001|0606|0606|USD|-4.590000|0|6.616600|1|1|380|50000|1149|IC|||1060603600000227||1004012|||20180702||49_INPUTTER|49_INPUTTER|||1|20180702|50000|3901||1149|
59010103|PL.51001.21052.3107.ST.02001.SECU.00......CN0010606|51001|ACC|184811643444521.070001|0606|0606|CNY|455.600000|1||1|9999|450|51001|21052|LD|00|LD1721275302|LD1721275302||1001139||20180702|20180702||36_INPUTTER|36_INPUTTER|||1|20180702|51001|3107|ST|21052|
500105|PL.51500.21060.3063.ST.03002..00......CN0010606|51500|ACC|184812311944527.100001|0606|0606|CNY|2833.340000|1||1|1|450|51500|21060|LD|00|LD1806679610|LD1806679610||1004473||20180702|20180702||42_INPUTTER|42_INPUTTER|||1|20180702|51500|3063|ST|21060|
59010202|PL.51001.21053.3064.MT.02104.SECU.00......CN0010606|51001|ACC|184812311944531.060001|0606|0606|CNY|12.330000|1||1|9999|450|51001|21053|LD|00|LD1428200035|LD1428200035||1000084||20180702|20180702||42_INPUTTER|42_INPUTTER|||1|20180702|51001|3064|MT|21053|
500203|PL.51001.21073.2153.ST.04001.UNSECU.00......CN0010611|51001|ACC|184432704671265.000001|0611|0611|CNY|21635.420000|1||1|9999|450|51001|21073|LD|00|LD1808810679|LD1808810679||1001302||20180701|20180702||40_INPUTTER|40_INPUTTER|||1|20180702|51001|2153|ST|21073|
50010202|PL.51001.21053.3049.MT.02102.UNSECU.00......CN0010608|51001|ACC|184432704671266.180001|0608|0608|CNY|36.550000|1||1|1|450|51001|21053|LD|00|LD1812452177|LD1812452177||1002957||20180701|20180702||40_INPUTTER|40_INPUTTER|||1|20180702|51001|3049|MT|21053|
501102|PL.50000.6131.3203..........CN0010606|||184810387444671.080001|0606|0606|CNY|-625.860000|0||1|9999|380|50000|6131|IC|||1060607000000277||1001399|||20180702||46_INPUTTER|46_INPUTTER|||1|20180702|50000|3203||6131|
501102|PL.50000.6131.3104..........CN0010607|||184810724044668.110001|0606|0607|CNY|-437.390000|0||1|9999|380|50000|6131|IC|||1060707000000118||1001158|||20180702||47_INPUTTER|47_INPUTTER|||1|20180702|50000|3104||6131|
50010202|PL.51001.21053.3049.MT.02102.UNSECU.00......CN0010608|51001|ACC|184811397744531.010001|0608|0608|CNY|36.540000|1||1|1|450|51001|21053|LD|00|LD1812452177|LD1812452177||1002957||20180702|20180702||49_INPUTTER|49_INPUTTER|||1|20180702|51001|3049|MT|21053|
501103|PL.50000.1101.1002..........CN0010611|||184811975244663.000001|0611|0611|CNY|-0.020000|0||1|9999|380|50000|1101|IC|||1061101000012057||1000417|||20180702||41_INPUTTER|41_INPUTTER|||1|20180702|50000|1002||1101|
500203|PL.51001.21073.2153.ST.04001.UNSECU.00......CN0010611|51001|ACC|184812980344524.040001|0611|0611|CNY|21635.410000|1||1|9999|450|51001|21073|LD|00|LD1808810679|LD1808810679||1001302||20180702|20180702||44_INPUTTER|44_INPUTTER|||1|20180702|51001|2153|ST|21073|
50120205|PL.50001.21033.7000....00......CN0010606|50001|ACC|184430096371278.050001|0606|0606|CNY|-45833.330000|0||1|1|450|50001|21033|MMI|00|MM1812900002;2|MM1812900002||9000032|||20180702||43_INPUTTER|43_INPUTTER|||1|20180702|50001|7000||21033|
50110101|PL.50000.1112.3203..........CN0010613|||184810040244669.030001|0606|0613|CNY|-0.040000|0||1|1|380|50000|1112|IC|||1061302000003935||1002444|||20180702||45_INPUTTER|45_INPUTTER|||1|20180702|50000|3203||1112|
501104|PL.50000.6122.1002..........CN0010606|||184810387444693.020001|0606|0606|CNY|-85.330000|0||1|9999|380|50000|6122|IC|||1060606000000168||1000259|||20180702||46_INPUTTER|46_INPUTTER|||1|20180702|50000|1002||6122|
501102|PL.50000.6131.3201..........CN0010606|||184810724044668.090001|0606|0606|CNY|-14.000000|0||1|1|380|50000|6131|IC|||1060607000003082||1003644|||20180702||47_INPUTTER|47_INPUTTER|||1|20180702|50000|3201||6131|
50120205|PL.50001.21033.7000....00......CN0010606|50001|ACC|184811060744554.020001|0606|0606|CNY|-45833.340000|0||1|1|450|50001|21033|MMI|00|MM1812900002;2|MM1812900002||9000032|||20180702||48_INPUTTER|48_INPUTTER|||1|20180702|50001|7000||21033|
500105|PL.51500.21060.3063.ST.03002..00......CN0010611|51500|ACC|184433041371266.300001|0611|0611|CNY|138.890000|1||1|1|450|51500|21060|LD|00|LD1817141334|LD1817141334||1003314||20180701|20180702||42_INPUTTER|42_INPUTTER|||1|20180702|51500|3063|ST|21060|
500105|PL.51500.21060.3063.ST.03002..00......CN0010611|51500|ACC|184811643444539.010001|0611|0611|CNY|138.890000|1||1|1|450|51500|21060|LD|00|LD1817141334|LD1817141334||1003314||20180702|20180702||36_INPUTTER|36_INPUTTER|||1|20180702|51500|3063|ST|21060|
500105|PL.51500.21060.3063.ST.03002..00......CN0010606|51500|ACC|184431031071266.040001|0606|0606|CNY|1361.110000|1||1|1|450|51500|21060|LD|00|LD1802912324|LD1802912324||1004372||20180701|20180702||34_INPUTTER|34_INPUTTER|||1|20180702|51500|3063|ST|21060|
59010103|PL.51001.21052.3063.ST.02001.SECU.00......CN0010606|51001|ACC|184431367771266.080001|0606|0606|CNY|1111.670000|1||1|9999|450|51001|21052|LD|00|LD1723097806|LD1723097806||1001054||20180701|20180702||35_INPUTTER|35_INPUTTER|||1|20180702|51001|3063|ST|21052|
501104|PL.50000.6122.1002..........CN0010606|||184810387444668.070001|0606|0606|CNY|-266.670000|0||1|9999|380|50000|6122|IC|||1060606000002438||1000547|||20180702||46_INPUTTER|46_INPUTTER|||1|20180702|50000|1002||6122|
501103|PL.50000.1102.1002..........CN0010606|||184811060744661.010001|0606|0606|CNY|-0.020000|0||1|9999|380|50000|1102|IC|||1060601000005656||1000191|||20180702||48_INPUTTER|48_INPUTTER|||1|20180702|50000|1002||1102|
500105|PL.51500.21060.3063.ST.03002..00......CN0010606|51500|ACC|184811397744527.030001|0606|0606|CNY|1361.110000|1||1|1|450|51500|21060|LD|00|LD1802912324|LD1802912324||1004372||20180702|20180702||49_INPUTTER|49_INPUTTER|||1|20180702|51500|3063|ST|21060|
59010103|PL.51001.21052.3063.ST.02001.SECU.00......CN0010606|51001|ACC|184811643444522.040001|0606|0606|CNY|1111.660000|1||1|9999|450|51001|21052|LD|00|LD1723097806|LD1723097806||1001054||20180702|20180702||36_INPUTTER|36_INPUTTER|||1|20180702|51001|3063|ST|21052|
50010203|PL.51001.21056.3204.MT.02401.UNSECU.00......CN0010606|51001|ACC|184431704771266.120001|0606|0606|CNY|103.220000|1||1|1|450|51001|21056|LD|00|LD1729801050|LD1729801050||1002725||20180701|20180702||37_INPUTTER|37_INPUTTER|||1|20180702|51001|3204|MT|21056|
501104|PL.50000.6122.1002..........CN0010606|||184810387444662.010001|0606|0606|CNY|-21.330000|0||1|9999|380|50000|6122|IC|||1060606000000729||1000445|||20180702||46_INPUTTER|46_INPUTTER|||1|20180702|50000|1002||6122|
501104|PL.50000.6122.1002..........CN0010606|||184810387444688.020001|0606|0606|CNY|-2.470000|0||1|9999|380|50000|6122|IC|||1060606000002567||1000578|||20180702||46_INPUTTER|46_INPUTTER|||1|20180702|50000|1002||6122|
50010203|PL.51001.21056.3204.MT.02401.UNSECU.00......CN0010606|51001|ACC|184811975244523.020001|0606|0606|CNY|103.230000|1||1|1|450|51001|21056|LD|00|LD1729801050|LD1729801050||1002725||20180702|20180702||41_INPUTTER|41_INPUTTER|||1|20180702|51001|3204|MT|21056|
50110101|PL.50000.1112.3203..........CN0010608|||184812311944675.080001|0608|0608|CNY|-0.170000|0||1|9999|380|50000|1112|IC|||1060802000001796||1001085|||20180702||42_INPUTTER|42_INPUTTER|||1|20180702|50000|3203||1112|
50110101|PL.50000.1134.3203..........CN0010606|||184812648944686.000001|0606|0606|USD|-0.010000|0|6.616600|1|9999|380|50000|1134|IC|||1060603000002536||1001181|||20180702||43_INPUTTER|43_INPUTTER|||1|20180702|50000|3203||1134|
501102|PL.50000.6131.3203..........CN0010606|||184810724044665.040001|0606|0606|CNY|-214.860000|0||1|9999|380|50000|6131|IC|||1060607000000695||1001343|||20180702||47_INPUTTER|47_INPUTTER|||1|20180702|50000|3203||6131|
50110101|PL.50000.1131.3203..........CN0010606|||184812648944695.000001|0606|0606|USD|-0.860000|0|6.616600|1|1|380|50000|1131|IC|||1060603000004237||1002980|||20180702||43_INPUTTER|43_INPUTTER|||1|20180702|50000|3203||1131|
50010203|PL.51001.21056.3204.MT.02401.UNSECU.00......CN0010606|51001|ACC|184432036271266.060001|0606|0606|CNY|61.930000|1||1|1|450|51001|21056|LD|00|LD1734907783|LD1734907783||1002725||20180701|20180702||38_INPUTTER|38_INPUTTER|||1|20180702|51001|3204|MT|21056|
501103|PL.50000.1102.1002..........CN0010606|||184811397744661.000001|0606|0606|CNY|-0.010000|0||1|9999|380|50000|1102|IC|||1060601000005486||1000409|||20180702||49_INPUTTER|49_INPUTTER|||1|20180702|50000|1002||1102|
50010203|PL.51001.21056.3204.MT.02401.UNSECU.00......CN0010606|51001|ACC|184812311944520.000001|0606|0606|CNY|61.940000|1||1|1|450|51001|21056|LD|00|LD1734907783|LD1734907783||1002725||20180702|20180702||42_INPUTTER|42_INPUTTER|||1|20180702|51001|3204|MT|21056|
59010203|PL.51001.21056.3107.MT.02401.SECU.00......CN0010606|51001|ACC|184431704771265.010001|0606|0606|CNY|9.440000|1||1|1|450|51001|21056|LD|00|LD1625377863|LD1625377863||1002146||20180701|20180702||37_INPUTTER|37_INPUTTER|||1|20180702|51001|3107|MT|21056|
500105|PL.51500.21060.3107.ST.03002..00......CN0010611|51500|ACC|184433041371267.100001|0611|0611|CNY|283.330000|1||1|1|450|51500|21060|LD|00|LD1808136976|LD1808136976||1003089||20180701|20180702||42_INPUTTER|42_INPUTTER|||1|20180702|51500|3107|ST|21060|
59010203|PL.51001.21056.3107.MT.02401.SECU.00......CN0010606|51001|ACC|184811975244520.010001|0606|0606|CNY|9.440000|1||1|1|450|51001|21056|LD|00|LD1625377863|LD1625377863||1002146||20180702|20180702||41_INPUTTER|41_INPUTTER|||1|20180702|51001|3107|MT|21056|
500105|PL.51500.21060.3107.ST.03002..00......CN0010611|51500|ACC|184812311944529.060001|0611|0611|CNY|283.340000|1||1|1|450|51500|21060|LD|00|LD1808136976|LD1808136976||1003089||20180702|20180702||42_INPUTTER|42_INPUTTER|||1|20180702|51500|3107|ST|21060|
59010202|PL.51001.21056.3112.MT.02402.SECU.00......CN0010606|51001|ACC|184430096371266.150001|0606|0606|CNY|261.410000|1||1|9999|450|51001|21056|LD|00|LD1723793470|LD1723793470||1001372||20180701|20180702||43_INPUTTER|43_INPUTTER|||1|20180702|51001|3112|MT|21056|
501102|PL.50000.6131.3049..........CN0010606|||184810387444670.090001|0606|0606|CNY|-58.070000|0||1|1|380|50000|6131|IC|||1060607000002752||1003771|||20180702||46_INPUTTER|46_INPUTTER|||1|20180702|50000|3049||6131|
59010202|PL.51001.21056.3112.MT.02402.SECU.00......CN0010606|51001|ACC|184811643444523.040001|0606|0606|CNY|261.420000|1||1|9999|450|51001|21056|LD|00|LD1723793470|LD1723793470||1001372||20180702|20180702||36_INPUTTER|36_INPUTTER|||1|20180702|51001|3112|MT|21056|
501103|PL.50000.1101.1002..........CN0010611|||184811975244663.050001|0611|0611|CNY|-1.940000|0||1|1|380|50000|1101|IC|||1061101000012963||1004625|||20180702||41_INPUTTER|41_INPUTTER|||1|20180702|50000|1002||1101|
500105|PL.51500.21060.3063.ST.03002..00......CN0010611|51500|ACC|184432372871265.000001|0611|0611|CNY|120.830000|1||1|1|450|51500|21060|LD|00|LD1803096444|LD1803096444||1003314||20180701|20180702||39_INPUTTER|39_INPUTTER|||1|20180702|51500|3063|ST|21060|
50110101|PL.50000.1112.3203..........CN0010606|||184812311944678.040001|0606|0606|CNY|-4.580000|0||1|9999|380|50000|1112|IC|||1060602000003196||1001295|||20180702||42_INPUTTER|42_INPUTTER|||1|20180702|50000|3203||1112|
500105|PL.51500.21060.3063.ST.03002..00......CN0010611|51500|ACC|184812648944525.000001|0611|0611|CNY|120.840000|1||1|1|450|51500|21060|LD|00|LD1803096444|LD1803096444||1003314||20180702|20180702||43_INPUTTER|43_INPUTTER|||1|20180702|51500|3063|ST|21060|
501104|PL.50000.6122.1002..........CN0010606|||184810387444666.030001|0606|0606|CNY|-3.660000|0||1|9999|380|50000|6122|IC|||1060606000002004||1000342|||20180702||46_INPUTTER|46_INPUTTER|||1|20180702|50000|1002||6122|
50110101|PL.50000.1112.3203..........CN0010606|||184812311944672.010001|0606|0606|CNY|-0.010000|0||1|1|380|50000|1112|IC|||1060602000007938||1002179|||20180702||42_INPUTTER|42_INPUTTER|||1|20180702|50000|3203||1112|
50110101|PL.50000.1131.3203..........CN0010606|||184812648944673.010001|0606|0606|USD|-0.410000|0|6.616600|1|9999|380|50000|1131|IC|||1060603000002102||1000942|||20180702||43_INPUTTER|43_INPUTTER|||1|20180702|50000|3203||1131|
50010202|PL.51001.21053.3049.MT.02102.UNSECU.00......CN0010608|51001|ACC|184430433071266.210001|0608|0608|EUR|76.750000|1|7.651500|1|1|450|51001|21053|LD|00|LD1725165638|LD1725165638||1002955||20180701|20180702||44_INPUTTER|44_INPUTTER|||1|20180702|51001|3049|MT|21053|
500105|PL.51500.21060.3063.ST.03002..00......CN0010611|51500|ACC|184432372871266.300001|0611|0611|CNY|84.670000|1||1|1|450|51500|21060|LD|00|LD1807333992|LD1807333992||1003314||20180701|20180702||39_INPUTTER|39_INPUTTER|||1|20180702|51500|3063|ST|21060|
500105|PL.51500.21060.3063.ST.03002..00......CN0010611|51500|ACC|184811397744528.050001|0611|0611|CNY|84.660000|1||1|1|450|51500|21060|LD|00|LD1807333992|LD1807333992||1003314||20180702|20180702||49_INPUTTER|49_INPUTTER|||1|20180702|51500|3063|ST|21060|
501103|PL.50000.1102.1002..........CN0010606|||184811397744661.020001|0606|0606|CNY|-0.190000|0||1|9999|380|50000|1102|IC|||1060601000005834||1000344|||20180702||49_INPUTTER|49_INPUTTER|||1|20180702|50000|1002||1102|
50010202|PL.51001.21053.3049.MT.02102.UNSECU.00......CN0010608|51001|ACC|184811643444523.090001|0608|0608|EUR|76.760000|1|7.651500|1|1|450|51001|21053|LD|00|LD1725165638|LD1725165638||1002955||20180702|20180702||36_INPUTTER|36_INPUTTER|||1|20180702|51001|3049|MT|21053|
50010103|PL.51001.21052.3201.ST.02001.UNSECU.00......CN0010606|51001|ACC|184431367771267.110001|0606|0606|CNY|664.580000|1||1|9999|450|51001|21052|LD|00|LD1814913013|LD1814913013||1000972||20180701|20180702||35_INPUTTER|35_INPUTTER|||1|20180702|51001|3201|ST|21052|
50010103|PL.51001.21052.3201.ST.02001.UNSECU.00......CN0010606|51001|ACC|184810387444532.000001|0606|0606|CNY|664.590000|1||1|9999|450|51001|21052|LD|00|LD1814913013|LD1814913013||1000972||20180702|20180702||46_INPUTTER|46_INPUTTER|||1|20180702|51001|3201|ST|21052|
50110501|PL.50000.6111.3203..........CN0010611|||184810387444673.070001|0611|0611|CNY|-90.000000|0||1|1|380|50000|6111|IC|||1061105000002122||1003630|||20180702||46_INPUTTER|46_INPUTTER|||1|20180702|50000|3203||6111|
501104|PL.50000.6122.1002..........CN0010606|||184810387444664.060001|0606|0606|CNY|-8.000000|0||1|9999|380|50000|6122|IC|||1060606000001784||1000342|||20180702||46_INPUTTER|46_INPUTTER|||1|20180702|50000|1002||6122|
501104|PL.50000.6122.1002..........CN0010606|||184810387444667.060001|0606|0606|CNY|-1.840000|0||1|9999|380|50000|6122|IC|||1060606000002209||1000342|||20180702||46_INPUTTER|46_INPUTTER|||1|20180702|50000|1002||6122|
501103|PL.50000.1101.1002..........CN0010606|||184811060744673.010001|0606|0606|CNY|-0.010000|0||1|9999|380|50000|1101|IC|||1060601000003777||1000607|||20180702||48_INPUTTER|48_INPUTTER|||1|20180702|50000|1002||1101|
59010103|PL.51001.21052.3203.ST.02001.SECU.00......CN0010606|51001|ACC|184431704771266.190001|0606|0606|CNY|11.660000|1||1|9999|450|51001|21052|LD|00|LD1730451939|LD1730451939||1001319||20180701|20180702||37_INPUTTER|37_INPUTTER|||1|20180702|51001|3203|ST|21052|
50010103|PL.51001.21052.3061.ST.02001.UNSECU.00......CN0010606|51001|ACC|184432704671266.090001|0606|0606|CNY|231.390000|1||1|1|450|51001|21052|LD|00|LD1811790886|LD1811790886||1002175||20180701|20180702||40_INPUTTER|40_INPUTTER|||1|20180702|51001|3061|ST|21052|
50010101|PL.51001.21055.3203.ST.02304.UNSECU.00......CN0010606|51001|ACC|184433041371266.200001|0606|0606|USD|110.110000|1|6.616600|1|9999|450|51001|21055|LD|00|LD1816674842|LD1816674842||1001182||20180701|20180702||42_INPUTTER|42_INPUTTER|||1|20180702|51001|3203|ST|21055|
501102|PL.50000.6151.3063..........CN0010606|||184810724044675.030001|0606|0606|USD|-13.960000|0|6.616600|1|9999|380|50000|6151|IC|||1060608000000101||1001150|||20180702||47_INPUTTER|47_INPUTTER|||1|20180702|50000|3063||6151|
50010103|PL.51001.21052.3061.ST.02001.UNSECU.00......CN0010606|51001|ACC|184811060744530.040001|0606|0606|CNY|231.400000|1||1|1|450|51001|21052|LD|00|LD1811790886|LD1811790886||1002175||20180702|20180702||48_INPUTTER|48_INPUTTER|||1|20180702|51001|3061|ST|21052|
50010101|PL.51001.21055.3203.ST.02304.UNSECU.00......CN0010606|51001|ACC|184811643444538.000001|0606|0606|USD|110.120000|1|6.616600|1|9999|450|51001|21055|LD|00|LD1816674842|LD1816674842||1001182||20180702|20180702||36_INPUTTER|36_INPUTTER|||1|20180702|51001|3203|ST|21055|
59010103|PL.51001.21052.3203.ST.02001.SECU.00......CN0010606|51001|ACC|184811975244523.090001|0606|0606|CNY|11.660000|1||1|9999|450|51001|21052|LD|00|LD1730451939|LD1730451939||1001319||20180702|20180702||41_INPUTTER|41_INPUTTER|||1|20180702|51001|3203|ST|21052|
50110101|PL.50000.1112.3204..........CN0010606|||184812311944671.030001|0606|0606|CNY|-1.850000|0||1|1|380|50000|1112|IC|||1060602000007396||1002725|||20180702||42_INPUTTER|42_INPUTTER|||1|20180702|50000|3204||1112|
500203|PL.51001.21073.2157.ST.04001.UNSECU.00......CN0010606|51001|ACC|184431704771266.140001|0606|0606|CNY|11742.390000|1||1|1|450|51001|21073|LD|00|LD1729898083|LD1729898083||1003522||20180701|20180702||37_INPUTTER|37_INPUTTER|||1|20180702|51001|2157|ST|21073|
500203|PL.51001.21073.2157.ST.04001.UNSECU.00......CN0010606|51001|ACC|184811975244523.040001|0606|0606|CNY|11742.390000|1||1|1|450|51001|21073|LD|00|LD1729898083|LD1729898083||1003522||20180702|20180702||41_INPUTTER|41_INPUTTER|||1|20180702|51001|2157|ST|21073|
500105|PL.51500.21060.3063.ST.03002..00......CN0010606|51500|ACC|184431031071266.070001|0606|0606|CNY|1361.110000|1||1|1|450|51500|21060|LD|00|LD1802980815|LD1802980815||1004372||20180701|20180702||34_INPUTTER|34_INPUTTER|||1|20180702|51500|3063|ST|21060|
500105|PL.51500.21060.3063.ST.03002..00......CN0010606|51500|ACC|184811397744528.000001|0606|0606|CNY|1361.110000|1||1|1|450|51500|21060|LD|00|LD1802980815|LD1802980815||1004372||20180702|20180702||49_INPUTTER|49_INPUTTER|||1|20180702|51500|3063|ST|21060|
50110101|PL.50000.1131.3201..........CN0010611|||184811397744670.020001|0611|0611|USD|-0.020000|0|6.616600|1|1|380|50000|1131|IC|||1061103000004378||1003100|||20180702||49_INPUTTER|49_INPUTTER|||1|20180702|50000|3201||1131|
501104|PL.50000.6122.1002..........CN0010606|||184811397744696.010001|0606|0606|CNY|-80.000000|0||1|9999|380|50000|6122|IC|||1060606000000532||1000338|||20180702||49_INPUTTER|49_INPUTTER|||1|20180702|50000|1002||6122|
59010202|PL.51001.21056.3112.MT.02402.SECU.00......CN0010606|51001|ACC|184430433071267.050001|0606|0606|CNY|26736.500000|1||1|9999|450|51001|21056|LD|00|LD1428200099|LD1428200099||1001372||20180701|20180702||44_INPUTTER|44_INPUTTER|||1|20180702|51001|3112|MT|21056|
500105|PL.51500.21060.3063.ST.03002..00......CN0010606|51500|ACC|184432372871266.130001|0606|0606|CNY|2833.330000|1||1|1|450|51500|21060|LD|00|LD1806695940|LD1806695940||1004473||20180701|20180702||39_INPUTTER|39_INPUTTER|||1|20180702|51500|3063|ST|21060|
500105|PL.51500.21060.3063.ST.03002..00......CN0010611|51500|ACC|184432372871266.280001|0611|0611|CNY|245.710000|1||1|1|450|51500|21060|LD|00|LD1807315852|LD1807315852||1003314||20180701|20180702||39_INPUTTER|39_INPUTTER|||1|20180702|51500|3063|ST|21060|
59010202|PL.51001.21056.3112.MT.02402.SECU.00......CN0010606|51001|ACC|184810724044530.020001|0606|0606|CNY|26736.490000|1||1|9999|450|51001|21056|LD|00|LD1428200099|LD1428200099||1001372||20180702|20180702||47_INPUTTER|47_INPUTTER|||1|20180702|51001|3112|MT|21056|
501102|PL.50000.6131.3063..........CN0010609|||184810724044669.010001|0606|0609|CNY|-69.440000|0||1|9999|380|50000|6131|IC|||1060907000002063||1001402|||20180702||47_INPUTTER|47_INPUTTER|||1|20180702|50000|3063||6131|
500105|PL.51500.21060.3063.ST.03002..00......CN0010611|51500|ACC|184811397744528.030001|0611|0611|CNY|245.700000|1||1|1|450|51500|21060|LD|00|LD1807315852|LD1807315852||1003314||20180702|20180702||49_INPUTTER|49_INPUTTER|||1|20180702|51500|3063|ST|21060|
500105|PL.51500.21060.3063.ST.03002..00......CN0010606|51500|ACC|184812311944528.000001|0606|0606|CNY|2833.340000|1||1|1|450|51500|21060|LD|00|LD1806695940|LD1806695940||1004473||20180702|20180702||42_INPUTTER|42_INPUTTER|||1|20180702|51500|3063|ST|21060|
59010202|PL.51001.21053.3107.MT.02104.SECU.00......CN0010606|51001|ACC|184430096371267.040001|0606|0606|CNY|1122.410000|1||1|1|450|51001|21053|LD|00|LD1733510085|LD1733510085||1002713||20180701|20180702||43_INPUTTER|43_INPUTTER|||1|20180702|51001|3107|MT|21053|
59010103|PL.51001.21052.3203.ST.02001.SECU.00......CN0010606|51001|ACC|184431367771267.070001|0606|0606|CNY|17.920000|1||1|9999|450|51001|21052|LD|00|LD1814277569|LD1814277569||1001319||20180701|20180702||35_INPUTTER|35_INPUTTER|||1|20180702|51001|3203|ST|21052|
59010203|PL.51001.21056.3203.MT.02401.SECU.00......CN0010606|51001|ACC|184432704671265.160001|0606|0606|CNY|8708.330000|1||1|1|450|51001|21056|LD|00|LD1810002125|LD1810002125||1003777||20180701|20180702||40_INPUTTER|40_INPUTTER|||1|20180702|51001|3203|MT|21056|
59010103|PL.51001.21052.3203.ST.02001.SECU.00......CN0010606|51001|ACC|184810387444529.020001|0606|0606|CNY|17.920000|1||1|9999|450|51001|21052|LD|00|LD1814277569|LD1814277569||1001319||20180702|20180702||46_INPUTTER|46_INPUTTER|||1|20180702|51001|3203|ST|21052|
501104|PL.50000.6122.1002..........CN0010606|||184810387444663.060001|0606|0606|CNY|-85.330000|0||1|9999|380|50000|6122|IC|||1060606000001407||1000259|||20180702||46_INPUTTER|46_INPUTTER|||1|20180702|50000|1002||6122|
59010202|PL.51001.21053.3107.MT.02104.SECU.00......CN0010606|51001|ACC|184810724044528.060001|0606|0606|CNY|1122.420000|1||1|1|450|51001|21053|LD|00|LD1733510085|LD1733510085||1002713||20180702|20180702||47_INPUTTER|47_INPUTTER|||1|20180702|51001|3107|MT|21053|
59010203|PL.51001.21056.3203.MT.02401.SECU.00......CN0010606|51001|ACC|184812980344526.010001|0606|0606|CNY|8708.340000|1||1|1|450|51001|21056|LD|00|LD1810002125|LD1810002125||1003777||20180702|20180702||44_INPUTTER|44_INPUTTER|||1|20180702|51001|3203|MT|21056|
501103|PL.50000.1101.1002..........CN0010606|||184812980344662.000001|0606|0606|USD|-0.010000|0|6.616600|1|9999|380|50000|1101|IC|||1060601000010315||1000284|||20180702||44_INPUTTER|44_INPUTTER|||1|20180702|50000|1002||1101|
501104|PL.50000.6121.1002..........CN0010606|||184810387444690.070001|0606|0606|CNY|-13.890000|0||1|9999|380|50000|6121|IC|||1060606000002837||1000181|||20180702||46_INPUTTER|46_INPUTTER|||1|20180702|50000|1002||6121|
501103|PL.50000.1101.1002..........CN0010606|||184811975244683.000001|0606|0606|USD|-0.010000|0|6.616600|1|9999|380|50000|1101|IC|||1060601000000581||1000228|||20180702||41_INPUTTER|41_INPUTTER|||1|20180702|50000|1002||1101|
59010103|PL.51001.21052.3064.ST.02001.SECU.00......CN0010606|51001|ACC|184433041371265.110001|0606|0606|CNY|1063.330000|1||1|9999|450|51001|21052|LD|00|LD1815242069|LD1815242069||1001004||20180701|20180702||42_INPUTTER|42_INPUTTER|||1|20180702|51001|3064|ST|21052|
59010103|PL.51001.21052.3064.ST.02001.SECU.00......CN0010606|51001|ACC|184810040244521.080001|0606|0606|CNY|1063.340000|1||1|9999|450|51001|21052|LD|00|LD1815242069|LD1815242069||1001004||20180702|20180702||45_INPUTTER|45_INPUTTER|||1|20180702|51001|3064|ST|21052|
50110101|PL.50000.1112.3109..........CN0010609|||184810040244664.060001|0606|0609|CNY|-0.390000|0||1|1|380|50000|1112|IC|||1060902000005238||1003080|||20180702||45_INPUTTER|45_INPUTTER|||1|20180702|50000|3109||1112|
50110101|PL.50000.1112.3107..........CN0010606|||184811060744675.080001|0606|0606|CNY|-2.190000|0||1|9999|380|50000|1112|IC|||1060602000002882||1001230|||20180702||48_INPUTTER|48_INPUTTER|||1|20180702|50000|3107||1112|
500105|PL.51500.21060.3063.ST.03002..00......CN0010611|51500|ACC|184431031071266.090001|0611|0611|CNY|111.010000|1||1|1|450|51500|21060|LD|00|LD1803027916|LD1803027916||1003314||20180701|20180702||34_INPUTTER|34_INPUTTER|||1|20180702|51500|3063|ST|21060|
59010202|PL.51001.21053.3201.MT.02102.SECU.00......CN0010606|51001|ACC|184431367771267.060001|0606|0606|CNY|91.740000|1||1|1|450|51001|21053|LD|00|LD1814208560|LD1814208560||1003644||20180701|20180702||35_INPUTTER|35_INPUTTER|||1|20180702|51001|3201|MT|21053|
50010101|PL.51001.21055.3204.ST.02304.UNSECU.00......CN0010606|51001|ACC|184432704671265.230001|0606|0606|USD|177.270000|1|6.616600|1|9999|450|51001|21055|LD|00|LD1810688552|LD1810688552||1001044||20180701|20180702||40_INPUTTER|40_INPUTTER|||1|20180702|51001|3204|ST|21055|
59010202|PL.51001.21053.3201.MT.02102.SECU.00......CN0010606|51001|ACC|184810387444529.010001|0606|0606|CNY|91.750000|1||1|1|450|51001|21053|LD|00|LD1814208560|LD1814208560||1003644||20180702|20180702||46_INPUTTER|46_INPUTTER|||1|20180702|51001|3201|MT|21053|
500105|PL.51500.21060.3063.ST.03002..00......CN0010611|51500|ACC|184810724044529.010001|0611|0611|CNY|111.000000|1||1|1|450|51500|21060|LD|00|LD1803027916|LD1803027916||1003314||20180702|20180702||47_INPUTTER|47_INPUTTER|||1|20180702|51500|3063|ST|21060|
50010101|PL.51001.21055.3204.ST.02304.UNSECU.00......CN0010606|51001|ACC|184812980344536.020001|0606|0606|USD|177.260000|1|6.616600|1|9999|450|51001|21055|LD|00|LD1810688552|LD1810688552||1001044||20180702|20180702||44_INPUTTER|44_INPUTTER|||1|20180702|51001|3204|ST|21055|
50110101|PL.50000.1112.3203..........CN0010609|||184810040244664.080001|0606|0609|CNY|-1.620000|0||1|1|380|50000|1112|IC|||1060902000005486||1003364|||20180702||45_INPUTTER|45_INPUTTER|||1|20180702|50000|3203||1112|
501103|PL.50000.1101.1002..........CN0010606|||184810387444659.000001|0606|0606|CNY|-0.010000|0||1|9999|380|50000|1101|IC|||1060601000004269||1000249|||20180702||46_INPUTTER|46_INPUTTER|||1|20180702|50000|1002||1101|
50120701|PL.50001.21032.7001....00......CN0010611|50001|ACC|184430096371278.030001|0611|0611|CNY|-2218.330000|0||1|1|450|50001|21032|MMI|00|MM1812300003;2|MM1812300003||9999999|||20180702||43_INPUTTER|43_INPUTTER|||1|20180702|50001|7001||21032|
50120701|PL.50001.21032.7001....00......CN0010611|50001|ACC|184811060744554.010001|0611|0611|CNY|-2218.340000|0||1|1|450|50001|21032|MMI|00|MM1812300003;2|MM1812300003||9999999|||20180702||48_INPUTTER|48_INPUTTER|||1|20180702|50001|7001||21032|
50110101|PL.50000.1112.3203..........CN0010606|||184811397744668.020001|0606|0606|CNY|-11.970000|0||1|9999|380|50000|1112|IC|||1060602000002448||1000943|||20180702||49_INPUTTER|49_INPUTTER|||1|20180702|50000|3203||1112|
50010202|PL.51001.21056.3064.MT.02402.UNSECU.00......CN0010606|51001|ACC|184430096371265.070001|0606|0606|CNY|397.860000|1||1|1|450|51001|21056|LD|00|LD1817220399|LD1817220399||1003057||20180701|20180702||43_INPUTTER|43_INPUTTER|||1|20180702|51001|3064|MT|21056|
50010202|PL.51001.21056.3064.MT.02402.UNSECU.00......CN0010606|51001|ACC|184810387444526.040001|0606|0606|CNY|397.870000|1||1|1|450|51001|21056|LD|00|LD1817220399|LD1817220399||1003057||20180702|20180702||46_INPUTTER|46_INPUTTER|||1|20180702|51001|3064|MT|21056|
50010202|PL.51001.21053.3049.MT.02102.UNSECU.00......CN0010608|51001|ACC|184432372871266.010001|0608|0608|USD|4.910000|1|6.616600|1|1|450|51001|21053|LD|00|LD1805866478|LD1805866478||1002957||20180701|20180702||39_INPUTTER|39_INPUTTER|||1|20180702|51001|3049|MT|21053|
500105|PL.51500.21060.3107.ST.03002..00......CN0010611|51500|ACC|184433041371267.120001|0611|0611|CNY|141.670000|1||1|1|450|51500|21060|LD|00|LD1808150258|LD1808150258||1003089||20180701|20180702||42_INPUTTER|42_INPUTTER|||1|20180702|51500|3107|ST|21060|
50010202|PL.51001.21053.3049.MT.02102.UNSECU.00......CN0010608|51001|ACC|184812311944526.040001|0608|0608|USD|4.900000|1|6.616600|1|1|450|51001|21053|LD|00|LD1805866478|LD1805866478||1002957||20180702|20180702||42_INPUTTER|42_INPUTTER|||1|20180702|51001|3049|MT|21053|
500105|PL.51500.21060.3107.ST.03002..00......CN0010611|51500|ACC|184812311944529.080001|0611|0611|CNY|141.660000|1||1|1|450|51500|21060|LD|00|LD1808150258|LD1808150258||1003089||20180702|20180702||42_INPUTTER|42_INPUTTER|||1|20180702|51500|3107|ST|21060|
50110101|PL.50000.1112.3203..........CN0010607|||184812311944673.080001|0606|0607|CNY|-0.710000|0||1|9999|380|50000|1112|IC|||1060702000003212||1001218|||20180702||42_INPUTTER|42_INPUTTER|||1|20180702|50000|3203||1112|
501102|PL.50000.6131.3109..........CN0010609|||184810724044668.000001|0606|0609|CNY|-50.000000|0||1|9999|380|50000|6131|IC|||1060907000000214||1000995|||20180702||47_INPUTTER|47_INPUTTER|||1|20180702|50000|3109||6131|
920306|PL.53000.20000.....00......CN0010688|||184810724044856.000002|0688|0688|USD|-1.190000|0|6.361300|1|1|302|53000|20000|RV|00||USDCNY1401600010688||0|||20180702||47_INPUTTER|47_INPUTTER|||1|20180702|53000|||20000|
920306|PL.53000.20000.....00......CN0010688|||184810724044860.000002|0688|0688|USD|1.190000|1|6.361300|1|1|302|53000|20000|RV|00||USDCNY1401600010688||0|||20180702||47_INPUTTER|47_INPUTTER|||1|20180702|53000|||20000|
500105|PL.51500.21060.3063.ST.03002..00......CN0010606|51500|ACC|184432704671266.220001|0606|0606|CNY|1442.220000|1||1|9999|450|51500|21060|LD|00|LD1812960572|LD1812960572||1001265||20180701|20180702||40_INPUTTER|40_INPUTTER|||1|20180702|51500|3063|ST|21060|
500105|PL.51500.21060.3063.ST.03002..00......CN0010606|51500|ACC|184812311944530.010001|0606|0606|CNY|1442.220000|1||1|9999|450|51500|21060|LD|00|LD1812960572|LD1812960572||1001265||20180702|20180702||42_INPUTTER|42_INPUTTER|||1|20180702|51500|3063|ST|21060|
50110101|PL.50000.1112.3050..........CN0010607|||184812311944674.100001|0606|0607|CNY|-5.220000|0||1|1|380|50000|1112|IC|||1060702000006882||1003917|||20180702||42_INPUTTER|42_INPUTTER|||1|20180702|50000|3050||1112|
500210|PL.51000.5050.7001..........CN0010611|||184812980344680.000001|0611|0611|CNY|4521.910000|1||1|1|390|51000|5050|IC|||1061100100000168||9999999|||20180702||44_INPUTTER|44_INPUTTER|||1|20180702|51000|7001||5050|
50010202|PL.51001.21053.3049.MT.02102.UNSECU.00......CN0010608|51001|ACC|184430433071266.120001|0608|0608|USD|15.680000|1|6.616600|1|1|450|51001|21053|LD|00|LD1715321189|LD1715321189||1002955||20180701|20180702||44_INPUTTER|44_INPUTTER|||1|20180702|51001|3049|MT|21053|
50010202|PL.51001.21053.3049.MT.02102.UNSECU.00......CN0010608|51001|ACC|184810724044527.000001|0608|0608|USD|15.670000|1|6.616600|1|1|450|51001|21053|LD|00|LD1715321189|LD1715321189||1002955||20180702|20180702||47_INPUTTER|47_INPUTTER|||1|20180702|51001|3049|MT|21053|
501103|PL.50000.1101.1002..........CN0010606|||184811643444661.010001|0606|0606|CNY|-0.120000|0||1|1|380|50000|1101|IC|||1060601000012776||1003749|||20180702||36_INPUTTER|36_INPUTTER|||1|20180702|50000|1002||1101|
59010203|PL.51001.21056.3204.MT.02401.SECU.00......CN0010606|51001|ACC|184430769771266.000001|0606|0606|CNY|123.870000|1||1|1|450|51001|21056|LD|00|LD1716010455|LD1716010455||1002725||20180701|20180702||45_INPUTTER|45_INPUTTER|||1|20180702|51001|3204|MT|21056|
50110101|PL.50000.1113.3107..........CN0010606|||184811060744679.020001|0606|0606|CNY|-5.770000|0||1|1|380|50000|1113|IC|||1060602000004125||1002269|||20180702||48_INPUTTER|48_INPUTTER|||1|20180702|50000|3107||1113|
59010203|PL.51001.21056.3204.MT.02401.SECU.00......CN0010606|51001|ACC|184812311944522.000001|0606|0606|CNY|123.870000|1||1|1|450|51001|21056|LD|00|LD1716010455|LD1716010455||1002725||20180702|20180702||42_INPUTTER|42_INPUTTER|||1|20180702|51001|3204|MT|21056|
50110101|PL.50000.1112.3203..........CN0010606|||184812980344679.050001|0606|0606|CNY|-0.080000|0||1|9999|380|50000|1112|IC|||1060602000000235||1000317|||20180702||44_INPUTTER|44_INPUTTER|||1|20180702|50000|3203||1112|
50110101|PL.50000.1112.3049..........CN0010606|||184811060744676.050001|0606|0606|CNY|-29.150000|0||1|1|380|50000|1112|IC|||1060602000005911||1003771|||20180702||48_INPUTTER|48_INPUTTER|||1|20180702|50000|3049||1112|
50110101|PL.50000.1134.3107..........CN0010606|||184812648944681.010001|0606|0606|USD|-0.010000|0|6.616600|1|9999|380|50000|1134|IC|||1060603000002374||1001039|||20180702||43_INPUTTER|43_INPUTTER|||1|20180702|50000|3107||1134|
50110101|PL.50000.1112.3049..........CN0010606|||184812311944671.090001|0606|0606|CNY|-0.060000|0||1|1|380|50000|1112|IC|||1060602000007698||1002169|||20180702||42_INPUTTER|42_INPUTTER|||1|20180702|50000|3049||1112|
50110101|PL.50000.1112.3204..........CN0010606|||184812980344679.010001|0606|0606|CNY|-0.700000|0||1|9999|380|50000|1112|IC|||1060602000000774||1000004|||20180702||44_INPUTTER|44_INPUTTER|||1|20180702|50000|3204||1112|
50110101|PL.50000.1112.3049..........CN0010611|||184810040244667.080001|0611|0611|CNY|-0.020000|0||1|1|380|50000|1112|IC|||1061102000005963||1003731|||20180702||45_INPUTTER|45_INPUTTER|||1|20180702|50000|3049||1112|
50010202|PL.51001.21053.3109.MT.02104.UNSECU.00......CN0010606|51001|ACC|184431704771266.080001|0606|0606|CNY|773.280000|1||1|1|450|51001|21053|LD|00|LD1728984589|LD1728984589||1003509||20180701|20180702||37_INPUTTER|37_INPUTTER|||1|20180702|51001|3109|MT|21053|
501104|PL.50000.6122.1002..........CN0010606|||184810387444674.010001|0606|0606|CNY|-0.980000|0||1|9999|380|50000|6122|IC|||1060606000002357||1000417|||20180702||46_INPUTTER|46_INPUTTER|||1|20180702|50000|1002||6122|
501102|PL.50000.6131.3049..........CN0010606|||184810724044668.100001|0606|0606|CNY|-1400.000000|0||1|9999|380|50000|6131|IC|||1060607000003279||1001112|||20180702||47_INPUTTER|47_INPUTTER|||1|20180702|50000|3049||6131|
50010202|PL.51001.21053.3109.MT.02104.UNSECU.00......CN0010606|51001|ACC|184811975244522.070001|0606|0606|CNY|773.280000|1||1|1|450|51001|21053|LD|00|LD1728984589|LD1728984589||1003509||20180702|20180702||41_INPUTTER|41_INPUTTER|||1|20180702|51001|3109|MT|21053|
501104|PL.50000.6122.1002..........CN0010606|||184810387444664.040001|0606|0606|CNY|-21.330000|0||1|9999|380|50000|6122|IC|||1060606000001741||1000259|||20180702||46_INPUTTER|46_INPUTTER|||1|20180702|50000|1002||6122|
501102|PL.50000.6131.3107..........CN0010606|||184810387444671.050001|0606|0606|CNY|-321.750000|0||1|9999|380|50000|6131|IC|||1060607000003112||1001056|||20180702||46_INPUTTER|46_INPUTTER|||1|20180702|50000|3107||6131|
50110101|PL.50000.1112.3063..........CN0010606|||184811060744670.050001|0606|0606|CNY|-1.660000|0||1|1|380|50000|1112|IC|||1060602000004532||1002675|||20180702||48_INPUTTER|48_INPUTTER|||1|20180702|50000|3063||1112|
50010103|PL.51001.21056.3107.ST.02401.UNSECU.00......CN0010606|51001|ACC|184430096371267.010001|0606|0606|CNY|3121.890000|1||1|1|450|51001|21056|LD|00|LD1733400449|LD1733400449||1002146||20180701|20180702||43_INPUTTER|43_INPUTTER|||1|20180702|51001|3107|ST|21056|
50010103|PL.51001.21056.3107.ST.02401.UNSECU.00......CN0010606|51001|ACC|184810724044528.030001|0606|0606|CNY|3121.900000|1||1|1|450|51001|21056|LD|00|LD1733400449|LD1733400449||1002146||20180702|20180702||47_INPUTTER|47_INPUTTER|||1|20180702|51001|3107|ST|21056|
50010203|PL.51001.21056.3203.MT.02401.UNSECU.00......CN0010606|51001|ACC|184430096371266.070001|0606|0606|CNY|491.360000|1||1|1|450|51001|21056|LD|00|LD1713230507|LD1713230507||1002879||20180701|20180702||43_INPUTTER|43_INPUTTER|||1|20180702|51001|3203|MT|21056|
50010202|PL.51001.21053.3201.MT.02102.UNSECU.00......CN0010608|51001|ACC|184432704671265.290001|0608|0608|CNY|626.960000|1||1|1|450|51001|21053|LD|00|LD1811365724|LD1811365724||1003785||20180701|20180702||40_INPUTTER|40_INPUTTER|||1|20180702|51001|3201|MT|21053|
50010203|PL.51001.21056.3203.MT.02401.UNSECU.00......CN0010606|51001|ACC|184810387444528.010001|0606|0606|CNY|491.360000|1||1|1|450|51001|21056|LD|00|LD1713230507|LD1713230507||1002879||20180702|20180702||46_INPUTTER|46_INPUTTER|||1|20180702|51001|3203|MT|21056|
50010202|PL.51001.21053.3201.MT.02102.UNSECU.00......CN0010608|51001|ACC|184811397744528.120001|0608|0608|CNY|626.950000|1||1|1|450|51001|21053|LD|00|LD1811365724|LD1811365724||1003785||20180702|20180702||49_INPUTTER|49_INPUTTER|||1|20180702|51001|3201|MT|21053|
50110101|PL.50000.1131.3049..........CN0010607|||184811643444669.010001|0606|0607|USD|-0.010000|0|6.616600|1|1|380|50000|1131|IC|||1060703000005661||1004087|||20180702||36_INPUTTER|36_INPUTTER|||1|20180702|50000|3049||1131|
501103|PL.50000.1102.1002..........CN0010606|||184810724044662.040001|0606|0606|CNY|-0.010000|0||1|9999|380|50000|1102|IC|||1060601000009236||1000674|||20180702||47_INPUTTER|47_INPUTTER|||1|20180702|50000|1002||1102|
50110101|PL.50000.1112.3201..........CN0010606|||184811060744679.000001|0606|0606|CNY|-0.010000|0||1|9999|380|50000|1112|IC|||1060602000003064||1000042|||20180702||48_INPUTTER|48_INPUTTER|||1|20180702|50000|3201||1112|
50110101|PL.50000.1112.3104..........CN0010607|||184812311944673.010001|0606|0607|CNY|-0.170000|0||1|9999|380|50000|1112|IC|||1060702000001406||1001158|||20180702||42_INPUTTER|42_INPUTTER|||1|20180702|50000|3104||1112|
501104|PL.50000.6121.1002..........CN0010606|||184810387444663.070001|0606|0606|CNY|-128.000000|0||1|9999|380|50000|6121|IC|||1060606000001423||1000259|||20180702||46_INPUTTER|46_INPUTTER|||1|20180702|50000|1002||6121|
501104|PL.50000.6121.1002..........CN0010606|||184810387444691.080001|0606|0606|CNY|-8.330000|0||1|9999|380|50000|6121|IC|||1060606000000947||1000137|||20180702||46_INPUTTER|46_INPUTTER|||1|20180702|50000|1002||6121|
501103|PL.50000.1101.1002..........CN0010606|||184811060744665.000001|0606|0606|USD|-0.010000|0|6.616600|1|9999|380|50000|1101|IC|||1060601000000638||1000135|||20180702||48_INPUTTER|48_INPUTTER|||1|20180702|50000|1002||1101|
501104|PL.50000.6122.1002..........CN0010606|||184810387444696.000001|0606|0606|CNY|-21.330000|0||1|9999|380|50000|6122|IC|||1060606000000591||1000438|||20180702||46_INPUTTER|46_INPUTTER|||1|20180702|50000|1002||6122|
501102|PL.50000.6131.3107..........CN0010607|||184810724044667.100001|0606|0607|CNY|-1166.670000|0||1|1|380|50000|6131|IC|||1060707000001971||1003292|||20180702||47_INPUTTER|47_INPUTTER|||1|20180702|50000|3107||6131|
50010203|PL.51001.21056.3204.MT.02401.UNSECU.00......CN0010606|51001|ACC|184431367771266.130001|0606|0606|CNY|103.220000|1||1|1|450|51001|21056|LD|00|LD1725880966|LD1725880966||1002725||20180701|20180702||35_INPUTTER|35_INPUTTER|||1|20180702|51001|3204|MT|21056|
50010203|PL.51001.21056.3204.MT.02401.UNSECU.00......CN0010606|51001|ACC|184811643444524.030001|0606|0606|CNY|103.230000|1||1|1|450|51001|21056|LD|00|LD1725880966|LD1725880966||1002725||20180702|20180702||36_INPUTTER|36_INPUTTER|||1|20180702|51001|3204|MT|21056|
501104|PL.50000.6121.1002..........CN0010606|||184810387444691.110001|0606|0606|CNY|-5.010000|0||1|9999|380|50000|6121|IC|||1060606000001393||1000368|||20180702||46_INPUTTER|46_INPUTTER|||1|20180702|50000|1002||6121|
501103|PL.50000.1102.1002..........CN0010606|||184810724044662.030001|0606|0606|CNY|-0.010000|0||1|9999|380|50000|1102|IC|||1060601000006032||1000253|||20180702||47_INPUTTER|47_INPUTTER|||1|20180702|50000|1002||1102|
501103|PL.50000.1102.1002..........CN0010606|||184811060744660.020001|0606|0606|CNY|-0.020000|0||1|9999|380|50000|1102|IC|||1060601000005192||1000319|||20180702||48_INPUTTER|48_INPUTTER|||1|20180702|50000|1002||1102|
501103|PL.50000.1101.1002..........CN0010606|||184812980344659.010001|0606|0606|CNY|-0.060000|0||1|9999|380|50000|1101|IC|||1060601000004129||1000137|||20180702||44_INPUTTER|44_INPUTTER|||1|20180702|50000|1002||1101|
501104|PL.50000.6121.1002..........CN0010606|||184810387444691.100001|0606|0606|CNY|-28.330000|0||1|9999|380|50000|6121|IC|||1060606000001202||1000301|||20180702||46_INPUTTER|46_INPUTTER|||1|20180702|50000|1002||6121|
59010202|PL.51001.21053.3203.MT.02199.SECU.00......CN0010606|51001|ACC|184431367771266.140001|0606|0606|CNY|11751.340000|1||1|1|450|51001|21053|LD|00|LD1725881465|LD1725881465||1003676||20180701|20180702||35_INPUTTER|35_INPUTTER|||1|20180702|51001|3203|MT|21053|
59010202|PL.51001.21053.3107.MT.02104.SECU.00......CN0010606|51001|ACC|184432372871265.060001|0606|0606|CNY|231.540000|1||1|1|450|51001|21053|LD|00|LD1803867169|LD1803867169||1002713||20180701|20180702||39_INPUTTER|39_INPUTTER|||1|20180702|51001|3107|MT|21053|
59010202|PL.51001.21053.3203.MT.02199.SECU.00......CN0010606|51001|ACC|184811643444524.040001|0606|0606|CNY|11751.340000|1||1|1|450|51001|21053|LD|00|LD1725881465|LD1725881465||1003676||20180702|20180702||36_INPUTTER|36_INPUTTER|||1|20180702|51001|3203|MT|21053|
59010202|PL.51001.21053.3107.MT.02104.SECU.00......CN0010606|51001|ACC|184811975244525.100001|0606|0606|CNY|231.530000|1||1|1|450|51001|21053|LD|00|LD1803867169|LD1803867169||1002713||20180702|20180702||41_INPUTTER|41_INPUTTER|||1|20180702|51001|3107|MT|21053|
501104|PL.50000.6122.1002..........CN0010606|||184810387444694.070001|0606|0606|CNY|-21.330000|0||1|9999|380|50000|6122|IC|||1060606000000389||1000413|||20180702||46_INPUTTER|46_INPUTTER|||1|20180702|50000|1002||6122|
501103|PL.50000.1101.1002..........CN0010606|||184811060744672.030001|0606|0606|CNY|-11.530000|0||1|9999|380|50000|1101|IC|||1060601000003599||1000241|||20180702||48_INPUTTER|48_INPUTTER|||1|20180702|50000|1002||1101|
50110101|PL.50000.1112.3109..........CN0010606|||184811643444677.000001|0606|0606|CNY|-231.800000|0||1|9999|380|50000|1112|IC|||1060602000000251||1001317|||20180702||36_INPUTTER|36_INPUTTER|||1|20180702|50000|3109||1112|
501102|PL.50000.6131.3203..........CN0010609|||184810724044668.040001|0606|0609|CNY|-436.330000|0||1|1|380|50000|6131|IC|||1060907000002861||1004265|||20180702||47_INPUTTER|47_INPUTTER|||1|20180702|50000|3203||6131|
50110101|PL.50000.1131.3063..........CN0010609|||184811643444674.030001|0606|0609|USD|-0.030000|0|6.616600|1|9999|380|50000|1131|IC|||1060903000001592||1001265|||20180702||36_INPUTTER|36_INPUTTER|||1|20180702|50000|3063||1131|
50110101|PL.50000.1112.3203..........CN0010609|||184812311944677.050001|0606|0609|CNY|-0.120000|0||1|9999|380|50000|1112|IC|||1060902000001952||1001311|||20180702||42_INPUTTER|42_INPUTTER|||1|20180702|50000|3203||1112|
501104|PL.50000.6122.1002..........CN0010606|||184810387444667.020001|0606|0606|CNY|-5.340000|0||1|9999|380|50000|6122|IC|||1060606000002128||1000470|||20180702||46_INPUTTER|46_INPUTTER|||1|20180702|50000|1002||6122|
501104|PL.50000.6122.1002..........CN0010606|||184810387444668.030001|0606|0606|CNY|-3.670000|0||1|9999|380|50000|6122|IC|||1060606000002314||1000342|||20180702||46_INPUTTER|46_INPUTTER|||1|20180702|50000|1002||6122|
501103|PL.50000.1101.1002..........CN0010606|||184812980344667.000001|0606|0606|USD|-0.010000|0|6.616600|1|9999|380|50000|1101|IC|||1060601000010811||1000142|||20180702||44_INPUTTER|44_INPUTTER|||1|20180702|50000|1002||1101|
50010202|PL.51001.21053.3064.MT.02102.UNSECU.00......CN0010606|51001|ACC|184430433071267.070001|0606|0606|USD|74.880000|1|6.616600|1|9999|450|51001|21053|LD|00|LD1428200017|LD1428200017||1000949||20180701|20180702||44_INPUTTER|44_INPUTTER|||1|20180702|51001|3064|MT|21053|
50010103|PL.51001.21052.3203.ST.02001.UNSECU.00......CN0010606|51001|ACC|184431367771266.030001|0606|0606|CNY|1004.740000|1||1|9999|450|51001|21052|LD|00|LD1719998100|LD1719998100||1001210||20180701|20180702||35_INPUTTER|35_INPUTTER|||1|20180702|51001|3203|ST|21052|
50010103|PL.51001.21052.3064.ST.02001.UNSECU.00......CN0010606|51001|ACC|184432036271266.070001|0606|0606|CNY|27791.670000|1||1|9999|450|51001|21052|LD|00|LD1734999663|LD1734999663||1001019||20180701|20180702||38_INPUTTER|38_INPUTTER|||1|20180702|51001|3064|ST|21052|
501104|PL.50000.6122.1002..........CN0010606|||184810387444667.030001|0606|0606|CNY|-18.240000|0||1|9999|380|50000|6122|IC|||1060606000002179||1000470|||20180702||46_INPUTTER|46_INPUTTER|||1|20180702|50000|1002||6122|
50010202|PL.51001.21053.3064.MT.02102.UNSECU.00......CN0010606|51001|ACC|184810724044531.000001|0606|0606|USD|74.870000|1|6.616600|1|9999|450|51001|21053|LD|00|LD1428200017|LD1428200017||1000949||20180702|20180702||47_INPUTTER|47_INPUTTER|||1|20180702|51001|3064|MT|21053|
50110501|PL.50000.6111.3203..........CN0010606|||184811397744678.020001|0606|0606|CNY|-225.000000|0||1|1|380|50000|6111|IC|||1060605000000668||1002705|||20180702||49_INPUTTER|49_INPUTTER|||1|20180702|50000|3203||6111|
50010103|PL.51001.21052.3203.ST.02001.UNSECU.00......CN0010606|51001|ACC|184811643444521.030001|0606|0606|CNY|1004.740000|1||1|9999|450|51001|21052|LD|00|LD1719998100|LD1719998100||1001210||20180702|20180702||36_INPUTTER|36_INPUTTER|||1|20180702|51001|3203|ST|21052|
50010103|PL.51001.21052.3064.ST.02001.UNSECU.00......CN0010606|51001|ACC|184812311944520.010001|0606|0606|CNY|27791.660000|1||1|9999|450|51001|21052|LD|00|LD1734999663|LD1734999663||1001019||20180702|20180702||42_INPUTTER|42_INPUTTER|||1|20180702|51001|3064|ST|21052|
59010203|PL.51001.21056.3204.MT.02401.SECU.00......CN0010606|51001|ACC|184430433071265.140001|0606|0606|CNY|185.800000|1||1|1|450|51001|21056|LD|00|LD1701344060|LD1701344060||1002725||20180701|20180702||44_INPUTTER|44_INPUTTER|||1|20180702|51001|3204|MT|21056|
50010103|PL.51001.21052.3201.ST.02001.UNSECU.00......CN0010606|51001|ACC|184431704771266.030001|0606|0606|CNY|694.790000|1||1|9999|450|51001|21052|LD|00|LD1728316134|LD1728316134||1000972||20180701|20180702||37_INPUTTER|37_INPUTTER|||1|20180702|51001|3201|ST|21052|
59010203|PL.51001.21056.3204.MT.02401.SECU.00......CN0010606|51001|ACC|184811060744525.020001|0606|0606|CNY|185.810000|1||1|1|450|51001|21056|LD|00|LD1701344060|LD1701344060||1002725||20180702|20180702||48_INPUTTER|48_INPUTTER|||1|20180702|51001|3204|MT|21056|
50010103|PL.51001.21052.3201.ST.02001.UNSECU.00......CN0010606|51001|ACC|184811975244522.020001|0606|0606|CNY|694.790000|1||1|9999|450|51001|21052|LD|00|LD1728316134|LD1728316134||1000972||20180702|20180702||41_INPUTTER|41_INPUTTER|||1|20180702|51001|3201|ST|21052|
59010103|PL.51001.21052.3063.ST.02001.SECU.00......CN0010606|51001|ACC|184431704771266.070001|0606|0606|CNY|555.830000|1||1|9999|450|51001|21052|LD|00|LD1728699084|LD1728699084||1001054||20180701|20180702||37_INPUTTER|37_INPUTTER|||1|20180702|51001|3063|ST|21052|
50010103|PL.51001.21052.3049.ST.02001.UNSECU.00......CN0010606|51001|ACC|184432372871266.190001|0606|0606|CNY|332.880000|1||1|1|450|51001|21052|LD|00|LD1807230860|LD1807230860||1003771||20180701|20180702||39_INPUTTER|39_INPUTTER|||1|20180702|51001|3049|ST|21052|
50110101|PL.50000.1112.3201..........CN0010606|||184811060744672.020001|0606|0606|CNY|-0.080000|0||1|1|380|50000|1112|IC|||1060602000006543||1002165|||20180702||48_INPUTTER|48_INPUTTER|||1|20180702|50000|3201||1112|
59010103|PL.51001.21052.3063.ST.02001.SECU.00......CN0010606|51001|ACC|184811975244522.060001|0606|0606|CNY|555.840000|1||1|9999|450|51001|21052|LD|00|LD1728699084|LD1728699084||1001054||20180702|20180702||41_INPUTTER|41_INPUTTER|||1|20180702|51001|3063|ST|21052|
50010103|PL.51001.21052.3049.ST.02001.UNSECU.00......CN0010606|51001|ACC|184812311944528.060001|0606|0606|CNY|332.890000|1||1|1|450|51001|21052|LD|00|LD1807230860|LD1807230860||1003771||20180702|20180702||42_INPUTTER|42_INPUTTER|||1|20180702|51001|3049|ST|21052|
59010103|PL.51001.21052.3203.ST.02001.SECU.00......CN0010606|51001|ACC|184432704671265.110001|0606|0606|CNY|127.730000|1||1|9999|450|51001|21052|LD|00|LD1809890001|LD1809890001||1001334||20180701|20180702||40_INPUTTER|40_INPUTTER|||1|20180702|51001|3203|ST|21052|
50110101|PL.50000.1112.3049..........CN0010606|||184811060744677.010001|0606|0606|CNY|-0.340000|0||1|1|380|50000|1112|IC|||1060602000006578||1004091|||20180702||48_INPUTTER|48_INPUTTER|||1|20180702|50000|3049||1112|
59010103|PL.51001.21052.3203.ST.02001.SECU.00......CN0010606|51001|ACC|184812980344525.030001|0606|0606|CNY|127.730000|1||1|9999|450|51001|21052|LD|00|LD1809890001|LD1809890001||1001334||20180702|20180702||44_INPUTTER|44_INPUTTER|||1|20180702|51001|3203|ST|21052|
59010202|PL.51001.21053.3107.MT.02104.SECU.00......CN0010606|51001|ACC|184431704771266.200001|0606|0606|CNY|44.060000|1||1|1|450|51001|21053|LD|00|LD1730491930|LD1730491930||1002713||20180701|20180702||37_INPUTTER|37_INPUTTER|||1|20180702|51001|3107|MT|21053|
500105|PL.51500.21060.3101.ST.03002..00......CN0010606|51500|ACC|184432704671266.130001|0606|0606|CNY|188.940000|1||1|1|450|51500|21060|LD|00|LD1811894077|LD1811894077||1003317||20180701|20180702||40_INPUTTER|40_INPUTTER|||1|20180702|51500|3101|ST|21060|
500105|PL.51500.21060.3063.ST.03002..00......CN0010606|51500|ACC|184433041371266.320001|0606|0606|CNY|1305.560000|1||1|1|450|51500|21060|LD|00|LD1813130320|LD1813130320||1004437||20180701|20180702||42_INPUTTER|42_INPUTTER|||1|20180702|51500|3063|ST|21060|
500105|PL.51500.21060.3063.ST.03002..00......CN0010606|51500|ACC|184810040244527.060001|0606|0606|CNY|1305.550000|1||1|1|450|51500|21060|LD|00|LD1813130320|LD1813130320||1004437||20180702|20180702||45_INPUTTER|45_INPUTTER|||1|20180702|51500|3063|ST|21060|
501104|PL.50000.6122.1002..........CN0010606|||184810387444668.050001|0606|0606|CNY|-21.330000|0||1|9999|380|50000|6122|IC|||1060606000002397||1000315|||20180702||46_INPUTTER|46_INPUTTER|||1|20180702|50000|1002||6122|
501102|PL.50000.6131.3201..........CN0010606|||184810724044666.070001|0606|0606|CNY|-116.670000|0||1|1|380|50000|6131|IC|||1060607000002264||1002506|||20180702||47_INPUTTER|47_INPUTTER|||1|20180702|50000|3201||6131|
59010202|PL.51001.21053.3107.MT.02104.SECU.00......CN0010606|51001|ACC|184811975244524.000001|0606|0606|CNY|44.060000|1||1|1|450|51001|21053|LD|00|LD1730491930|LD1730491930||1002713||20180702|20180702||41_INPUTTER|41_INPUTTER|||1|20180702|51001|3107|MT|21053|
500105|PL.51500.21060.3101.ST.03002..00......CN0010606|51500|ACC|184812311944530.000001|0606|0606|CNY|188.940000|1||1|1|450|51500|21060|LD|00|LD1811894077|LD1811894077||1003317||20180702|20180702||42_INPUTTER|42_INPUTTER|||1|20180702|51500|3101|ST|21060|
50110101|PL.50000.1112.3109..........CN0010607|||184812311944673.040001|0606|0607|CNY|-0.010000|0||1|9999|380|50000|1112|IC|||1060702000001511||1001421|||20180702||42_INPUTTER|42_INPUTTER|||1|20180702|50000|3109||1112|
501104|PL.50000.6122.1002..........CN0010606|||184810387444662.080001|0606|0606|CNY|-21.340000|0||1|9999|380|50000|6122|IC|||1060606000000818||1000445|||20180702||46_INPUTTER|46_INPUTTER|||1|20180702|50000|1002||6122|
50110101|PL.50000.1112.3204..........CN0010606|||184811060744676.090001|0606|0606|CNY|-0.010000|0||1|9999|380|50000|1112|IC|||1060602000002987||1000979|||20180702||48_INPUTTER|48_INPUTTER|||1|20180702|50000|3204||1112|
50110101|PL.50000.1131.3063..........CN0010606|||184812648944672.000001|0606|0606|USD|-0.010000|0|6.616600|1|9999|380|50000|1131|IC|||1060603000002013||1001076|||20180702||43_INPUTTER|43_INPUTTER|||1|20180702|50000|3063||1131|
50010103|PL.51001.21052.3101.ST.02001.UNSECU.00......CN0010606|51001|ACC|184432704671265.300001|0606|0606|CNY|846.830000|1||1|1|450|51001|21052|LD|00|LD1811503588|LD1811503588||1002632||20180701|20180702||40_INPUTTER|40_INPUTTER|||1|20180702|51001|3101|ST|21052|
50010103|PL.51001.21052.3101.ST.02001.UNSECU.00......CN0010606|51001|ACC|184811397744529.000001|0606|0606|CNY|846.840000|1||1|1|450|51001|21052|LD|00|LD1811503588|LD1811503588||1002632||20180702|20180702||49_INPUTTER|49_INPUTTER|||1|20180702|51001|3101|ST|21052|
50110101|PL.50000.1112.3050..........CN0010606|||184811643444678.030001|0606|0606|CNY|-0.180000|0||1|9999|380|50000|1112|IC|||1060602000000995||1000956|||20180702||36_INPUTTER|36_INPUTTER|||1|20180702|50000|3050||1112|
50010103|PL.51001.21056.3107.ST.02401.UNSECU.00......CN0010606|51001|ACC|184432036271266.010001|0606|0606|CNY|4490.610000|1||1|1|450|51001|21056|LD|00|LD1734174039|LD1734174039||1002146||20180701|20180702||38_INPUTTER|38_INPUTTER|||1|20180702|51001|3107|ST|21056|
501102|PL.50000.6131.3203..........CN0010606|||184810724044668.060001|0606|0606|CNY|-89.340000|0||1|9999|380|50000|6131|IC|||1060607000000741||1001212|||20180702||47_INPUTTER|47_INPUTTER|||1|20180702|50000|3203||6131|
50010103|PL.51001.21056.3107.ST.02401.UNSECU.00......CN0010606|51001|ACC|184812311944519.020001|0606|0606|CNY|4490.600000|1||1|1|450|51001|21056|LD|00|LD1734174039|LD1734174039||1002146||20180702|20180702||42_INPUTTER|42_INPUTTER|||1|20180702|51001|3107|ST|21056|
501103|PL.50000.1101.1001..........CN0010606|||184812980344663.010001|0606|0606|USD|-0.010000|0|6.616600|1|9999|380|50000|1101|IC|||1060601000010374||1000705|||20180702||44_INPUTTER|44_INPUTTER|||1|20180702|50000|1001||1101|
501102|PL.50000.6131.3203..........CN0010606|||184810387444672.060001|0606|0606|CNY|-100.000000|0||1|9999|380|50000|6131|IC|||1060607000000644||1001343|||20180702||46_INPUTTER|46_INPUTTER|||1|20180702|50000|3203||6131|
50110101|PL.50000.1112.3049..........CN0010606|||184812311944679.010001|0606|0606|CNY|-0.010000|0||1|1|380|50000|1112|IC|||1060602000003797||1002378|||20180702||42_INPUTTER|42_INPUTTER|||1|20180702|50000|3049||1112|
59010202|PL.51001.21053.3050.MT.02102.SECU.00......CN0010606|51001|ACC|184431704771267.110001|0606|0606|CNY|174.120000|1||1|9999|450|51001|21053|LD|00|LD1428200032|LD1428200032||1001063||20180701|20180702||37_INPUTTER|37_INPUTTER|||1|20180702|51001|3050|MT|21053|
59010202|PL.51001.21053.3064.MT.02104.SECU.00......CN0010606|51001|ACC|184432704671267.110001|0606|0606|CNY|257.920000|1||1|9999|450|51001|21053|LD|00|LD1428200024|LD1428200024||1000084||20180701|20180702||40_INPUTTER|40_INPUTTER|||1|20180702|51001|3064|MT|21053|
59010202|PL.51001.21053.3064.MT.02104.SECU.00......CN0010606|51001|ACC|184811397744531.040001|0606|0606|CNY|257.920000|1||1|9999|450|51001|21053|LD|00|LD1428200024|LD1428200024||1000084||20180702|20180702||49_INPUTTER|49_INPUTTER|||1|20180702|51001|3064|MT|21053|
59010202|PL.51001.21053.3050.MT.02102.SECU.00......CN0010606|51001|ACC|184812311944531.040001|0606|0606|CNY|174.120000|1||1|9999|450|51001|21053|LD|00|LD1428200032|LD1428200032||1001063||20180702|20180702||42_INPUTTER|42_INPUTTER|||1|20180702|51001|3050|MT|21053|
59010203|PL.51001.21056.3204.MT.02401.SECU.00......CN0010606|51001|ACC|184430096371265.200001|0606|0606|CNY|82.580000|1||1|1|450|51001|21056|LD|00|LD1702576241|LD1702576241||1002725||20180701|20180702||43_INPUTTER|43_INPUTTER|||1|20180702|51001|3204|MT|21056|
501102|PL.50000.6131.3203..........CN0010606|||184810387444672.020001|0606|0606|CNY|-214.980000|0||1|9999|380|50000|6131|IC|||1060607000000555||1000317|||20180702||46_INPUTTER|46_INPUTTER|||1|20180702|50000|3203||6131|
501104|PL.50000.6122.1002..........CN0010606|||184810387444694.030001|0606|0606|CNY|-21.330000|0||1|9999|380|50000|6122|IC|||1060606000000303||1000315|||20180702||46_INPUTTER|46_INPUTTER|||1|20180702|50000|1002||6122|
50110101|PL.50000.1112.3203..........CN0010606|||184811060744677.000001|0606|0606|CNY|-15.140000|0||1|1|380|50000|1112|IC|||1060602000006462||1003676|||20180702||48_INPUTTER|48_INPUTTER|||1|20180702|50000|3203||1112|
59010203|PL.51001.21056.3204.MT.02401.SECU.00......CN0010606|51001|ACC|184811397744525.000001|0606|0606|CNY|82.580000|1||1|1|450|51001|21056|LD|00|LD1702576241|LD1702576241||1002725||20180702|20180702||49_INPUTTER|49_INPUTTER|||1|20180702|51001|3204|MT|21056|
50110101|PL.50000.1112.3201..........CN0010606|||184811643444677.020001|0606|0606|CNY|-30.230000|0||1|9999|380|50000|1112|IC|||1060602000000286||1001142|||20180702||36_INPUTTER|36_INPUTTER|||1|20180702|50000|3201||1112|
50010202|PL.51001.21053.3049.MT.02102.UNSECU.00......CN0010608|51001|ACC|184430433071266.110001|0608|0608|CNY|65.950000|1||1|1|450|51001|21053|LD|00|LD1715306360|LD1715306360||1002957||20180701|20180702||44_INPUTTER|44_INPUTTER|||1|20180702|51001|3049|MT|21053|
50010202|PL.51001.21053.3049.MT.02102.UNSECU.00......CN0010608|51001|ACC|184810724044526.030001|0608|0608|CNY|65.940000|1||1|1|450|51001|21053|LD|00|LD1715306360|LD1715306360||1002957||20180702|20180702||47_INPUTTER|47_INPUTTER|||1|20180702|51001|3049|MT|21053|
59010203|PL.51001.21056.3204.MT.02401.SECU.00......CN0010606|51001|ACC|184430096371266.040001|0606|0606|CNY|103.220000|1||1|1|450|51001|21056|LD|00|LD1710425568|LD1710425568||1002725||20180701|20180702||43_INPUTTER|43_INPUTTER|||1|20180702|51001|3204|MT|21056|
59010203|PL.51001.21056.3204.MT.02401.SECU.00......CN0010606|51001|ACC|184811397744526.020001|0606|0606|CNY|103.230000|1||1|1|450|51001|21056|LD|00|LD1710425568|LD1710425568||1002725||20180702|20180702||49_INPUTTER|49_INPUTTER|||1|20180702|51001|3204|MT|21056|
50110101|PL.50000.1112.3107..........CN0010607|||184812311944674.010001|0606|0607|CNY|-0.160000|0||1|1|380|50000|1112|IC|||1060702000005096||1003292|||20180702||42_INPUTTER|42_INPUTTER|||1|20180702|50000|3107||1112|
50010202|PL.51001.21053.3201.MT.02102.UNSECU.00......CN0010608|51001|ACC|184431367771267.010001|0608|0608|CNY|316.820000|1||1|1|450|51001|21053|LD|00|LD1727173460|LD1727173460||1003785||20180701|20180702||35_INPUTTER|35_INPUTTER|||1|20180702|51001|3201|MT|21053|
50110101|PL.50000.1112.3203..........CN0010609|||184810040244665.010001|0606|0609|CNY|-12.970000|0||1|1|380|50000|1112|IC|||1060902000006091||1003841|||20180702||45_INPUTTER|45_INPUTTER|||1|20180702|50000|3203||1112|
50010202|PL.51001.21053.3201.MT.02102.UNSECU.00......CN0010608|51001|ACC|184810724044528.010001|0608|0608|CNY|316.820000|1||1|1|450|51001|21053|LD|00|LD1727173460|LD1727173460||1003785||20180702|20180702||47_INPUTTER|47_INPUTTER|||1|20180702|51001|3201|MT|21053|
501104|PL.50000.6122.1002..........CN0010606|||184810387444661.040001|0606|0606|CNY|-10.670000|0||1|9999|380|50000|6122|IC|||1060606000000688||1000445|||20180702||46_INPUTTER|46_INPUTTER|||1|20180702|50000|1002||6122|
501104|PL.50000.6122.1002..........CN0010606|||184810387444662.070001|0606|0606|CNY|-21.330000|0||1|9999|380|50000|6122|IC|||1060606000000788||1000445|||20180702||46_INPUTTER|46_INPUTTER|||1|20180702|50000|1002||6122|
50110101|PL.50000.1112.3050..........CN0010611|||184810040244667.060001|0611|0611|CNY|-0.050000|0||1|1|380|50000|1112|IC|||1061102000005815||1003737|||20180702||45_INPUTTER|45_INPUTTER|||1|20180702|50000|3050||1112|
501103|PL.50000.1102.1002..........CN0010606|||184811397744662.010001|0606|0606|CNY|-0.010000|0||1|9999|380|50000|1102|IC|||1060601000009198||1000547|||20180702||49_INPUTTER|49_INPUTTER|||1|20180702|50000|1002||1102|
50110101|PL.50000.1112.3063..........CN0010606|||184812311944678.000001|0606|0606|CNY|-0.010000|0||1|9999|380|50000|1112|IC|||1060602000000437||1000918|||20180702||42_INPUTTER|42_INPUTTER|||1|20180702|50000|3063||1112|
59010203|PL.51001.21056.3204.MT.02401.SECU.00......CN0010606|51001|ACC|184430096371266.080001|0606|0606|CNY|82.580000|1||1|1|450|51001|21056|LD|00|LD1713500707|LD1713500707||1002725||20180701|20180702||43_INPUTTER|43_INPUTTER|||1|20180702|51001|3204|MT|21056|
50120701|PL.50001.21032.7001....00......CN0010611|50001|ACC|184430096371278.040001|0611|0611|CNY|-11088.890000|0||1|1|450|50001|21032|MMI|00|MM1811700012;2|MM1811700012||9999999|||20180702||43_INPUTTER|43_INPUTTER|||1|20180702|50001|7001||21032|
59010202|PL.51001.21053.3107.MT.02104.SECU.00......CN0010606|51001|ACC|184432036271266.110001|0606|0606|CNY|1209.650000|1||1|1|450|51001|21053|LD|00|LD1735690753|LD1735690753||1002713||20180701|20180702||38_INPUTTER|38_INPUTTER|||1|20180702|51001|3107|MT|21053|
59010203|PL.51001.21056.3204.MT.02401.SECU.00......CN0010606|51001|ACC|184810387444528.020001|0606|0606|CNY|82.580000|1||1|1|450|51001|21056|LD|00|LD1713500707|LD1713500707||1002725||20180702|20180702||46_INPUTTER|46_INPUTTER|||1|20180702|51001|3204|MT|21056|
501103|PL.50000.1101.1002..........CN0010606|||184810724044664.000001|0606|0606|USD|-0.020000|0|6.616600|1|9999|380|50000|1101|IC|||1060601000008728||1000405|||20180702||47_INPUTTER|47_INPUTTER|||1|20180702|50000|1002||1101|
50120701|PL.50001.21032.7001....00......CN0010611|50001|ACC|184811060744554.000001|0611|0611|CNY|-11088.890000|0||1|1|450|50001|21032|MMI|00|MM1811700012;2|MM1811700012||9999999|||20180702||48_INPUTTER|48_INPUTTER|||1|20180702|50001|7001||21032|
59010202|PL.51001.21053.3107.MT.02104.SECU.00......CN0010606|51001|ACC|184812311944520.050001|0606|0606|CNY|1209.650000|1||1|1|450|51001|21053|LD|00|LD1735690753|LD1735690753||1002713||20180702|20180702||42_INPUTTER|42_INPUTTER|||1|20180702|51001|3107|MT|21053|
59010103|PL.51001.21052.3063.ST.02001.SECU.00......CN0010606|51001|ACC|184430096371266.130001|0606|0606|CNY|1111.670000|1||1|9999|450|51001|21052|LD|00|LD1723694066|LD1723694066||1001054||20180701|20180702||43_INPUTTER|43_INPUTTER|||1|20180702|51001|3063|ST|21052|
59010103|PL.51001.21052.3063.ST.02001.SECU.00......CN0010606|51001|ACC|184811643444523.020001|0606|0606|CNY|1111.660000|1||1|9999|450|51001|21052|LD|00|LD1723694066|LD1723694066||1001054||20180702|20180702||36_INPUTTER|36_INPUTTER|||1|20180702|51001|3063|ST|21052|
501104|PL.50000.6121.1002..........CN0010606|||184810387444690.090001|0606|0606|CNY|-13.890000|0||1|9999|380|50000|6121|IC|||1060606000002861||1000137|||20180702||46_INPUTTER|46_INPUTTER|||1|20180702|50000|1002||6121|
501102|PL.50000.6131.3203..........CN0010606|||184810387444671.090001|0606|0606|CNY|-72.800000|0||1|9999|380|50000|6131|IC|||1060607000000318||1000317|||20180702||46_INPUTTER|46_INPUTTER|||1|20180702|50000|3203||6131|
50110101|PL.50000.1112.3050..........CN0010606|||184811060744679.070001|0606|0606|CNY|-0.580000|0||1|9999|380|50000|1112|IC|||1060602000000178||1001063|||20180702||48_INPUTTER|48_INPUTTER|||1|20180702|50000|3050||1112|
50010103|PL.51001.21052.3204.ST.02001.UNSECU.00......CN0010606|51001|ACC|184432372871266.180001|0606|0606|CNY|156.320000|1||1|1|450|51001|21052|LD|00|LD1807209011|LD1807209011||1002725||20180701|20180702||39_INPUTTER|39_INPUTTER|||1|20180702|51001|3204|ST|21052|
50010103|PL.51001.21052.3204.ST.02001.UNSECU.00......CN0010606|51001|ACC|184812311944528.050001|0606|0606|CNY|156.330000|1||1|1|450|51001|21052|LD|00|LD1807209011|LD1807209011||1002725||20180702|20180702||42_INPUTTER|42_INPUTTER|||1|20180702|51001|3204|ST|21052|
501102|PL.50000.6131.3203..........CN0010606|||184810387444670.040001|0606|0606|CNY|-151.980000|0||1|9999|380|50000|6131|IC|||1060607000002221||1001182|||20180702||46_INPUTTER|46_INPUTTER|||1|20180702|50000|3203||6131|
50110101|PL.50000.1112.3107..........CN0010611|||184810040244668.040001|0611|0611|CNY|-0.050000|0||1|1|380|50000|1112|IC|||1061102000007249||1004083|||20180702||45_INPUTTER|45_INPUTTER|||1|20180702|50000|3107||1112|
50110101|PL.50000.1113.3107..........CN0010606|||184811060744675.100001|0606|0606|CNY|-198.580000|0||1|1|380|50000|1113|IC|||1060602000004575||1002761|||20180702||48_INPUTTER|48_INPUTTER|||1|20180702|50000|3107||1113|
50110101|PL.50000.1112.3107..........CN0010608|||184812311944676.040001|0608|0608|CNY|-28.750000|0||1|1|380|50000|1112|IC|||1060802000007198||1004037|||20180702||42_INPUTTER|42_INPUTTER|||1|20180702|50000|3107||1112|
50010103|PL.51001.21052.3201.ST.02001.UNSECU.00......CN0010606|51001|ACC|184430769771266.080001|0606|0606|CNY|694.790000|1||1|9999|450|51001|21052|LD|00|LD1726570750|LD1726570750||1000972||20180701|20180702||45_INPUTTER|45_INPUTTER|||1|20180702|51001|3201|ST|21052|
50010202|PL.51001.21053.3109.MT.02104.UNSECU.00......CN0010606|51001|ACC|184431704771266.020001|0606|0606|CNY|118.230000|1||1|1|450|51001|21053|LD|00|LD1727330807|LD1727330807||1003509||20180701|20180702||37_INPUTTER|37_INPUTTER|||1|20180702|51001|3109|MT|21053|
50010103|PL.51001.21052.3201.ST.02001.UNSECU.00......CN0010606|51001|ACC|184431704771266.170001|0606|0606|CNY|694.790000|1||1|9999|450|51001|21052|LD|00|LD1730097406|LD1730097406||1000972||20180701|20180702||37_INPUTTER|37_INPUTTER|||1|20180702|51001|3201|ST|21052|
500105|PL.51500.21060.3107.ST.03002..00......CN0010611|51500|ACC|184432704671265.050001|0611|0611|CNY|172.170000|1||1|1|450|51500|21060|LD|00|LD1809309422|LD1809309422||1003089||20180701|20180702||40_INPUTTER|40_INPUTTER|||1|20180702|51500|3107|ST|21060|
50010103|PL.51001.21052.3201.ST.02001.UNSECU.00......CN0010606|51001|ACC|184811397744526.060001|0606|0606|CNY|694.790000|1||1|9999|450|51001|21052|LD|00|LD1726570750|LD1726570750||1000972||20180702|20180702||49_INPUTTER|49_INPUTTER|||1|20180702|51001|3201|ST|21052|
50010202|PL.51001.21053.3109.MT.02104.UNSECU.00......CN0010606|51001|ACC|184811975244522.010001|0606|0606|CNY|118.230000|1||1|1|450|51001|21053|LD|00|LD1727330807|LD1727330807||1003509||20180702|20180702||41_INPUTTER|41_INPUTTER|||1|20180702|51001|3109|MT|21053|
50010103|PL.51001.21052.3201.ST.02001.UNSECU.00......CN0010606|51001|ACC|184811975244523.070001|0606|0606|CNY|694.790000|1||1|9999|450|51001|21052|LD|00|LD1730097406|LD1730097406||1000972||20180702|20180702||41_INPUTTER|41_INPUTTER|||1|20180702|51001|3201|ST|21052|
500105|PL.51500.21060.3107.ST.03002..00......CN0010611|51500|ACC|184812980344524.090001|0611|0611|CNY|172.170000|1||1|1|450|51500|21060|LD|00|LD1809309422|LD1809309422||1003089||20180702|20180702||44_INPUTTER|44_INPUTTER|||1|20180702|51500|3107|ST|21060|
501103|PL.50000.1101.1002..........CN0010607|||184810724044663.010001|0606|0607|CNY|-0.020000|0||1|9999|380|50000|1101|IC|||1060701000007572||1002131|||20180702||47_INPUTTER|47_INPUTTER|||1|20180702|50000|1002||1101|
50110101|PL.50000.1112.3064..........CN0010606|||184811060744674.050001|0606|0606|CNY|-0.240000|0||1|9999|380|50000|1112|IC|||1060602000003102||1001019|||20180702||48_INPUTTER|48_INPUTTER|||1|20180702|50000|3064||1112|
50110101|PL.50000.1112.3203..........CN0010606|||184811060744676.080001|0606|0606|CNY|-5.670000|0||1|1|380|50000|1112|IC|||1060602000006454||1003675|||20180702||48_INPUTTER|48_INPUTTER|||1|20180702|50000|3203||1112|
59010202|PL.51001.21054.3204.MT.02201.SECU.00......CN0010606|51001|ACC|184430096371267.100001|0606|0606|CNY|173.440000|1||1|9999|450|51001|21054|LD|00|LD1617265707|LD1617265707||1001031||20180701|20180702||43_INPUTTER|43_INPUTTER|||1|20180702|51001|3204|MT|21054|
50110101|PL.50000.1112.3106..........CN0010606|||184811060744678.000001|0606|0606|CNY|-0.020000|0||1|9999|380|50000|1112|IC|||1060602000000839||1001172|||20180702||48_INPUTTER|48_INPUTTER|||1|20180702|50000|3106||1112|
501103|PL.50000.1101.1002..........CN0010609|||184811975244662.030001|0606|0609|CNY|-0.020000|0||1|9999|380|50000|1101|IC|||1060901000006753||1000714|||20180702||41_INPUTTER|41_INPUTTER|||1|20180702|50000|1002||1101|
59010202|PL.51001.21054.3204.MT.02201.SECU.00......CN0010606|51001|ACC|184812311944530.040001|0606|0606|CNY|173.430000|1||1|9999|450|51001|21054|LD|00|LD1617265707|LD1617265707||1001031||20180702|20180702||42_INPUTTER|42_INPUTTER|||1|20180702|51001|3204|MT|21054|
59010202|PL.51001.21053.3107.MT.02104.SECU.00......CN0010606|51001|ACC|184430769771267.080001|0606|0606|CNY|876.050000|1||1|1|450|51001|21053|LD|00|LD1802410086|LD1802410086||1002713||20180701|20180702||45_INPUTTER|45_INPUTTER|||1|20180702|51001|3107|MT|21053|
501102|PL.50000.6151.3109..........CN0010607|||184810724044671.000001|0606|0607|USD|-122.220000|0|6.616600|1|1|380|50000|6151|IC|||1060708000000343||1004114|||20180702||47_INPUTTER|47_INPUTTER|||1|20180702|50000|3109||6151|
501104|PL.50000.6122.1002..........CN0010606|||184811643444695.020001|0606|0606|CNY|-21.330000|0||1|9999|380|50000|6122|IC|||1060606000000494||1000438|||20180702||36_INPUTTER|36_INPUTTER|||1|20180702|50000|1002||6122|
59010202|PL.51001.21053.3107.MT.02104.SECU.00......CN0010606|51001|ACC|184812311944521.030001|0606|0606|CNY|876.040000|1||1|1|450|51001|21053|LD|00|LD1802410086|LD1802410086||1002713||20180702|20180702||42_INPUTTER|42_INPUTTER|||1|20180702|51001|3107|MT|21053|
500203|PL.51001.21073.2153.MT.04001.UNSECU.00......CN0010606|51001|ACC|184430096371265.000001|0606|0606|USD|387.480000|1|6.616600|1|9999|450|51001|21073|LD|00|LD1630270553|LD1630270553||1001302||20180701|20180702||43_INPUTTER|43_INPUTTER|||1|20180702|51001|2153|MT|21073|
59010203|PL.51001.21056.3203.MT.02401.SECU.00......CN0010606|51001|ACC|184432372871265.030001|0606|0606|CNY|3801.930000|1||1|1|450|51001|21056|LD|00|LD1803677150|LD1803677150||1003777||20180701|20180702||39_INPUTTER|39_INPUTTER|||1|20180702|51001|3203|MT|21056|
500203|PL.51001.21073.2153.MT.04001.UNSECU.00......CN0010606|51001|ACC|184810040244519.010001|0606|0606|USD|387.480000|1|6.616600|1|9999|450|51001|21073|LD|00|LD1630270553|LD1630270553||1001302||20180702|20180702||45_INPUTTER|45_INPUTTER|||1|20180702|51001|2153|MT|21073|
59010203|PL.51001.21056.3203.MT.02401.SECU.00......CN0010606|51001|ACC|184812648944525.030001|0606|0606|CNY|3801.930000|1||1|1|450|51001|21056|LD|00|LD1803677150|LD1803677150||1003777||20180702|20180702||43_INPUTTER|43_INPUTTER|||1|20180702|51001|3203|MT|21056|
59010103|PL.51001.21052.3050.ST.02001.SECU.00......CN0010606|51001|ACC|184430096371265.090001|0606|0606|CNY|2640.210000|1||1|9999|450|51001|21052|LD|00|LD1817335257|LD1817335257||1001118||20180701|20180702||43_INPUTTER|43_INPUTTER|||1|20180702|51001|3050|ST|21052|
59010203|PL.51001.21056.3203.MT.02401.SECU.00......CN0010606|51001|ACC|184430433071266.060001|0606|0606|CNY|509.430000|1||1|9999|450|51001|21056|LD|00|LD1711166127|LD1711166127||1002139||20180701|20180702||44_INPUTTER|44_INPUTTER|||1|20180702|51001|3203|MT|21056|
50010202|PL.51001.21053.3109.MT.02104.UNSECU.00......CN0010606|51001|ACC|184431704771266.090001|0606|0606|CNY|278.900000|1||1|1|450|51001|21053|LD|00|LD1729295350|LD1729295350||1003509||20180701|20180702||37_INPUTTER|37_INPUTTER|||1|20180702|51001|3109|MT|21053|
59010103|PL.51001.21052.3050.ST.02001.SECU.00......CN0010606|51001|ACC|184810387444527.010001|0606|0606|CNY|2640.210000|1||1|9999|450|51001|21052|LD|00|LD1817335257|LD1817335257||1001118||20180702|20180702||46_INPUTTER|46_INPUTTER|||1|20180702|51001|3050|ST|21052|
59010203|PL.51001.21056.3203.MT.02401.SECU.00......CN0010606|51001|ACC|184810724044526.010001|0606|0606|CNY|509.430000|1||1|9999|450|51001|21056|LD|00|LD1711166127|LD1711166127||1002139||20180702|20180702||47_INPUTTER|47_INPUTTER|||1|20180702|51001|3203|MT|21056|
50010202|PL.51001.21053.3109.MT.02104.UNSECU.00......CN0010606|51001|ACC|184811975244522.080001|0606|0606|CNY|278.900000|1||1|1|450|51001|21053|LD|00|LD1729295350|LD1729295350||1003509||20180702|20180702||41_INPUTTER|41_INPUTTER|||1|20180702|51001|3109|MT|21053|
50010101|PL.51001.21055.3063.ST.02304.UNSECU.00......CN0010606|51001|ACC|184432372871266.240001|0606|0606|USD|8.300000|1|6.616600|1|9999|450|51001|21055|LD|00|LD1807309244|LD1807309244||1001150||20180701|20180702||39_INPUTTER|39_INPUTTER|||1|20180702|51001|3063|ST|21055|
50010101|PL.51001.21055.3063.ST.02304.UNSECU.00......CN0010606|51001|ACC|184811975244534.000001|0606|0606|USD|8.300000|1|6.616600|1|9999|450|51001|21055|LD|00|LD1807309244|LD1807309244||1001150||20180702|20180702||41_INPUTTER|41_INPUTTER|||1|20180702|51001|3063|ST|21055|
500203|PL.51001.21073.2157.ST.04001.UNSECU.00......CN0010606|51001|ACC|184432704671266.170001|0606|0606|CNY|22350.000000|1||1|1|450|51001|21073|LD|00|LD1812403956|LD1812403956||1003522||20180701|20180702||40_INPUTTER|40_INPUTTER|||1|20180702|51001|2157|ST|21073|
59010103|PL.51001.21052.3064.ST.02001.SECU.00......CN0010606|51001|ACC|184433041371265.120001|0606|0606|CNY|810.790000|1||1|9999|450|51001|21052|LD|00|LD1815277729|LD1815277729||1001004||20180701|20180702||42_INPUTTER|42_INPUTTER|||1|20180702|51001|3064|ST|21052|
59010103|PL.51001.21052.3064.ST.02001.SECU.00......CN0010606|51001|ACC|184810040244521.090001|0606|0606|CNY|810.790000|1||1|9999|450|51001|21052|LD|00|LD1815277729|LD1815277729||1001004||20180702|20180702||45_INPUTTER|45_INPUTTER|||1|20180702|51001|3064|ST|21052|
501104|PL.50000.6122.1002..........CN0010606|||184810387444693.060001|0606|0606|CNY|-21.330000|0||1|9999|380|50000|6122|IC|||1060606000000222||1000315|||20180702||46_INPUTTER|46_INPUTTER|||1|20180702|50000|1002||6122|
501104|PL.50000.6122.1002..........CN0010606|||184811643444696.000001|0606|0606|CNY|-21.330000|0||1|9999|380|50000|6122|IC|||1060606000000508||1000438|||20180702||36_INPUTTER|36_INPUTTER|||1|20180702|50000|1002||6122|
500203|PL.51001.21073.2157.ST.04001.UNSECU.00......CN0010606|51001|ACC|184812311944531.070001|0606|0606|CNY|22350.000000|1||1|1|450|51001|21073|LD|00|LD1812403956|LD1812403956||1003522||20180702|20180702||42_INPUTTER|42_INPUTTER|||1|20180702|51001|2157|ST|21073|
501103|PL.50000.1101.1002..........CN0010606|||184812311944658.000001|0606|0606|CNY|-0.010000|0||1|9999|380|50000|1101|IC|||1060601000003998||1000368|||20180702||42_INPUTTER|42_INPUTTER|||1|20180702|50000|1002||1101|
59010103|PL.51001.21052.3203.ST.02001.SECU.00......CN0010606|51001|ACC|184431367771267.020001|0606|0606|CNY|126.120000|1||1|1|450|51001|21052|LD|00|LD1813878390|LD1813878390||1003902||20180701|20180702||35_INPUTTER|35_INPUTTER|||1|20180702|51001|3203|ST|21052|
59010103|PL.51001.21052.3203.ST.02001.SECU.00......CN0010606|51001|ACC|184810387444528.040001|0606|0606|CNY|126.120000|1||1|1|450|51001|21052|LD|00|LD1813878390|LD1813878390||1003902||20180702|20180702||46_INPUTTER|46_INPUTTER|||1|20180702|51001|3203|ST|21052|
501102|PL.50000.6151.3203..........CN0010608|||184810724044671.020001|0608|0608|USD|-4.810000|0|6.616600|1|9999|380|50000|6151|IC|||1060808000000337||1000967|||20180702||47_INPUTTER|47_INPUTTER|||1|20180702|50000|3203||6151|
50110101|PL.50000.1113.3203..........CN0010606|||184811060744672.000001|0606|0606|CNY|-127.670000|0||1|1|380|50000|1113|IC|||1060602000006478||1003675|||20180702||48_INPUTTER|48_INPUTTER|||1|20180702|50000|3203||1113|
50110101|PL.50000.1112.3107..........CN0010607|||184812311944674.030001|0606|0607|CNY|-1.980000|0||1|1|380|50000|1112|IC|||1060702000005436||1003324|||20180702||42_INPUTTER|42_INPUTTER|||1|20180702|50000|3107||1112|
501102|PL.50000.6131.3203..........CN0010606|||184810724044666.020001|0606|0606|CNY|-100.000000|0||1|9999|380|50000|6131|IC|||1060607000001942||1001036|||20180702||47_INPUTTER|47_INPUTTER|||1|20180702|50000|3203||6131|
59010202|PL.51001.21053.3064.MT.02104.SECU.00......CN0010606|51001|ACC|184430433071267.090001|0606|0606|CNY|33.950000|1||1|9999|450|51001|21053|LD|00|LD1428200028|LD1428200028||1000084||20180701|20180702||44_INPUTTER|44_INPUTTER|||1|20180702|51001|3064|MT|21053|
50010103|PL.51001.21052.3049.ST.02001.UNSECU.00......CN0010608|51001|ACC|184430769771267.100001|0608|0608|CNY|1025.540000|1||1|1|450|51001|21052|LD|00|LD1802518229|LD1802518229||1002955||20180701|20180702||45_INPUTTER|45_INPUTTER|||1|20180702|51001|3049|ST|21052|
50110101|PL.50000.1131.3107..........CN0010606|||184810040244671.010001|0606|0606|USD|-0.010000|0|6.616600|1|9999|380|50000|1131|IC|||1060603000000107||1001269|||20180702||45_INPUTTER|45_INPUTTER|||1|20180702|50000|3107||1131|
501103|PL.50000.1101.1002..........CN0010606|||184810387444659.020001|0606|0606|CNY|-0.010000|0||1|9999|380|50000|1101|IC|||1060601000004331||1000880|||20180702||46_INPUTTER|46_INPUTTER|||1|20180702|50000|1002||1101|
501104|PL.50000.6122.1002..........CN0010606|||184810387444666.050001|0606|0606|CNY|-18.240000|0||1|9999|380|50000|6122|IC|||1060606000002028||1000470|||20180702||46_INPUTTER|46_INPUTTER|||1|20180702|50000|1002||6122|
50110101|PL.50000.1113.3107..........CN0010606|||184811060744670.010001|0606|0606|CNY|-3.020000|0||1|1|380|50000|1113|IC|||1060602000004184||1002270|||20180702||48_INPUTTER|48_INPUTTER|||1|20180702|50000|3107||1113|
50010103|PL.51001.21052.3049.ST.02001.UNSECU.00......CN0010608|51001|ACC|184812311944521.050001|0608|0608|CNY|1025.540000|1||1|1|450|51001|21052|LD|00|LD1802518229|LD1802518229||1002955||20180702|20180702||42_INPUTTER|42_INPUTTER|||1|20180702|51001|3049|ST|21052|
59010202|PL.51001.21053.3064.MT.02104.SECU.00......CN0010606|51001|ACC|184812648944531.000001|0606|0606|CNY|33.950000|1||1|9999|450|51001|21053|LD|00|LD1428200028|LD1428200028||1000084||20180702|20180702||43_INPUTTER|43_INPUTTER|||1|20180702|51001|3064|MT|21053|
50110101|PL.50000.1131.3109..........CN0010606|||184812648944680.030001|0606|0606|USD|-0.010000|0|6.616600|1|9999|380|50000|1131|IC|||1060603000002269||1000934|||20180702||43_INPUTTER|43_INPUTTER|||1|20180702|50000|3109||1131|
50010103|PL.51001.21052.3201.ST.02001.UNSECU.00......CN0010606|51001|ACC|184431367771267.080001|0606|0606|CNY|664.580000|1||1|9999|450|51001|21052|LD|00|LD1814281725|LD1814281725||1000972||20180701|20180702||35_INPUTTER|35_INPUTTER|||1|20180702|51001|3201|ST|21052|
59010103|PL.51001.21052.3203.ST.02001.SECU.00......CN0010606|51001|ACC|184433041371266.000001|0606|0606|CNY|169.330000|1||1|9999|450|51001|21052|LD|00|LD1816222218|LD1816222218||1001334||20180701|20180702||42_INPUTTER|42_INPUTTER|||1|20180702|51001|3203|ST|21052|
59010103|PL.51001.21052.3203.ST.02001.SECU.00......CN0010606|51001|ACC|184810040244522.060001|0606|0606|CNY|169.330000|1||1|9999|450|51001|21052|LD|00|LD1816222218|LD1816222218||1001334||20180702|20180702||45_INPUTTER|45_INPUTTER|||1|20180702|51001|3203|ST|21052|
50010103|PL.51001.21052.3201.ST.02001.UNSECU.00......CN0010606|51001|ACC|184810387444529.030001|0606|0606|CNY|664.590000|1||1|9999|450|51001|21052|LD|00|LD1814281725|LD1814281725||1000972||20180702|20180702||46_INPUTTER|46_INPUTTER|||1|20180702|51001|3201|ST|21052|
500105|PL.51500.21060.3203.ST.03002..00......CN0010611|51500|ACC|184432704671265.270001|0611|0611|CNY|554.000000|1||1|1|450|51500|21060|LD|00|LD1811076940|LD1811076940||1004358||20180701|20180702||40_INPUTTER|40_INPUTTER|||1|20180702|51500|3203|ST|21060|
50110101|PL.50000.1112.3063..........CN0010611|||184810040244668.060001|0611|0611|CNY|-0.210000|0||1|1|380|50000|1112|IC|||1061102000007605||1004582|||20180702||45_INPUTTER|45_INPUTTER|||1|20180702|50000|3063||1112|
501104|PL.50000.6122.1002..........CN0010606|||184810387444691.060001|0606|0606|CNY|-87.370000|0||1|9999|380|50000|6122|IC|||1060606000000842||1000249|||20180702||46_INPUTTER|46_INPUTTER|||1|20180702|50000|1002||6122|
500105|PL.51500.21060.3203.ST.03002..00......CN0010611|51500|ACC|184811397744528.100001|0611|0611|CNY|553.990000|1||1|1|450|51500|21060|LD|00|LD1811076940|LD1811076940||1004358||20180702|20180702||49_INPUTTER|49_INPUTTER|||1|20180702|51500|3203|ST|21060|
50010202|PL.51001.21053.3049.MT.02102.UNSECU.00......CN0010608|51001|ACC|184430433071266.140001|0608|0608|CNY|84.790000|1||1|1|450|51001|21053|LD|00|LD1715391907|LD1715391907||1002955||20180701|20180702||44_INPUTTER|44_INPUTTER|||1|20180702|51001|3049|MT|21053|
50010202|PL.51001.21053.3049.MT.02102.UNSECU.00......CN0010608|51001|ACC|184810724044527.020001|0608|0608|CNY|84.790000|1||1|1|450|51001|21053|LD|00|LD1715391907|LD1715391907||1002955||20180702|20180702||47_INPUTTER|47_INPUTTER|||1|20180702|51001|3049|MT|21053|
50110101|PL.50000.1112.3203..........CN0010607|||184812311944674.090001|0606|0607|CNY|-1175.090000|0||1|1|380|50000|1112|IC|||1060702000006866||1003914|||20180702||42_INPUTTER|42_INPUTTER|||1|20180702|50000|3203||1112|
50110101|PL.50000.1112.3107..........CN0010606|||184812311944678.020001|0606|0606|CNY|-0.130000|0||1|9999|380|50000|1112|IC|||1060602000000499||1000909|||20180702||42_INPUTTER|42_INPUTTER|||1|20180702|50000|3107||1112|
501104|PL.50000.6122.1002..........CN0010606|||184812648944696.000001|0606|0606|CNY|-21.330000|0||1|9999|380|50000|6122|IC|||1060606000000567||1000438|||20180702||43_INPUTTER|43_INPUTTER|||1|20180702|50000|1002||6122|
59010202|PL.51001.21053.3203.MT.02199.SECU.00......CN0010606|51001|ACC|184431704771266.000001|0606|0606|CNY|895.850000|1||1|1|450|51001|21053|LD|00|LD1727202908|LD1727202908||1003675||20180701|20180702||37_INPUTTER|37_INPUTTER|||1|20180702|51001|3203|MT|21053|
50110101|PL.50000.1113.3109..........CN0010606|||184811060744671.090001|0606|0606|CNY|-14.440000|0||1|1|380|50000|1113|IC|||1060602000005997||1003509|||20180702||48_INPUTTER|48_INPUTTER|||1|20180702|50000|3109||1113|
59010202|PL.51001.21053.3203.MT.02199.SECU.00......CN0010606|51001|ACC|184811975244521.030001|0606|0606|CNY|895.850000|1||1|1|450|51001|21053|LD|00|LD1727202908|LD1727202908||1003675||20180702|20180702||41_INPUTTER|41_INPUTTER|||1|20180702|51001|3203|MT|21053|
501104|PL.50000.6121.1002..........CN0010606|||184810387444688.010001|0606|0606|CNY|-160.630000|0||1|9999|380|50000|6121|IC|||1060606000001156||1000175|||20180702||46_INPUTTER|46_INPUTTER|||1|20180702|50000|1002||6121|
50010103|PL.51001.21052.3203.ST.02001.UNSECU.00......CN0010606|51001|ACC|184432372871266.040001|0606|0606|CNY|353.570000|1||1|9999|450|51001|21052|LD|00|LD1806061420|LD1806061420||1001182||20180701|20180702||39_INPUTTER|39_INPUTTER|||1|20180702|51001|3203|ST|21052|
59010103|PL.51001.21052.3064.ST.02001.SECU.00......CN0010606|51001|ACC|184433041371265.090001|0606|0606|CNY|1023.460000|1||1|9999|450|51001|21052|LD|00|LD1815206270|LD1815206270||1001004||20180701|20180702||42_INPUTTER|42_INPUTTER|||1|20180702|51001|3064|ST|21052|
59010103|PL.51001.21052.3064.ST.02001.SECU.00......CN0010606|51001|ACC|184810040244521.060001|0606|0606|CNY|1023.460000|1||1|9999|450|51001|21052|LD|00|LD1815206270|LD1815206270||1001004||20180702|20180702||45_INPUTTER|45_INPUTTER|||1|20180702|51001|3064|ST|21052|
50010103|PL.51001.21052.3203.ST.02001.UNSECU.00......CN0010606|51001|ACC|184812311944527.020001|0606|0606|CNY|353.570000|1||1|9999|450|51001|21052|LD|00|LD1806061420|LD1806061420||1001182||20180702|20180702||42_INPUTTER|42_INPUTTER|||1|20180702|51001|3203|ST|21052|
59010103|PL.51001.21052.3064.ST.02001.SECU.00......CN0010606|51001|ACC|184433041371265.100001|0606|0606|CNY|2405.790000|1||1|9999|450|51001|21052|LD|00|LD1815230114|LD1815230114||1001004||20180701|20180702||42_INPUTTER|42_INPUTTER|||1|20180702|51001|3064|ST|21052|
59010103|PL.51001.21052.3064.ST.02001.SECU.00......CN0010606|51001|ACC|184810040244521.070001|0606|0606|CNY|2405.790000|1||1|9999|450|51001|21052|LD|00|LD1815230114|LD1815230114||1001004||20180702|20180702||45_INPUTTER|45_INPUTTER|||1|20180702|51001|3064|ST|21052|
50110101|PL.50000.1112.3203..........CN0010607|||184812311944674.060001|0606|0607|CNY|-0.020000|0||1|1|380|50000|1112|IC|||1060702000006386||1003865|||20180702||42_INPUTTER|42_INPUTTER|||1|20180702|50000|3203||1112|
50110101|PL.50000.1129.3901..........CN0010609|||184810040244670.010001|0606|0609|CNY|-0.910000|0||1|9999|380|50000|1129|IC|||1060902600000078||1001386|||20180702||45_INPUTTER|45_INPUTTER|||1|20180702|50000|3901||1129|
50010103|PL.51001.21052.3050.ST.02001.UNSECU.00......CN0010606|51001|ACC|184432372871266.210001|0606|0606|CNY|633.170000|1||1|1|450|51001|21052|LD|00|LD1807290513|LD1807290513||1003917||20180701|20180702||39_INPUTTER|39_INPUTTER|||1|20180702|51001|3050|ST|21052|
50010103|PL.51001.21052.3050.ST.02001.UNSECU.00......CN0010606|51001|ACC|184811975244528.040001|0606|0606|CNY|633.160000|1||1|1|450|51001|21052|LD|00|LD1807290513|LD1807290513||1003917||20180702|20180702||41_INPUTTER|41_INPUTTER|||1|20180702|51001|3050|ST|21052|
50110101|PL.50000.1112.3063..........CN0010606|||184812980344678.070001|0606|0606|CNY|-1.680000|0||1|9999|380|50000|1112|IC|||1060602000002866||1001280|||20180702||44_INPUTTER|44_INPUTTER|||1|20180702|50000|3063||1112|
501103|PL.50000.1101.1002..........CN0010608|||184811975244662.010001|0608|0608|CNY|-162.990000|0||1|1|380|50000|1101|IC|||1060801000012856||1004338|||20180702||41_INPUTTER|41_INPUTTER|||1|20180702|50000|1002||1101|
501104|PL.50000.6122.1002..........CN0010606|||184810387444662.060001|0606|0606|CNY|-2.660000|0||1|9999|380|50000|6122|IC|||1060606000000777||1000445|||20180702||46_INPUTTER|46_INPUTTER|||1|20180702|50000|1002||6122|
501102|PL.50000.6131.3063..........CN0010606|||184810724044670.030001|0606|0606|CNY|-3636.110000|0||1|1|380|50000|6131|IC|||1060607000003015||1002172|||20180702||47_INPUTTER|47_INPUTTER|||1|20180702|50000|3063||6131|
50110101|PL.50000.1112.3063..........CN0010606|||184811643444677.010001|0606|0606|CNY|-0.010000|0||1|9999|380|50000|1112|IC|||1060602000000278||1001263|||20180702||36_INPUTTER|36_INPUTTER|||1|20180702|50000|3063||1112|
50010202|PL.51001.21053.3049.MT.02102.UNSECU.00......CN0010608|51001|ACC|184430769771267.070001|0608|0608|CNY|14.290000|1||1|1|450|51001|21053|LD|00|LD1802239426|LD1802239426||1002957||20180701|20180702||45_INPUTTER|45_INPUTTER|||1|20180702|51001|3049|MT|21053|
59010103|PL.51001.21052.3063.ST.02001.SECU.00......CN0010606|51001|ACC|184432036271266.120001|0606|0606|CNY|145.340000|1||1|1|450|51001|21052|LD|00|LD1736040530|LD1736040530||1002675||20180701|20180702||38_INPUTTER|38_INPUTTER|||1|20180702|51001|3063|ST|21052|
501104|PL.50000.6121.1002..........CN0010607|||184810387444689.030001|0606|0607|CNY|-538.770000|0||1|9999|380|50000|6121|IC|||1060706000001517||1000178|||20180702||46_INPUTTER|46_INPUTTER|||1|20180702|50000|1002||6121|
50110101|PL.50000.1112.3063..........CN0010606|||184811643444678.000001|0606|0606|CNY|-0.040000|0||1|9999|380|50000|1112|IC|||1060602000000405||1001224|||20180702||36_INPUTTER|36_INPUTTER|||1|20180702|50000|3063||1112|
59010103|PL.51001.21052.3063.ST.02001.SECU.00......CN0010606|51001|ACC|184812311944520.060001|0606|0606|CNY|145.350000|1||1|1|450|51001|21052|LD|00|LD1736040530|LD1736040530||1002675||20180702|20180702||42_INPUTTER|42_INPUTTER|||1|20180702|51001|3063|ST|21052|
50010202|PL.51001.21053.3049.MT.02102.UNSECU.00......CN0010608|51001|ACC|184812311944521.020001|0608|0608|CNY|14.280000|1||1|1|450|51001|21053|LD|00|LD1802239426|LD1802239426||1002957||20180702|20180702||42_INPUTTER|42_INPUTTER|||1|20180702|51001|3049|MT|21053|
500105|PL.51500.21060.3063.ST.03002..00......CN0010606|51500|ACC|184431031071266.050001|0606|0606|CNY|1361.110000|1||1|1|450|51500|21060|LD|00|LD1802935862|LD1802935862||1004372||20180701|20180702||34_INPUTTER|34_INPUTTER|||1|20180702|51500|3063|ST|21060|
50110101|PL.50000.1112.3049..........CN0010611|||184810040244666.080001|0611|0611|CNY|-0.140000|0||1|9999|380|50000|1112|IC|||1061102000004983||1000989|||20180702||45_INPUTTER|45_INPUTTER|||1|20180702|50000|3049||1112|
500105|PL.51500.21060.3063.ST.03002..00......CN0010606|51500|ACC|184811397744527.040001|0606|0606|CNY|1361.110000|1||1|1|450|51500|21060|LD|00|LD1802935862|LD1802935862||1004372||20180702|20180702||49_INPUTTER|49_INPUTTER|||1|20180702|51500|3063|ST|21060|
50110101|PL.50000.1112.3203..........CN0010606|||184812311944671.050001|0606|0606|CNY|-0.010000|0||1|1|380|50000|1112|IC|||1060602000007485||1004375|||20180702||42_INPUTTER|42_INPUTTER|||1|20180702|50000|3203||1112|
501104|PL.50000.6122.1002..........CN0010606|||184810387444666.010001|0606|0606|CNY|-5.340000|0||1|9999|380|50000|6122|IC|||1060606000001897||1000342|||20180702||46_INPUTTER|46_INPUTTER|||1|20180702|50000|1002||6122|
501102|PL.50000.6131.3203..........CN0010606|||184810724044666.030001|0606|0606|CNY|-333.010000|0||1|9999|380|50000|6131|IC|||1060607000002019||1001234|||20180702||47_INPUTTER|47_INPUTTER|||1|20180702|50000|3203||6131|
59010202|PL.51001.21053.3203.MT.02199.SECU.00......CN0010606|51001|ACC|184431704771266.010001|0606|0606|CNY|2750.410000|1||1|1|450|51001|21053|LD|00|LD1727211486|LD1727211486||1003676||20180701|20180702||37_INPUTTER|37_INPUTTER|||1|20180702|51001|3203|MT|21053|
50010202|PL.51001.21053.3049.MT.02102.UNSECU.00......CN0010608|51001|ACC|184432704671264.080001|0608|0608|CNY|74.150000|1||1|1|450|51001|21053|LD|00|LD1808287473|LD1808287473||1002957||20180701|20180702||40_INPUTTER|40_INPUTTER|||1|20180702|51001|3049|MT|21053|
50010101|PL.51001.21055.3063.ST.02304.UNSECU.00......CN0010606|51001|ACC|184432704671266.320001|0606|0606|USD|124.310000|1|6.616600|1|9999|450|51001|21055|LD|00|LD1813418319|LD1813418319||1001150||20180701|20180702||40_INPUTTER|40_INPUTTER|||1|20180702|51001|3063|ST|21055|
50010101|PL.51001.21055.3063.ST.02304.UNSECU.00......CN0010606|51001|ACC|184810040244529.000001|0606|0606|USD|124.310000|1|6.616600|1|9999|450|51001|21055|LD|00|LD1813418319|LD1813418319||1001150||20180702|20180702||45_INPUTTER|45_INPUTTER|||1|20180702|51001|3063|ST|21055|
50110101|PL.50000.1112.3063..........CN0010606|||184811060744677.050001|0606|0606|CNY|-0.210000|0||1|9999|380|50000|1112|IC|||1060602000000747||1001381|||20180702||48_INPUTTER|48_INPUTTER|||1|20180702|50000|3063||1112|
59010202|PL.51001.21053.3203.MT.02199.SECU.00......CN0010606|51001|ACC|184811975244522.000001|0606|0606|CNY|2750.410000|1||1|1|450|51001|21053|LD|00|LD1727211486|LD1727211486||1003676||20180702|20180702||41_INPUTTER|41_INPUTTER|||1|20180702|51001|3203|MT|21053|
50010202|PL.51001.21053.3049.MT.02102.UNSECU.00......CN0010608|51001|ACC|184812980344524.020001|0608|0608|CNY|74.140000|1||1|1|450|51001|21053|LD|00|LD1808287473|LD1808287473||1002957||20180702|20180702||44_INPUTTER|44_INPUTTER|||1|20180702|51001|3049|MT|21053|
50010103|PL.51001.21052.3049.ST.02001.UNSECU.00......CN0010606|51001|ACC|184430433071267.020001|0606|0606|CNY|746.760000|1||1|1|450|51001|21052|LD|00|LD1733514511|LD1733514511||1003771||20180701|20180702||44_INPUTTER|44_INPUTTER|||1|20180702|51001|3049|ST|21052|
50110101|PL.50000.1112.3203..........CN0010613|||184810040244669.070001|0606|0613|CNY|-1321.260000|0||1|1|380|50000|1112|IC|||1061302000006705||1003777|||20180702||45_INPUTTER|45_INPUTTER|||1|20180702|50000|3203||1112|
50010103|PL.51001.21052.3049.ST.02001.UNSECU.00......CN0010606|51001|ACC|184811397744527.000001|0606|0606|CNY|746.760000|1||1|1|450|51001|21052|LD|00|LD1733514511|LD1733514511||1003771||20180702|20180702||49_INPUTTER|49_INPUTTER|||1|20180702|51001|3049|ST|21052|
50110101|PL.50000.1112.3203..........CN0010607|||184812311944673.030001|0606|0607|CNY|-0.600000|0||1|9999|380|50000|1112|IC|||1060702000001497||1001434|||20180702||42_INPUTTER|42_INPUTTER|||1|20180702|50000|3203||1112|
59010203|PL.51001.21056.3107.MT.02401.SECU.00......CN0010606|51001|ACC|184430433071265.020001|0606|0606|CNY|1812.310000|1||1|1|450|51001|21056|LD|00|LD1634429206|LD1634429206||1002146||20180701|20180702||44_INPUTTER|44_INPUTTER|||1|20180702|51001|3107|MT|21056|
501104|PL.50000.6122.1002..........CN0010606|||184810387444668.020001|0606|0606|CNY|-3.670000|0||1|9999|380|50000|6122|IC|||1060606000002306||1000342|||20180702||46_INPUTTER|46_INPUTTER|||1|20180702|50000|1002||6122|
59010203|PL.51001.21056.3107.MT.02401.SECU.00......CN0010606|51001|ACC|184811060744519.000001|0606|0606|CNY|1812.310000|1||1|1|450|51001|21056|LD|00|LD1634429206|LD1634429206||1002146||20180702|20180702||48_INPUTTER|48_INPUTTER|||1|20180702|51001|3107|MT|21056|
501103|PL.50000.1101.1002..........CN0010606|||184812311944659.020001|0606|0606|CNY|-0.010000|0||1|9999|380|50000|1101|IC|||1060601000004088||1000326|||20180702||42_INPUTTER|42_INPUTTER|||1|20180702|50000|1002||1101|
50010103|PL.51001.21052.3203.ST.02001.UNSECU.00......CN0010606|51001|ACC|184430769771267.040001|0606|0606|CNY|1389.580000|1||1|9999|450|51001|21052|LD|00|LD1732173706|LD1732173706||1001210||20180701|20180702||45_INPUTTER|45_INPUTTER|||1|20180702|51001|3203|ST|21052|
501102|PL.50000.6131.3203..........CN0010606|||184810724044666.040001|0606|0606|CNY|-330.000000|0||1|9999|380|50000|6131|IC|||1060607000002167||1001234|||20180702||47_INPUTTER|47_INPUTTER|||1|20180702|50000|3203||6131|
50110101|PL.50000.1112.3203..........CN0010606|||184811060744676.030001|0606|0606|CNY|-2.650000|0||1|1|380|50000|1112|IC|||1060602000005199||1002159|||20180702||48_INPUTTER|48_INPUTTER|||1|20180702|50000|3203||1112|
50110101|PL.50000.1112.3203..........CN0010606|||184811060744678.060001|0606|0606|CNY|-1.100000|0||1|9999|380|50000|1112|IC|||1060602000001088||1002136|||20180702||48_INPUTTER|48_INPUTTER|||1|20180702|50000|3203||1112|
50010103|PL.51001.21052.3203.ST.02001.UNSECU.00......CN0010606|51001|ACC|184811975244525.010001|0606|0606|CNY|1389.590000|1||1|9999|450|51001|21052|LD|00|LD1732173706|LD1732173706||1001210||20180702|20180702||41_INPUTTER|41_INPUTTER|||1|20180702|51001|3203|ST|21052|
50010101|PL.51001.21055.3201.ST.02304.UNSECU.00......CN0010606|51001|ACC|184433041371266.140001|0606|0606|USD|121.510000|1|6.616600|1|1|450|51001|21055|LD|00|LD1816446799|LD1816446799||1004420||20180701|20180702||42_INPUTTER|42_INPUTTER|||1|20180702|51001|3201|ST|21055|
50010101|PL.51001.21055.3201.ST.02304.UNSECU.00......CN0010606|51001|ACC|184810040244526.000001|0606|0606|USD|121.510000|1|6.616600|1|1|450|51001|21055|LD|00|LD1816446799|LD1816446799||1004420||20180702|20180702||45_INPUTTER|45_INPUTTER|||1|20180702|51001|3201|ST|21055|
501104|PL.50000.6122.1002..........CN0010606|||184810387444662.050001|0606|0606|CNY|-21.340000|0||1|9999|380|50000|6122|IC|||1060606000000761||1000445|||20180702||46_INPUTTER|46_INPUTTER|||1|20180702|50000|1002||6122|
50010103|PL.51001.21052.3049.ST.02001.UNSECU.00......CN0010608|51001|ACC|184430096371265.100001|0608|0608|CNY|34.940000|1||1|1|450|51001|21052|LD|00|LD1817352498|LD1817352498||1002955||20180701|20180702||43_INPUTTER|43_INPUTTER|||1|20180702|51001|3049|ST|21052|
50010103|PL.51001.21052.3049.ST.02001.UNSECU.00......CN0010608|51001|ACC|184810387444527.020001|0608|0608|CNY|34.940000|1||1|1|450|51001|21052|LD|00|LD1817352498|LD1817352498||1002955||20180702|20180702||46_INPUTTER|46_INPUTTER|||1|20180702|51001|3049|ST|21052|
500105|PL.51500.21060.3107.ST.03002..00......CN0010611|51500|ACC|184432704671265.030001|0611|0611|CNY|768.680000|1||1|1|450|51500|21060|LD|00|LD1809300768|LD1809300768||1003089||20180701|20180702||40_INPUTTER|40_INPUTTER|||1|20180702|51500|3107|ST|21060|
501104|PL.50000.6122.1002..........CN0010606|||184810387444664.010001|0606|0606|CNY|-21.340000|0||1|9999|380|50000|6122|IC|||1060606000001679||1000753|||20180702||46_INPUTTER|46_INPUTTER|||1|20180702|50000|1002||6122|
501102|PL.50000.6131.3203..........CN0010606|||184810724044665.020001|0606|0606|CNY|-214.980000|0||1|9999|380|50000|6131|IC|||1060607000000679||1000317|||20180702||47_INPUTTER|47_INPUTTER|||1|20180702|50000|3203||6131|
500105|PL.51500.21060.3107.ST.03002..00......CN0010611|51500|ACC|184812980344524.070001|0611|0611|CNY|768.670000|1||1|1|450|51500|21060|LD|00|LD1809300768|LD1809300768||1003089||20180702|20180702||44_INPUTTER|44_INPUTTER|||1|20180702|51500|3107|ST|21060|
500105|PL.51500.21060.3063.ST.03002..00......CN0010611|51500|ACC|184430096371265.050001|0611|0611|CNY|13.890000|1||1|1|450|51500|21060|LD|00|LD1817183779|LD1817183779||1003314||20180701|20180702||43_INPUTTER|43_INPUTTER|||1|20180702|51500|3063|ST|21060|
59010202|PL.51001.21056.3112.MT.02402.SECU.00......CN0010606|51001|ACC|184431367771266.000001|0606|0606|CNY|89.320000|1||1|9999|450|51001|21056|LD|00|LD1623846074|LD1623846074||1001372||20180701|20180702||35_INPUTTER|35_INPUTTER|||1|20180702|51001|3112|MT|21056|
50110101|PL.50000.1112.3203..........CN0010609|||184810040244663.090001|0606|0609|CNY|-0.370000|0||1|1|380|50000|1112|IC|||1060902000003602||1002273|||20180702||45_INPUTTER|45_INPUTTER|||1|20180702|50000|3203||1112|
500105|PL.51500.21060.3063.ST.03002..00......CN0010611|51500|ACC|184810387444526.020001|0611|0611|CNY|13.890000|1||1|1|450|51500|21060|LD|00|LD1817183779|LD1817183779||1003314||20180702|20180702||46_INPUTTER|46_INPUTTER|||1|20180702|51500|3063|ST|21060|
59010202|PL.51001.21056.3112.MT.02402.SECU.00......CN0010606|51001|ACC|184811643444521.000001|0606|0606|CNY|89.310000|1||1|9999|450|51001|21056|LD|00|LD1623846074|LD1623846074||1001372||20180702|20180702||36_INPUTTER|36_INPUTTER|||1|20180702|51001|3112|MT|21056|
50110101|PL.50000.1112.3049..........CN0010606|||184812311944671.020001|0606|0606|CNY|-0.090000|0||1|1|380|50000|1112|IC|||1060602000007035||1004129|||20180702||42_INPUTTER|42_INPUTTER|||1|20180702|50000|3049||1112|
50110101|PL.50000.1112.3049..........CN0010607|||184812311944675.000001|0606|0607|CNY|-0.010000|0||1|1|380|50000|1112|IC|||1060702000006998||1004087|||20180702||42_INPUTTER|42_INPUTTER|||1|20180702|50000|3049||1112|
50110101|PL.50000.1112.3201..........CN0010606|||184811060744675.060001|0606|0606|CNY|-0.310000|0||1|1|380|50000|1112|IC|||1060602000004068||1002506|||20180702||48_INPUTTER|48_INPUTTER|||1|20180702|50000|3201||1112|
920306|PL.53000.20000.....31......CN0010688|||184810724044855.020001|0688|0688|JPY|611699.000000|1|0.059914|1|1|303|53000|20000|RV|31||JPYCNY1401631010688||0|||20180702||47_INPUTTER|47_INPUTTER|||1|20180702|53000|||20000|
920306|PL.53000.20000.....31......CN0010688|||184810724044859.010002|0688|0688|JPY|-611699.000000|0|0.059914|1|1|303|53000|20000|RV|31||JPYCNY1401631010688||0|||20180702||47_INPUTTER|47_INPUTTER|||1|20180702|53000|||20000|
50110101|PL.50000.1115.3107..........CN0010606|||184811060744676.020001|0606|0606|CNY|-123.730000|0||1|1|380|50000|1115|IC|||1060602000005067||1002713|||20180702||48_INPUTTER|48_INPUTTER|||1|20180702|50000|3107||1115|
501103|PL.50000.1101.1002..........CN0010606|||184812311944659.030001|0606|0606|USD|-0.180000|0|6.616600|1|9999|380|50000|1101|IC|||1060601000001189||1000426|||20180702||42_INPUTTER|42_INPUTTER|||1|20180702|50000|1002||1101|
50110101|PL.50000.1112.3203..........CN0010606|||184811060744671.060001|0606|0606|CNY|-0.100000|0||1|1|380|50000|1112|IC|||1060602000005652||1003658|||20180702||48_INPUTTER|48_INPUTTER|||1|20180702|50000|3203||1112|
50110101|PL.50000.1112.3203..........CN0010609|||184810040244664.090001|0606|0609|CNY|-4.510000|0||1|1|380|50000|1112|IC|||1060902000005494||1003569|||20180702||45_INPUTTER|45_INPUTTER|||1|20180702|50000|3203||1112|
501104|PL.50000.6122.1002..........CN0010606|||184430096371277.010001|0606|0606|CNY|-21.340000|0||1|9999|380|50000|6122|IC|||1060606000002071||1000753|||20180702||43_INPUTTER|43_INPUTTER|||1|20180702|50000|1002||6122|
59010203|PL.51001.21056.3204.MT.02401.SECU.00......CN0010606|51001|ACC|184430769771266.050001|0606|0606|CNY|82.580000|1||1|1|450|51001|21056|LD|00|LD1722756864|LD1722756864||1002725||20180701|20180702||45_INPUTTER|45_INPUTTER|||1|20180702|51001|3204|MT|21056|
501104|PL.50000.6122.1002..........CN0010606|||184810387444667.000001|0606|0606|CNY|-18.240000|0||1|9999|380|50000|6122|IC|||1060606000002071||1000753|||20180702||46_INPUTTER|46_INPUTTER|||1|20180702|50000|1002||6122|
50110101|PL.50000.1112.3107..........CN0010606|||184811060744671.020001|0606|0606|CNY|-0.050000|0||1|1|380|50000|1112|IC|||1060602000004826||1002713|||20180702||48_INPUTTER|48_INPUTTER|||1|20180702|50000|3107||1112|
59010203|PL.51001.21056.3204.MT.02401.SECU.00......CN0010606|51001|ACC|184811643444522.020001|0606|0606|CNY|82.580000|1||1|1|450|51001|21056|LD|00|LD1722756864|LD1722756864||1002725||20180702|20180702||36_INPUTTER|36_INPUTTER|||1|20180702|51001|3204|MT|21056|
501103|PL.50000.1101.1002..........CN0010608|||184811975244662.000001|0608|0608|CNY|-0.050000|0||1|9999|380|50000|1101|IC|||1060801000006694||1001376|||20180702||41_INPUTTER|41_INPUTTER|||1|20180702|50000|1002||1101|
59010203|PL.51001.21056.3203.MT.02401.SECU.00......CN0010606|51001|ACC|184430433071266.100001|0606|0606|CNY|713.790000|1||1|9999|450|51001|21056|LD|00|LD1712569285|LD1712569285||1002139||20180701|20180702||44_INPUTTER|44_INPUTTER|||1|20180702|51001|3203|MT|21056|
50010302|PL.51001.21056.3061.LT.02402.UNSECU.00......CN0010606|51001|ACC|184432704671265.010001|0606|0606|CNY|4185.830000|1||1|1|450|51001|21056|LD|00|LD1808900593|LD1808900593||1004257||20180701|20180702||40_INPUTTER|40_INPUTTER|||1|20180702|51001|3061|LT|21056|
50110101|PL.50000.1112.3109..........CN0010609|||184810040244662.000001|0606|0609|CNY|-2.930000|0||1|9999|380|50000|1112|IC|||1060902000002061||1000913|||20180702||45_INPUTTER|45_INPUTTER|||1|20180702|50000|3109||1112|
59010203|PL.51001.21056.3203.MT.02401.SECU.00......CN0010606|51001|ACC|184811060744528.020001|0606|0606|CNY|713.800000|1||1|9999|450|51001|21056|LD|00|LD1712569285|LD1712569285||1002139||20180702|20180702||48_INPUTTER|48_INPUTTER|||1|20180702|51001|3203|MT|21056|
50110101|PL.50000.1112.3109..........CN0010606|||184811060744678.020001|0606|0606|CNY|-0.190000|0||1|9999|380|50000|1112|IC|||1060602000000855||1001400|||20180702||48_INPUTTER|48_INPUTTER|||1|20180702|50000|3109||1112|
50110101|PL.50000.1131.3109..........CN0010609|||184811643444676.000001|0606|0609|USD|-1.830000|0|6.616600|1|9999|380|50000|1131|IC|||1060903000001727||1000913|||20180702||36_INPUTTER|36_INPUTTER|||1|20180702|50000|3109||1131|
50010302|PL.51001.21056.3061.LT.02402.UNSECU.00......CN0010606|51001|ACC|184812980344524.050001|0606|0606|CNY|4185.840000|1||1|1|450|51001|21056|LD|00|LD1808900593|LD1808900593||1004257||20180702|20180702||44_INPUTTER|44_INPUTTER|||1|20180702|51001|3061|LT|21056|
59010202|PL.51001.21053.3203.MT.02199.SECU.00......CN0010606|51001|ACC|184431031071267.100001|0606|0606|CNY|2597.660000|1||1|9999|450|51001|21053|LD|00|LD1428200050|LD1428200050||1001315||20180701|20180702||34_INPUTTER|34_INPUTTER|||1|20180702|51001|3203|MT|21053|
50010103|PL.51001.21052.3201.ST.02001.UNSECU.00......CN0010606|51001|ACC|184432704671266.250001|0606|0606|CNY|664.580000|1||1|9999|450|51001|21052|LD|00|LD1813030764|LD1813030764||1000972||20180701|20180702||40_INPUTTER|40_INPUTTER|||1|20180702|51001|3201|ST|21052|
50110101|PL.50000.1112.3050..........CN0010609|||184810040244665.050001|0606|0609|CNY|-136.430000|0||1|1|380|50000|1112|IC|||1060902000007047||1004251|||20180702||45_INPUTTER|45_INPUTTER|||1|20180702|50000|3050||1112|
50010103|PL.51001.21052.3201.ST.02001.UNSECU.00......CN0010606|51001|ACC|184811060744530.080001|0606|0606|CNY|664.590000|1||1|9999|450|51001|21052|LD|00|LD1813030764|LD1813030764||1000972||20180702|20180702||48_INPUTTER|48_INPUTTER|||1|20180702|51001|3201|ST|21052|
59010202|PL.51001.21053.3203.MT.02199.SECU.00......CN0010606|51001|ACC|184812311944530.060001|0606|0606|CNY|2597.650000|1||1|9999|450|51001|21053|LD|00|LD1428200050|LD1428200050||1001315||20180702|20180702||42_INPUTTER|42_INPUTTER|||1|20180702|51001|3203|MT|21053|
50010103|PL.51001.21052.3201.ST.02001.UNSECU.00......CN0010606|51001|ACC|184431704771267.060001|0606|0606|CNY|725.000000|1||1|9999|450|51001|21052|LD|00|LD1732634056|LD1732634056||1000972||20180701|20180702||37_INPUTTER|37_INPUTTER|||1|20180702|51001|3201|ST|21052|
59010103|PL.51001.21052.3064.ST.02001.SECU.00......CN0010606|51001|ACC|184433041371265.080001|0606|0606|CNY|3625.000000|1||1|9999|450|51001|21052|LD|00|LD1815203772|LD1815203772||1001004||20180701|20180702||42_INPUTTER|42_INPUTTER|||1|20180702|51001|3064|ST|21052|
59010103|PL.51001.21052.3064.ST.02001.SECU.00......CN0010606|51001|ACC|184810040244521.050001|0606|0606|CNY|3625.000000|1||1|9999|450|51001|21052|LD|00|LD1815203772|LD1815203772||1001004||20180702|20180702||45_INPUTTER|45_INPUTTER|||1|20180702|51001|3064|ST|21052|
50110501|PL.50000.6111.3063..........CN0010607|||184811643444679.060001|0606|0607|CNY|-900.000000|0||1|1|380|50000|6111|IC|||1060705000002347||1003458|||20180702||36_INPUTTER|36_INPUTTER|||1|20180702|50000|3063||6111|
50010103|PL.51001.21052.3201.ST.02001.UNSECU.00......CN0010606|51001|ACC|184811975244525.070001|0606|0606|CNY|725.000000|1||1|9999|450|51001|21052|LD|00|LD1732634056|LD1732634056||1000972||20180702|20180702||41_INPUTTER|41_INPUTTER|||1|20180702|51001|3201|ST|21052|
